Date,Ship_Type,Engine_Type,Speed_Over_Ground_knots,Distance_Traveled_nm,Cargo_Weight_tons,Average_Load_Percentage,Engine_Power_kW,Draft_meters,Weather_Condition,Seasonal_Impact_Score,Route_Type,Maintenance_Status,Weekly_Voyage_Count,Efficiency_nm_per_kWh,Operational_Cost_USD,Revenue_per_Voyage_USD,Turnaround_Time_hours
2023-01-01,Bulk Carrier,Diesel,18.3106,1521.0689,4180.802,57.0251,2114.9948,4.1858,Moderate,0.1988,Long-haul,Good,6,0.4602,5578.66,24211.33,98.3563
2023-01-02,Container Ship,Steam Turbine,21.401,806.8485,2070.0529,89.3921,2743.249,7.7536,Calm,0.9731,Short-haul,Good,4,0.35,4327.3,15874.65,43.9398
2023-01-03,Fish Carrier,Steam Turbine,11.1906,707.7147,673.6081,79.9626,1721.5301,6.5913,Calm,0.2095,Coastal,Good,3,0.8157,3224.45,10710.54,73.1171
2023-01-04,Tanker,Heavy Fuel Oil (HFO),19.7999,1729.5998,2117.1704,56.6041,3340.1472,10.1346,Calm,0.3147,Long-haul,Fair,6,0.35,6654.25,16874.28,107.7516
2023-01-05,Container Ship,Diesel,13.9981,1325.4191,7773.9905,86.568,3111.0881,5.0699,Moderate,0.16,Short-haul,Fair,6,0.8661,6810.06,36339.32,114.6236
2023-01-06,Bulk Carrier,Steam Turbine,12.7625,716.3503,2737.586,98.4538,2833.4942,7.5538,Moderate,0.1064,Short-haul,Fair,6,0.7439,4491.62,18707.59,68.12
2023-01-07,Container Ship,Steam Turbine,14.8405,334.9222,5179.0444,58.2479,2288.5994,4.5513,Rough,0.7319,Coastal,Good,7,0.6761,4081.68,24893.74,29.9236
2023-01-08,Fish Carrier,Steam Turbine,21.0048,1686.0569,1020.8098,65.5381,3218.9194,7.1604,Rough,0.2479,Transoceanic,Needs Maintenance,1,0.35,6341.91,13611.52,95.2411
2023-01-09,Bulk Carrier,Steam Turbine,8.4398,793.8998,4228.8487,84.7844,3170.6726,8.0335,Moderate,0.243,Long-haul,Good,4,0.6221,5102.9,23398.95,105.1796
2023-01-10,Bulk Carrier,Steam Turbine,18.195,1781.2443,1364.8828,55.0918,1995.3586,10.1214,Moderate,0.0754,Coastal,Good,7,0.4276,6112.19,14768.31,124.9591
2023-01-11,Bulk Carrier,Diesel,14.799,548.8693,2554.1312,59.5862,2895.3977,7.1851,Rough,0.423,Long-haul,Good,6,0.7147,4253.51,16284.5,47.2004
2023-01-12,Bulk Carrier,Steam Turbine,15.0399,1890.7118,2157.764,77.7269,2590.5952,5.6464,Calm,0.1199,Coastal,Good,5,0.8085,6280.53,17962.7,143.7563
2023-01-13,Fish Carrier,Heavy Fuel Oil (HFO),13.541,1510.5495,1688.0784,70.2057,3495.6724,10.9727,Calm,0.0733,Short-haul,Good,2,0.8281,6330.35,15593.29,127.3308
2023-01-14,Tanker,Steam Turbine,15.7644,2056.6877,6680.4898,85.8329,1135.2541,5.9723,Moderate,0.2106,Coastal,Fair,3,0.6427,6241.23,34933.96,148.1048
2023-01-15,Bulk Carrier,Diesel,12.6698,374.7213,5972.9862,75.8499,1013.2469,10.6154,Moderate,0.691,Short-haul,Good,2,0.9209,3333.58,28914.0,37.389
2023-01-16,Bulk Carrier,Heavy Fuel Oil (HFO),12.9515,1275.7554,4190.9516,58.0206,1155.0049,9.5992,Calm,0.1771,Long-haul,Fair,4,0.8895,4425.53,24098.38,110.3353
2023-01-17,Container Ship,Heavy Fuel Oil (HFO),8.5421,1088.449,7802.3011,92.9228,1324.1859,8.6202,Calm,0.3985,Coastal,Good,3,0.9361,4777.94,36336.56,146.7543
2023-01-18,Fish Carrier,Diesel,21.4755,657.4794,1839.8562,78.3415,2131.9846,6.6964,Calm,0.5766,Short-haul,Good,3,0.35,3564.75,14797.03,37.0342
2023-01-19,Container Ship,Heavy Fuel Oil (HFO),17.2874,361.7132,4461.2916,83.3465,2252.3549,5.3429,Calm,0.6649,Short-haul,Fair,4,0.6196,3579.74,23674.57,28.3511
2023-01-20,Fish Carrier,Diesel,14.1902,548.7729,1246.7884,49.6638,2143.2656,8.4306,Calm,0.3352,Short-haul,Good,7,0.8876,3447.17,12094.85,51.3787
2023-01-21,Container Ship,Diesel,18.7589,1056.374,3925.0575,66.9809,1113.1998,8.8134,Calm,0.8927,Transoceanic,Fair,7,0.5231,4103.43,22833.36,66.9726
2023-01-22,Bulk Carrier,Steam Turbine,19.2198,1501.9132,6236.5958,78.6959,2713.9671,7.5334,Calm,0.8306,Coastal,Good,5,0.35,6635.11,31535.07,91.9752
2023-01-23,Container Ship,Steam Turbine,11.8444,262.715,1899.6057,52.6106,1347.5321,8.8576,Calm,0.7064,Transoceanic,Fair,1,0.8163,2772.52,13611.17,27.7301
2023-01-24,Bulk Carrier,Steam Turbine,12.1806,918.972,6521.5467,88.9927,3213.8718,7.4176,Calm,0.2729,Coastal,Needs Maintenance,4,0.7179,5805.33,31818.71,83.6727
2023-01-25,Container Ship,Heavy Fuel Oil (HFO),16.2865,1492.2995,2830.0488,59.3086,1616.5875,7.1829,Rough,0.3375,Coastal,Needs Maintenance,4,0.5276,5412.47,18676.94,110.9443
2023-01-26,Bulk Carrier,Heavy Fuel Oil (HFO),17.1246,1683.8897,3993.1012,51.9422,2574.4848,7.9478,Calm,0.218,Coastal,Fair,6,0.5805,6038.51,22847.83,112.5012
2023-01-27,Bulk Carrier,Diesel,21.0044,1309.1731,5762.9234,77.5654,3025.6006,5.6999,Rough,0.6972,Coastal,Good,3,0.35,6164.25,29797.95,74.857
2023-01-28,Tanker,Steam Turbine,13.8808,1129.4236,2664.4792,53.4145,1193.1835,7.6522,Calm,0.6505,Short-haul,Good,5,0.8,3959.62,17761.36,103.815
2023-01-29,Fish Carrier,Heavy Fuel Oil (HFO),14.3112,1676.0002,884.8835,62.8758,2065.1398,6.4838,Rough,0.2584,Coastal,Good,3,0.6782,5201.43,12934.77,131.4981
2023-01-30,Tanker,Heavy Fuel Oil (HFO),17.0426,1130.7248,4017.5942,61.8413,2328.3556,7.3128,Moderate,0.5309,Long-haul,Fair,4,0.4737,5083.22,23026.01,88.1911
2023-01-31,Fish Carrier,Heavy Fuel Oil (HFO),18.4003,2096.8429,1837.0793,77.4273,2828.5821,8.1775,Calm,0.9805,Long-haul,Good,7,0.4115,7012.83,17179.32,125.8292
2023-02-01,Bulk Carrier,Steam Turbine,18.5391,315.4341,1840.4451,98.1024,1406.9395,10.0321,Calm,0.1141,Long-haul,Fair,1,0.4342,2779.06,14870.56,21.6733
2023-02-02,Container Ship,Steam Turbine,9.6583,1705.3312,5199.5172,69.7783,1939.6188,10.0212,Rough,0.99,Coastal,Needs Maintenance,3,0.6099,6064.22,28243.76,221.8942
2023-02-03,Fish Carrier,Steam Turbine,9.0509,105.619,1089.6533,83.8826,2668.3652,7.1782,Calm,0.6874,Long-haul,Good,3,0.6548,2868.85,10846.99,19.842
2023-02-04,Tanker,Diesel,19.5728,249.9607,3469.7003,60.8736,1048.1902,8.8207,Moderate,0.6997,Long-haul,Needs Maintenance,3,0.35,2789.78,18983.58,15.854
2023-02-05,Fish Carrier,Diesel,17.4119,665.9732,1649.3821,95.384,1208.1696,8.0973,Calm,0.6348,Coastal,Needs Maintenance,4,0.6107,3103.72,14953.8,52.3934
2023-02-06,Bulk Carrier,Diesel,21.2327,1808.4887,5125.1535,98.3602,1831.6902,7.6022,Calm,0.9881,Transoceanic,Good,6,0.35,6036.53,28883.02,95.4674
2023-02-07,Tanker,Diesel,14.1336,1566.3251,1909.6517,53.7108,2242.3492,7.8658,Calm,0.0932,Long-haul,Needs Maintenance,7,0.7665,5706.37,16264.4,141.3671
2023-02-08,Tanker,Steam Turbine,14.755,1091.6615,5073.2382,86.0461,1082.2234,4.4887,Calm,0.7727,Short-haul,Good,7,0.749,4592.21,27181.18,92.1216
2023-02-09,Tanker,Diesel,15.7268,1241.2031,4994.9703,76.4489,1353.9748,9.4288,Calm,0.0436,Transoceanic,Good,6,0.8495,4504.69,27500.41,97.815
2023-02-10,Container Ship,Heavy Fuel Oil (HFO),16.2625,1926.3707,4116.623,84.7344,1847.9401,8.5835,Rough,0.1544,Long-haul,Good,4,0.645,6072.84,25575.75,143.5278
2023-02-11,Tanker,Heavy Fuel Oil (HFO),8.5026,243.6836,4720.2294,68.8684,975.6408,8.4362,Moderate,0.8726,Transoceanic,Fair,4,0.6461,3093.71,23917.88,34.8433
2023-02-12,Bulk Carrier,Heavy Fuel Oil (HFO),15.4363,1288.4489,5309.4045,79.0841,1374.3234,10.3898,Calm,0.1431,Transoceanic,Good,4,0.7872,4854.2,27928.85,106.1675
2023-02-13,Container Ship,Diesel,12.1882,2120.2611,4578.8236,91.9335,998.6291,6.6696,Calm,0.359,Short-haul,Needs Maintenance,3,1.0062,6077.1,27499.3,220.968
2023-02-14,Fish Carrier,Diesel,18.4324,1848.9617,657.3234,57.0452,1232.3696,5.7544,Moderate,0.7556,Coastal,Needs Maintenance,7,0.35,4685.47,11969.0,125.3503
2023-02-15,Tanker,Diesel,12.1315,1669.7098,6169.2349,74.1969,3257.7635,9.8133,Moderate,0.257,Long-haul,Good,7,0.8296,7170.9,32276.92,178.3101
2023-02-16,Bulk Carrier,Heavy Fuel Oil (HFO),11.1586,1520.2798,2988.665,49.9667,1804.8088,5.8512,Rough,0.1236,Long-haul,Fair,3,0.6568,5072.32,19579.34,165.9179
2023-02-17,Container Ship,Heavy Fuel Oil (HFO),11.0991,232.7558,4388.6084,52.6877,3349.5323,6.1306,Calm,0.4926,Short-haul,Needs Maintenance,1,0.7988,4164.49,22309.19,28.2292
2023-02-18,Tanker,Steam Turbine,17.1689,1850.7555,3694.2356,56.9498,1945.1484,5.6528,Moderate,0.3627,Long-haul,Fair,6,0.3847,6305.04,22626.87,129.4522
2023-02-19,Tanker,Diesel,12.6691,2176.5239,4327.8758,77.2511,2976.5483,5.631,Moderate,0.7744,Coastal,Good,7,0.9003,7687.84,26138.8,213.3461
2023-02-20,Container Ship,Steam Turbine,20.1303,376.7868,4430.5426,59.5952,1054.9239,6.9467,Calm,0.1136,Long-haul,Good,1,0.35,3203.53,22047.67,24.2289
2023-02-21,Bulk Carrier,Steam Turbine,21.4964,227.7334,4532.8035,95.0335,905.774,4.5655,Moderate,0.6083,Short-haul,Good,1,0.35,2660.36,23858.97,17.137
2023-02-22,Tanker,Steam Turbine,14.0228,1765.5018,5170.6027,92.6021,1904.1958,10.2166,Moderate,0.4138,Transoceanic,Good,7,0.7043,6198.81,28868.37,139.1523
2023-02-23,Container Ship,Steam Turbine,9.1951,1006.9407,4253.6302,97.6144,2272.7135,8.6901,Rough,0.4108,Coastal,Good,7,0.6804,5130.61,24263.33,136.0576
2023-02-24,Fish Carrier,Steam Turbine,10.9783,1479.1462,2285.6494,86.9433,2307.48,9.6505,Calm,0.8452,Coastal,Good,7,0.8319,5275.28,18714.41,160.9458
2023-02-25,Fish Carrier,Diesel,12.9143,480.9517,755.1131,98.4496,956.9215,7.7134,Calm,0.3762,Short-haul,Needs Maintenance,4,0.8873,2558.48,10943.01,45.8632
2023-02-26,Bulk Carrier,Diesel,11.8094,1490.0713,2466.1694,51.26,1903.7582,5.9827,Calm,0.6785,Coastal,Fair,4,0.885,5180.89,17798.81,145.9566
2023-02-27,Container Ship,Diesel,8.1082,1668.7297,4009.0117,90.8345,2957.3605,4.5045,Moderate,0.8618,Short-haul,Good,1,0.7999,6739.39,24836.64,238.8115
2023-02-28,Tanker,Steam Turbine,13.6705,2129.0194,4207.243,64.9019,1922.793,4.741,Calm,0.4357,Transoceanic,Good,4,0.7315,6586.93,25238.4,177.2271
2023-03-01,Bulk Carrier,Steam Turbine,21.4151,1455.4302,1450.3844,53.4078,2825.6267,4.5275,Moderate,0.9513,Short-haul,Good,6,0.35,5679.8,13738.53,84.6038
2023-03-02,Fish Carrier,Steam Turbine,14.1909,735.9229,1269.6952,69.8553,859.2921,9.8219,Calm,0.0767,Transoceanic,Good,7,0.7947,3017.06,12061.35,64.9202
2023-03-03,Bulk Carrier,Heavy Fuel Oil (HFO),14.6588,416.8083,1840.513,84.2874,2112.7372,5.2079,Rough,0.2477,Long-haul,Good,4,0.6376,3298.87,14460.48,40.6356
2023-03-04,Fish Carrier,Heavy Fuel Oil (HFO),8.7331,1424.8618,1141.3567,58.8598,3084.3855,10.7509,Calm,0.6027,Short-haul,Fair,2,0.6911,5927.62,13574.6,180.0279
2023-03-05,Tanker,Diesel,13.2735,1762.4901,5625.1332,82.6978,2173.9014,8.5222,Moderate,0.4234,Coastal,Good,3,0.8739,6581.15,30172.01,143.759
2023-03-06,Tanker,Diesel,12.1411,1755.0524,4414.2101,81.4061,3153.8998,8.3262,Calm,0.5972,Long-haul,Good,2,0.9311,7257.64,26120.97,180.9299
2023-03-07,Tanker,Heavy Fuel Oil (HFO),16.5483,1680.0214,7294.8298,88.1404,3231.1281,5.3581,Moderate,0.6783,Long-haul,Needs Maintenance,5,0.4795,7427.3,36429.27,131.3567
2023-03-08,Tanker,Diesel,8.7305,1109.2404,2776.1332,51.8573,934.8504,5.1222,Moderate,0.4493,Long-haul,Fair,5,0.7367,4050.93,17762.86,160.7871
2023-03-09,Bulk Carrier,Heavy Fuel Oil (HFO),21.9234,887.3166,1748.1772,88.5259,1085.2788,6.0082,Calm,0.8298,Short-haul,Good,6,0.35,3294.81,15394.18,55.7779
2023-03-10,Bulk Carrier,Diesel,18.1813,1208.3202,1695.0143,68.0904,2922.9175,7.1998,Calm,0.1109,Long-haul,Good,4,0.54,5318.53,15187.66,80.0845
2023-03-11,Fish Carrier,Diesel,9.1986,2146.7744,1371.8844,75.4784,1793.2705,7.2909,Moderate,0.6357,Long-haul,Fair,3,0.7519,6049.24,15539.7,258.9866
2023-03-12,Bulk Carrier,Steam Turbine,12.9322,810.9492,4126.0539,71.3192,1210.3784,4.944,Moderate,0.716,Short-haul,Good,4,0.8182,3914.14,22793.53,83.0797
2023-03-13,Tanker,Steam Turbine,10.6754,849.6458,1832.6783,65.2411,3190.5622,9.2032,Moderate,0.8946,Coastal,Fair,4,0.6825,4829.72,14458.91,92.0858
2023-03-14,Fish Carrier,Diesel,21.9314,478.9586,964.3222,69.5254,2709.4562,5.1665,Moderate,0.4439,Coastal,Good,4,0.35,3808.67,11041.66,32.4597
2023-03-15,Bulk Carrier,Diesel,19.2153,1526.7623,3615.7956,46.9139,888.2534,9.4496,Moderate,0.3663,Transoceanic,Good,4,0.4372,4773.78,21814.91,100.7105
2023-03-16,Fish Carrier,Heavy Fuel Oil (HFO),15.4124,935.8715,631.9419,72.4474,1783.5647,7.9317,Calm,0.2618,Coastal,Good,3,0.7617,3755.37,11132.53,77.3527
2023-03-17,Container Ship,Diesel,19.3472,2131.8786,3988.6613,60.9699,1539.8787,5.1025,Moderate,0.7096,Transoceanic,Needs Maintenance,6,0.35,6165.76,24423.25,136.5161
2023-03-18,Container Ship,Diesel,15.7563,874.7134,3523.5806,62.011,3498.8661,9.0321,Calm,0.5257,Transoceanic,Good,7,0.7758,5548.01,20877.54,63.5846
2023-03-19,Fish Carrier,Diesel,9.8065,1156.014,993.7678,53.9082,3317.2659,5.5783,Rough,0.9475,Long-haul,Fair,5,0.6072,5396.2,12371.76,151.9519
2023-03-20,Fish Carrier,Diesel,10.3609,2077.3747,2127.7625,91.3392,2278.1305,9.7767,Moderate,0.0284,Coastal,Good,1,0.9158,6372.35,18509.09,224.404
2023-03-21,Bulk Carrier,Heavy Fuel Oil (HFO),12.2293,614.2436,3654.2094,53.6944,1863.7409,7.2511,Rough,0.3402,Short-haul,Fair,2,0.7025,3884.95,19681.87,62.1887
2023-03-22,Tanker,Diesel,14.5306,661.6905,3545.6732,78.8458,1395.1568,10.0572,Moderate,0.1597,Coastal,Good,3,0.9131,3573.47,21196.84,52.4995
2023-03-23,Fish Carrier,Heavy Fuel Oil (HFO),21.5336,551.8033,1447.7937,80.9843,2017.6432,7.7568,Calm,0.8472,Transoceanic,Good,4,0.35,3408.48,13622.65,31.1797
2023-03-24,Bulk Carrier,Heavy Fuel Oil (HFO),12.0404,911.3325,3609.8055,78.6074,1060.2575,4.6768,Calm,0.3732,Long-haul,Good,3,0.8897,3802.85,21455.96,87.2726
2023-03-25,Bulk Carrier,Diesel,10.0852,1975.5766,2104.1813,78.9075,3059.2854,8.1561,Moderate,0.5073,Transoceanic,Good,5,0.806,6848.84,18707.43,232.7921
2023-03-26,Fish Carrier,Heavy Fuel Oil (HFO),19.1546,1623.1808,1531.3731,88.0597,2873.2537,8.0434,Moderate,0.7214,Transoceanic,Good,5,0.35,6050.36,15457.08,107.8487
2023-03-27,Container Ship,Diesel,14.1745,979.4386,2205.3288,70.9383,3075.4556,9.0918,Moderate,0.7058,Coastal,Good,5,0.9177,5015.54,16152.48,79.3691
2023-03-28,Fish Carrier,Diesel,17.4622,1922.0742,1205.5031,97.6536,1481.2179,6.0895,Moderate,0.9415,Short-haul,Good,3,0.6083,5117.34,15215.29,135.7034
2023-03-29,Fish Carrier,Heavy Fuel Oil (HFO),13.5235,824.7828,345.8998,49.3466,3287.227,8.5918,Calm,0.7473,Transoceanic,Fair,2,0.7037,4842.95,8733.22,71.7348
2023-03-30,Container Ship,Diesel,17.3777,1215.1871,1004.7552,50.53,2858.145,4.0363,Moderate,0.5504,Long-haul,Good,2,0.5477,5368.73,12213.99,90.5741
2023-03-31,Fish Carrier,Heavy Fuel Oil (HFO),11.2511,1651.2417,2560.4118,91.0683,3314.9833,4.2544,Moderate,0.8362,Coastal,Fair,7,0.766,6949.62,19459.69,176.2615
2023-04-01,Bulk Carrier,Diesel,12.6906,1054.1331,4201.0824,72.7317,1463.9438,9.6617,Calm,0.3307,Coastal,Needs Maintenance,6,0.9018,4498.16,23745.29,96.7304
2023-04-02,Container Ship,Diesel,15.2139,282.1493,1740.149,58.6426,1430.1988,5.6486,Moderate,0.7538,Transoceanic,Fair,3,0.7433,2973.26,13182.25,26.93
2023-04-03,Container Ship,Diesel,13.6758,1155.293,6492.3581,95.3872,1526.1053,8.3024,Moderate,0.2191,Transoceanic,Good,2,0.92,5112.44,32444.26,109.6494
2023-04-04,Container Ship,Diesel,15.3944,859.7482,1363.8762,56.1186,2202.6484,5.1518,Moderate,0.8545,Coastal,Good,4,0.7581,4087.9,12719.9,63.1712
2023-04-05,Tanker,Diesel,8.8083,1070.9944,6285.3799,86.0192,2319.2715,4.317,Moderate,0.3445,Transoceanic,Good,1,0.7312,5465.42,31194.28,157.3307
2023-04-06,Container Ship,Diesel,20.4787,1041.928,4090.3433,93.1005,1072.3715,10.022,Moderate,0.1186,Transoceanic,Good,5,0.35,4434.49,23874.31,60.1864
2023-04-07,Bulk Carrier,Heavy Fuel Oil (HFO),19.527,619.7753,2020.7042,51.2065,2966.5389,6.9347,Moderate,0.7661,Transoceanic,Good,1,0.35,4394.69,14193.92,41.7752
2023-04-08,Container Ship,Steam Turbine,11.0418,1913.8335,4541.9457,85.2335,1592.9303,8.1854,Calm,0.6725,Transoceanic,Good,3,0.8381,6211.65,26792.2,197.463
2023-04-09,Tanker,Heavy Fuel Oil (HFO),13.9808,1140.8037,4444.4916,62.5304,1865.709,5.0445,Calm,0.3765,Long-haul,Fair,7,0.7583,4916.24,24503.85,96.5005
2023-04-10,Bulk Carrier,Steam Turbine,9.8773,610.0029,1532.9614,50.0855,2728.8372,5.3334,Calm,0.2685,Transoceanic,Good,6,0.7414,4323.71,12955.75,74.5556
2023-04-11,Container Ship,Heavy Fuel Oil (HFO),20.7259,544.7963,6753.4254,95.2943,2647.7536,8.9264,Calm,0.3966,Short-haul,Good,2,0.35,4767.63,32304.84,34.8031
2023-04-12,Tanker,Heavy Fuel Oil (HFO),12.4833,526.5677,3128.9875,45.8921,2249.2724,8.0882,Calm,0.72,Transoceanic,Fair,3,0.784,3708.36,18394.7,49.556
2023-04-13,Tanker,Steam Turbine,19.5023,2129.6674,3892.5552,54.3096,2716.8779,7.4182,Moderate,0.9169,Short-haul,Good,5,0.35,7221.5,24352.65,133.1384
2023-04-14,Bulk Carrier,Diesel,10.1144,559.3113,4405.213,95.2013,2545.9962,4.1101,Calm,0.5322,Long-haul,Good,4,0.9325,4325.91,25073.4,63.3709
2023-04-15,Bulk Carrier,Steam Turbine,20.7368,324.7345,2153.5192,89.8368,1448.5093,6.7783,Moderate,0.3731,Transoceanic,Fair,4,0.35,2938.03,15824.07,22.4264
2023-04-16,Bulk Carrier,Diesel,8.7856,119.8454,2179.055,76.1221,3102.2889,4.6675,Calm,0.5282,Transoceanic,Good,1,0.7784,3453.22,14643.88,22.3576
2023-04-17,Fish Carrier,Diesel,15.8891,169.0937,2511.3464,86.374,2695.5919,6.7881,Rough,0.0769,Short-haul,Fair,2,0.5718,3363.84,16331.47,19.0444
2023-04-18,Container Ship,Steam Turbine,14.1192,1861.2168,6382.6303,87.5455,782.9518,5.9133,Moderate,0.9926,Short-haul,Good,4,0.8203,5535.61,33389.11,149.7454
2023-04-19,Tanker,Diesel,17.9835,272.2798,4249.2198,62.4173,998.3426,4.0364,Moderate,0.3083,Short-haul,Fair,3,0.5183,2866.43,21710.2,20.7478
2023-04-20,Bulk Carrier,Diesel,18.9821,1913.8082,1421.9176,75.7745,3479.6446,5.6992,Calm,0.5211,Coastal,Good,6,0.4194,6992.77,15905.51,116.3728
2023-04-21,Bulk Carrier,Diesel,18.9573,858.3623,5371.8852,70.1824,1079.3707,4.0474,Calm,0.3957,Transoceanic,Good,7,0.4384,3915.64,27540.71,54.5352
2023-04-22,Container Ship,Heavy Fuel Oil (HFO),10.4869,936.3031,6194.1065,88.0086,1612.4815,5.9621,Calm,0.7859,Long-haul,Good,3,0.8832,4581.44,30738.68,101.1638
2023-04-23,Bulk Carrier,Steam Turbine,12.0786,1554.9541,5490.6168,79.8335,1377.6593,8.6106,Moderate,0.7152,Long-haul,Good,7,0.7746,5558.65,28645.84,156.0613
2023-04-24,Tanker,Steam Turbine,19.3722,1347.0219,3422.4689,54.1486,2415.4981,7.9425,Calm,0.645,Short-haul,Fair,6,0.35,5673.94,20730.44,85.0841
2023-04-25,Bulk Carrier,Diesel,13.4759,1721.9187,2765.51,50.7502,1864.7312,10.7321,Calm,0.1161,Long-haul,Good,6,0.9672,5716.52,18715.81,149.0442
2023-04-26,Tanker,Steam Turbine,8.6256,1592.6359,6922.8061,96.1457,2773.3706,7.612,Moderate,0.5519,Short-haul,Good,3,0.6627,6881.08,35265.41,222.2985
2023-04-27,Container Ship,Diesel,18.3234,1954.5045,2881.9791,60.309,2670.5273,9.5721,Moderate,0.5773,Transoceanic,Good,7,0.5162,6637.26,20169.5,123.6999
2023-04-28,Fish Carrier,Steam Turbine,12.8709,1875.5874,1807.8883,78.7966,937.3055,4.9376,Calm,0.1179,Transoceanic,Good,3,0.8544,5024.3,17192.41,160.657
2023-04-29,Container Ship,Steam Turbine,15.5233,2030.2381,1593.4354,55.2904,3057.5586,8.3359,Calm,0.8655,Long-haul,Good,1,0.6897,6951.49,15490.56,152.7382
2023-04-30,Tanker,Heavy Fuel Oil (HFO),9.1574,164.8075,2980.8245,54.2515,1980.4999,9.1976,Moderate,0.7659,Transoceanic,Good,5,0.6641,3084.46,17501.46,26.172
2023-05-01,Fish Carrier,Steam Turbine,14.1791,558.9381,2019.4794,93.1145,790.2451,5.8397,Moderate,0.8622,Coastal,Fair,1,0.615,3026.02,15981.97,50.9275
2023-05-02,Fish Carrier,Steam Turbine,9.9493,533.9013,1076.1654,74.6323,1606.2301,8.9284,Moderate,0.2893,Transoceanic,Good,3,0.6666,3376.39,11516.13,71.6534
2023-05-03,Container Ship,Heavy Fuel Oil (HFO),9.7764,1918.7655,5641.9853,82.1929,2070.4844,8.042,Rough,0.2687,Short-haul,Fair,4,0.7441,6678.5,30168.27,243.8811
2023-05-04,Fish Carrier,Heavy Fuel Oil (HFO),20.1647,1879.0514,1948.543,91.7558,2927.8982,6.784,Rough,0.9681,Short-haul,Good,7,0.35,6681.36,17673.62,105.4039
2023-05-05,Container Ship,Steam Turbine,18.6716,196.4801,4183.2373,53.6891,1978.2508,10.9429,Rough,0.4278,Short-haul,Fair,6,0.35,3207.21,21468.96,18.931
2023-05-06,Fish Carrier,Heavy Fuel Oil (HFO),16.7585,1624.5756,464.6164,56.7382,918.2284,8.1558,Calm,0.5194,Long-haul,Good,4,0.6305,4469.68,10220.93,108.1413
2023-05-07,Tanker,Steam Turbine,9.2506,1792.5094,4027.0364,89.7352,3148.5924,8.491,Calm,0.6771,Coastal,Good,1,0.7348,7008.96,24889.16,233.2917
2023-05-08,Container Ship,Heavy Fuel Oil (HFO),9.2136,310.9767,3714.7166,62.2977,1091.5245,5.9388,Moderate,0.0842,Transoceanic,Fair,5,0.7181,2877.53,20938.91,45.8234
2023-05-09,Bulk Carrier,Steam Turbine,15.1333,1670.4716,2623.2482,72.2188,1015.6823,7.4971,Rough,0.5939,Long-haul,Good,5,0.6125,4808.93,18781.46,127.7736
2023-05-10,Tanker,Heavy Fuel Oil (HFO),21.3623,1717.7708,1091.6189,48.3258,2910.012,7.5463,Moderate,0.6286,Long-haul,Fair,5,0.35,5976.31,13351.31,101.31
2023-05-11,Container Ship,Heavy Fuel Oil (HFO),10.8448,1796.9262,3703.5322,82.4581,885.1222,8.8907,Calm,0.73,Coastal,Good,7,0.9895,5219.76,23506.03,207.3172
2023-05-12,Container Ship,Diesel,10.2937,2101.334,3843.543,51.9812,2887.1471,5.8814,Calm,0.8864,Long-haul,Fair,7,0.873,7166.66,23711.15,255.0965
2023-05-13,Fish Carrier,Steam Turbine,15.1509,216.4221,920.6975,94.1848,2587.5372,4.8073,Rough,0.7408,Coastal,Good,1,0.6007,3257.55,11281.58,20.5279
2023-05-14,Bulk Carrier,Steam Turbine,11.4757,2023.295,3103.7956,82.0329,847.482,5.5623,Moderate,0.5158,Transoceanic,Good,1,0.7773,5195.37,21929.53,221.1837
2023-05-15,Fish Carrier,Heavy Fuel Oil (HFO),10.8094,1283.9942,1235.9757,72.1348,2863.3171,5.368,Calm,0.9004,Transoceanic,Good,7,0.7675,5264.22,13249.8,149.0187
2023-05-16,Bulk Carrier,Heavy Fuel Oil (HFO),18.181,318.2929,5076.3459,99.8328,2692.6269,4.6512,Calm,0.9213,Transoceanic,Fair,7,0.414,3886.01,26918.08,26.4072
2023-05-17,Bulk Carrier,Steam Turbine,13.5209,1342.9811,2006.8947,91.8003,3292.9175,6.7507,Calm,0.8319,Long-haul,Fair,3,0.7188,6024.62,17228.88,108.9924
2023-05-18,Container Ship,Diesel,9.6903,852.4036,2470.7656,49.9731,2961.2713,6.1295,Calm,0.7047,Transoceanic,Good,5,0.8418,4814.63,16546.91,100.0878
2023-05-19,Container Ship,Heavy Fuel Oil (HFO),11.6423,2180.4209,2697.723,58.7419,1993.7211,9.6273,Calm,0.1398,Coastal,Fair,1,0.9721,6585.57,19552.21,208.163
2023-05-20,Bulk Carrier,Steam Turbine,8.9026,1995.2418,2876.7446,63.2352,819.5497,7.227,Moderate,0.168,Coastal,Good,5,0.7345,5059.88,20380.45,261.087
2023-05-21,Tanker,Diesel,14.2442,412.126,4904.7831,93.5528,2041.2866,4.6141,Calm,0.383,Long-haul,Good,4,0.913,4204.9,25854.82,39.2068
2023-05-22,Tanker,Steam Turbine,15.9191,775.3693,1962.3986,89.5879,1486.6115,9.6606,Calm,0.4717,Transoceanic,Good,3,0.6504,3697.27,15877.21,66.6099
2023-05-23,Container Ship,Heavy Fuel Oil (HFO),21.2692,1308.9534,2440.9314,54.5542,1362.3432,6.226,Moderate,0.7381,Coastal,Fair,3,0.35,4470.21,16953.12,80.9274
2023-05-24,Container Ship,Heavy Fuel Oil (HFO),9.2636,588.5091,3082.029,56.0805,1065.3707,9.0186,Moderate,0.9188,Long-haul,Good,7,0.7967,3399.1,18684.32,80.0944
2023-05-25,Container Ship,Diesel,13.2303,2078.0387,1259.8063,53.6627,3356.3419,9.5429,Moderate,0.9607,Short-haul,Needs Maintenance,6,0.7989,7442.6,14315.06,189.9116
2023-05-26,Container Ship,Heavy Fuel Oil (HFO),18.2036,2092.455,2104.1418,46.7811,2386.6883,10.4473,Calm,0.9675,Short-haul,Good,2,0.5491,6435.47,17274.7,138.0242
2023-05-27,Bulk Carrier,Diesel,20.3945,286.3246,3691.7455,59.5867,1398.7144,4.4746,Calm,0.2567,Short-haul,Good,1,0.35,3048.42,20177.67,20.4897
2023-05-28,Tanker,Heavy Fuel Oil (HFO),19.0422,1313.9165,3369.8625,46.8377,756.2184,5.8279,Moderate,0.1047,Coastal,Fair,3,0.35,4189.7,19923.74,79.0504
2023-05-29,Bulk Carrier,Heavy Fuel Oil (HFO),14.0385,1472.6339,5487.004,98.5919,1845.9836,7.8788,Moderate,0.9256,Transoceanic,Fair,5,0.7311,5793.82,29289.17,117.426
2023-05-30,Container Ship,Diesel,19.5346,1412.691,2288.4576,98.7382,2025.9978,4.8086,Calm,0.7849,Transoceanic,Good,4,0.4138,5291.33,18712.03,88.9737
2023-05-31,Container Ship,Heavy Fuel Oil (HFO),8.6246,1023.4549,6493.1809,83.3059,970.7673,8.677,Rough,0.8082,Short-haul,Good,4,0.7825,4447.91,32114.25,144.7833
2023-06-01,Tanker,Steam Turbine,13.5273,1893.2736,5660.4523,99.0515,1112.8534,10.6448,Rough,0.449,Transoceanic,Good,2,0.6761,5908.04,31410.53,181.0214
2023-06-02,Tanker,Diesel,11.6104,2012.6894,2884.2804,62.937,1473.3623,7.2071,Rough,0.8735,Long-haul,Fair,7,0.7312,5602.07,20649.34,211.7963
2023-06-03,Bulk Carrier,Diesel,20.1447,1948.2851,5143.7596,71.0176,1182.1592,6.8208,Moderate,0.6182,Coastal,Fair,6,0.35,5952.64,28323.52,117.2006
2023-06-04,Container Ship,Diesel,8.2833,1816.5104,1852.0528,50.402,3132.9201,4.9407,Moderate,0.9742,Short-haul,Fair,4,0.7255,6522.78,16290.24,267.8588
2023-06-05,Tanker,Steam Turbine,15.2138,433.8421,7033.4487,93.3633,781.0548,5.3493,Moderate,0.8329,Short-haul,Fair,7,0.6813,3688.52,33254.29,32.4693
2023-06-06,Container Ship,Heavy Fuel Oil (HFO),16.8957,360.133,4045.9338,92.8764,2343.2647,6.4483,Calm,0.1635,Transoceanic,Good,3,0.686,3618.63,22763.11,27.9154
2023-06-07,Container Ship,Diesel,13.7331,142.11,5868.1065,80.6054,2383.1975,4.0592,Moderate,0.2524,Long-haul,Good,7,0.9346,3786.37,27882.38,19.0935
2023-06-08,Tanker,Heavy Fuel Oil (HFO),17.4807,1831.0527,5761.8316,91.3806,1747.8433,8.5314,Moderate,0.6091,Long-haul,Good,3,0.5142,6084.39,31050.77,120.688
2023-06-09,Fish Carrier,Diesel,19.276,1784.9639,1810.4398,81.047,3492.9135,5.816,Calm,0.4186,Long-haul,Fair,4,0.35,7157.0,16867.93,116.3727
2023-06-10,Fish Carrier,Steam Turbine,17.4062,1165.3612,1361.7475,50.3682,1058.2436,5.8106,Moderate,0.8083,Transoceanic,Needs Maintenance,7,0.3689,3653.96,13163.65,88.271
2023-06-11,Fish Carrier,Heavy Fuel Oil (HFO),16.198,1073.8973,1679.7031,79.136,2022.2151,5.3618,Moderate,0.1198,Short-haul,Good,6,0.6591,4721.33,15277.9,78.464
2023-06-12,Container Ship,Diesel,20.0735,478.7492,1957.2469,48.1907,1965.749,5.4657,Calm,0.7735,Transoceanic,Good,5,0.35,3271.64,13579.03,31.2127
2023-06-13,Tanker,Heavy Fuel Oil (HFO),15.473,1634.384,2506.9944,45.9854,711.5467,9.1352,Rough,0.2263,Transoceanic,Good,3,0.5749,4376.98,17820.48,120.1193
2023-06-14,Bulk Carrier,Diesel,15.284,1200.6471,3230.0784,71.9598,2800.3236,5.1542,Calm,0.9069,Short-haul,Good,7,0.8204,5568.45,20445.04,96.6953
2023-06-15,Container Ship,Diesel,16.9645,1719.6243,5454.6814,90.9866,835.0582,4.8105,Calm,0.4443,Coastal,Good,1,0.7931,5396.2,30250.63,122.3759
2023-06-16,Bulk Carrier,Heavy Fuel Oil (HFO),11.7797,1371.8321,1364.3112,51.4754,1019.2351,4.7438,Calm,0.1986,Coastal,Fair,2,0.8797,3857.73,13396.4,149.0933
2023-06-17,Tanker,Diesel,8.0383,1510.4296,1483.3699,49.9545,2132.775,9.0649,Moderate,0.1013,Transoceanic,Good,3,0.6933,5354.13,14125.57,226.2536
2023-06-18,Bulk Carrier,Diesel,13.043,1521.2097,2022.1527,45.532,1087.5044,8.5304,Moderate,0.3287,Coastal,Fair,4,0.8891,4506.94,15828.18,143.7971
2023-06-19,Tanker,Heavy Fuel Oil (HFO),14.6954,985.6536,6653.5349,98.9863,3064.1796,4.726,Calm,0.9112,Transoceanic,Fair,4,0.7107,5977.25,33292.36,87.258
2023-06-20,Fish Carrier,Steam Turbine,14.8337,1963.9472,2014.6509,92.7583,2169.4902,9.2054,Calm,0.7238,Long-haul,Good,2,0.7741,6113.58,18291.91,153.114
2023-06-21,Container Ship,Heavy Fuel Oil (HFO),19.5701,1973.33,1193.9934,70.8109,2088.3378,5.1578,Calm,0.7514,Transoceanic,Good,3,0.35,6045.51,14775.6,118.5543
2023-06-22,Tanker,Heavy Fuel Oil (HFO),19.2177,1041.007,4235.2962,80.9355,987.4013,6.8864,Moderate,0.5571,Coastal,Good,1,0.35,3880.94,24327.42,73.1379
2023-06-23,Tanker,Heavy Fuel Oil (HFO),19.8204,797.1425,3048.1615,69.8893,972.8237,8.6124,Calm,0.0022,Coastal,Fair,3,0.35,3468.52,19401.44,56.691
2023-06-24,Bulk Carrier,Diesel,18.036,1615.2741,1640.6947,66.6093,1979.7288,9.4699,Rough,0.7168,Transoceanic,Good,1,0.4265,5278.99,15933.55,111.4116
2023-06-25,Tanker,Steam Turbine,8.0607,1646.0493,7044.1566,87.9595,3248.5082,8.8427,Moderate,0.1737,Long-haul,Needs Maintenance,7,0.5255,7110.57,34829.24,223.9841
2023-06-26,Tanker,Heavy Fuel Oil (HFO),21.4903,2138.0325,5643.7878,86.1635,1536.9568,8.9105,Rough,0.8607,Long-haul,Good,6,0.35,6357.51,31016.02,112.0455
2023-06-27,Container Ship,Steam Turbine,17.7204,777.0009,3436.4921,81.6936,1868.9382,9.2351,Moderate,0.8414,Long-haul,Good,3,0.469,4223.06,20797.01,58.2697
2023-06-28,Tanker,Diesel,18.5026,437.9643,3973.3102,61.2327,2810.0631,4.2261,Calm,0.814,Coastal,Good,1,0.4496,4108.48,21158.73,30.8598
2023-06-29,Fish Carrier,Steam Turbine,21.3938,2149.2277,499.4082,79.1309,2886.5897,10.0908,Moderate,0.83,Transoceanic,Good,6,0.35,6823.08,12508.98,125.5264
2023-06-30,Container Ship,Steam Turbine,21.7683,256.3849,4248.4741,60.3512,1439.8709,5.1265,Rough,0.846,Short-haul,Good,1,0.35,3377.3,21900.73,15.6536
2023-07-01,Fish Carrier,Heavy Fuel Oil (HFO),17.9075,1203.3296,1862.017,74.8694,1829.5678,6.4458,Moderate,0.8834,Short-haul,Good,6,0.4599,4605.71,16295.11,79.1817
2023-07-02,Tanker,Steam Turbine,12.8441,604.7305,2117.1279,93.7113,1767.8433,9.5734,Moderate,0.1134,Coastal,Good,3,0.7914,3529.79,15896.19,64.9507
2023-07-03,Tanker,Heavy Fuel Oil (HFO),9.1528,301.5085,3438.0604,56.593,2462.6406,5.4922,Calm,0.6854,Long-haul,Good,7,0.7724,3586.78,18272.19,40.4998
2023-07-04,Tanker,Steam Turbine,10.1526,1064.373,5421.5493,75.6946,2309.8944,5.5935,Moderate,0.2586,Coastal,Fair,4,0.6564,5351.39,28064.63,121.051
2023-07-05,Bulk Carrier,Steam Turbine,15.0397,708.6569,3993.2686,65.9777,3001.9426,4.2157,Moderate,0.1563,Coastal,Good,2,0.6514,4936.47,21701.03,55.1062
2023-07-06,Container Ship,Heavy Fuel Oil (HFO),8.1561,1937.0105,1434.0154,75.1139,938.3552,5.4704,Moderate,0.7414,Short-haul,Needs Maintenance,6,0.6684,5087.29,15747.13,285.1228
2023-07-07,Fish Carrier,Diesel,21.0532,2188.0574,653.9882,50.4011,2731.6499,7.4103,Calm,0.3309,Coastal,Fair,2,0.35,6767.46,12602.86,126.4873
2023-07-08,Container Ship,Heavy Fuel Oil (HFO),12.2795,1326.7569,1945.1832,45.2658,1389.2904,5.5507,Moderate,0.7398,Short-haul,Fair,4,0.8423,4587.79,14957.46,132.1239
2023-07-09,Fish Carrier,Heavy Fuel Oil (HFO),9.1476,689.2935,851.4068,79.464,2736.791,10.2447,Moderate,0.8496,Long-haul,Fair,6,0.6519,3940.7,11726.8,85.0812
2023-07-10,Bulk Carrier,Steam Turbine,10.0809,924.2465,5316.5379,72.5618,953.5513,6.5471,Calm,0.0106,Transoceanic,Fair,2,0.7944,3885.61,26986.32,110.5219
2023-07-11,Container Ship,Steam Turbine,14.769,853.4706,2466.4818,47.3545,1278.9674,10.3541,Rough,0.3613,Long-haul,Fair,4,0.645,3916.13,16433.98,78.5752
2023-07-12,Bulk Carrier,Steam Turbine,11.6864,1243.1351,2617.4447,90.9508,2146.6561,6.6343,Rough,0.9072,Short-haul,Fair,5,0.6325,5146.71,19108.18,125.7895
2023-07-13,Container Ship,Heavy Fuel Oil (HFO),11.9313,415.5049,4105.4834,67.8038,1624.6293,4.7934,Calm,0.6752,Coastal,Good,4,0.9538,3531.48,21934.88,41.0009
2023-07-14,Bulk Carrier,Diesel,15.177,1970.6751,1824.212,67.3001,3413.8823,8.4634,Moderate,0.8785,Long-haul,Good,6,0.7171,7069.97,17389.78,143.2605
2023-07-15,Container Ship,Diesel,19.4863,481.9567,2488.1133,69.9409,2353.6688,5.6087,Moderate,0.3855,Long-haul,Fair,1,0.35,3979.1,16278.13,31.1879
2023-07-16,Container Ship,Steam Turbine,16.3974,1943.2805,6781.2397,94.6092,2210.0008,4.0084,Calm,0.9377,Transoceanic,Needs Maintenance,6,0.5574,6853.98,34830.73,135.4766
2023-07-17,Tanker,Heavy Fuel Oil (HFO),11.5633,1708.3037,3275.1299,59.1793,715.3145,9.2055,Calm,0.0071,Coastal,Good,5,0.9215,4628.69,20731.33,160.647
2023-07-18,Fish Carrier,Heavy Fuel Oil (HFO),16.1952,648.7361,1383.0078,66.86,1270.3423,7.8647,Calm,0.5576,Long-haul,Good,2,0.6703,3318.43,12586.26,47.9333
2023-07-19,Container Ship,Steam Turbine,17.7904,439.7697,3803.6791,83.3382,2679.0118,5.1252,Calm,0.9646,Long-haul,Good,1,0.5487,3950.6,21593.23,36.8718
2023-07-20,Bulk Carrier,Diesel,8.5286,907.0846,6153.8043,77.861,3348.0044,9.7416,Calm,0.6403,Short-haul,Good,4,0.8899,5894.21,30574.89,136.5839
2023-07-21,Container Ship,Steam Turbine,17.1703,2148.8564,2451.0136,67.2998,1260.8691,4.1076,Calm,0.7036,Coastal,Good,1,0.6871,5564.62,19157.98,151.5205
2023-07-22,Fish Carrier,Heavy Fuel Oil (HFO),13.6554,109.768,1236.1982,63.6981,1027.6252,7.593,Calm,0.2577,Long-haul,Good,5,0.8583,1977.35,10779.38,17.3527
2023-07-23,Fish Carrier,Heavy Fuel Oil (HFO),11.6095,903.6138,1545.0926,67.6834,1688.6695,7.7496,Moderate,0.7008,Coastal,Good,3,0.7816,3772.47,13409.45,88.1485
2023-07-24,Bulk Carrier,Steam Turbine,11.0599,1304.7965,2509.1481,85.5412,1357.6118,5.6944,Rough,0.2654,Transoceanic,Good,2,0.6911,4599.49,19153.2,141.4057
2023-07-25,Tanker,Steam Turbine,13.1968,762.3755,2084.3645,55.058,2839.9345,7.5779,Calm,0.3979,Coastal,Fair,7,0.7734,4581.37,14768.61,69.6461
2023-07-26,Bulk Carrier,Steam Turbine,9.6852,1188.2308,1898.8494,50.5411,1712.4865,10.0329,Calm,0.1872,Long-haul,Good,3,0.7994,4621.22,14847.45,148.059
2023-07-27,Fish Carrier,Heavy Fuel Oil (HFO),15.9997,2156.4721,1760.1359,75.5437,3097.6645,5.3724,Rough,0.8,Short-haul,Good,6,0.5201,7320.15,17502.3,152.3861
2023-07-28,Fish Carrier,Heavy Fuel Oil (HFO),17.6676,226.0764,1338.9274,63.4061,1710.6937,7.9225,Calm,0.9318,Coastal,Good,3,0.5251,2884.68,11502.38,20.4119
2023-07-29,Container Ship,Heavy Fuel Oil (HFO),14.257,264.6558,4037.0828,80.2319,3299.9867,6.9527,Calm,0.6123,Transoceanic,Fair,4,0.7623,4299.89,22098.05,25.0711
2023-07-30,Fish Carrier,Steam Turbine,13.5364,1964.1528,1670.8573,69.7659,1168.4907,9.9795,Calm,0.125,Short-haul,Fair,2,0.7921,4934.29,16395.04,175.1718
2023-07-31,Bulk Carrier,Heavy Fuel Oil (HFO),15.3358,2191.6288,1624.0679,66.4415,1342.1967,9.1632,Moderate,0.4432,Coastal,Fair,2,0.7245,5957.9,16533.69,160.8385
2023-08-01,Fish Carrier,Heavy Fuel Oil (HFO),9.8916,2091.8209,1581.2637,93.2512,1917.9366,8.4785,Moderate,0.5338,Short-haul,Good,3,0.7774,6082.22,16914.83,229.6829
2023-08-02,Bulk Carrier,Diesel,14.5688,117.4659,5162.1846,68.6739,1520.1833,5.6185,Moderate,0.0072,Long-haul,Good,3,0.8441,3051.55,25270.25,16.0631
2023-08-03,Tanker,Heavy Fuel Oil (HFO),11.3539,1705.5304,3305.9908,85.861,2964.6642,6.8903,Calm,0.8535,Coastal,Good,2,0.853,6626.73,22039.15,176.1232
2023-08-04,Fish Carrier,Diesel,9.4318,665.3098,835.9985,72.1469,1657.356,6.181,Calm,0.7995,Coastal,Good,3,0.8373,3219.27,11654.62,87.3558
2023-08-05,Container Ship,Diesel,14.5821,503.6038,6672.4273,87.248,1397.0946,9.3986,Calm,0.443,Transoceanic,Good,6,0.9957,3976.59,31710.37,43.9054
2023-08-06,Tanker,Steam Turbine,18.1953,1663.9216,2555.5258,64.8235,845.845,8.6669,Rough,0.9733,Short-haul,Good,2,0.35,4725.65,18917.6,111.5429
2023-08-07,Bulk Carrier,Heavy Fuel Oil (HFO),16.1351,1550.578,4399.1177,72.4956,2620.645,6.369,Moderate,0.9697,Coastal,Needs Maintenance,7,0.5247,6176.26,25265.38,119.5015
2023-08-08,Container Ship,Heavy Fuel Oil (HFO),14.1421,505.2271,3047.2088,71.6916,1925.0,6.063,Rough,0.697,Short-haul,Fair,2,0.7147,3585.14,18885.59,46.8222
2023-08-09,Container Ship,Diesel,11.6869,870.9367,2909.7114,46.0296,3099.122,9.4321,Moderate,0.2388,Transoceanic,Good,6,0.9437,5204.4,17654.5,93.5954
2023-08-10,Container Ship,Steam Turbine,9.5465,1198.7211,4365.9379,56.1143,2059.0368,4.6913,Calm,0.571,Transoceanic,Fair,7,0.6995,5024.17,23620.93,146.5434
2023-08-11,Bulk Carrier,Heavy Fuel Oil (HFO),20.8945,1477.0737,4900.2033,64.8509,2781.7368,10.233,Calm,0.822,Coastal,Good,7,0.35,6026.26,26810.02,80.2287
2023-08-12,Container Ship,Steam Turbine,10.6524,1205.0032,4224.37,67.8352,995.4397,8.4704,Calm,0.358,Long-haul,Good,4,0.9112,4585.91,24152.23,139.2328
2023-08-13,Tanker,Steam Turbine,16.3988,2060.3919,5070.198,67.6789,2473.0743,9.7831,Calm,0.3235,Long-haul,Good,2,0.607,7081.48,28303.48,158.7228
2023-08-14,Tanker,Heavy Fuel Oil (HFO),16.3407,1186.9797,3169.107,92.0646,760.7638,9.7536,Calm,0.6897,Coastal,Needs Maintenance,3,0.7291,3809.71,20782.9,94.6919
2023-08-15,Bulk Carrier,Diesel,13.1392,1322.527,3098.023,95.4835,2755.9447,9.0651,Moderate,0.7929,Long-haul,Good,2,0.8178,5695.31,21420.77,126.7543
2023-08-16,Bulk Carrier,Steam Turbine,8.7829,1718.8932,3673.7652,92.8383,1334.8095,8.5695,Moderate,0.6023,Transoceanic,Good,1,0.7067,5518.43,23823.53,236.0987
2023-08-17,Fish Carrier,Steam Turbine,11.0912,206.0916,1214.7148,72.7601,1321.8398,6.0285,Moderate,0.3943,Short-haul,Good,2,0.7579,2621.17,11645.23,27.5694
2023-08-18,Tanker,Steam Turbine,10.7735,930.1695,3154.1149,58.3273,1445.5199,7.0105,Calm,0.6847,Long-haul,Good,5,0.823,3943.6,19383.46,98.233
2023-08-19,Fish Carrier,Heavy Fuel Oil (HFO),10.3696,834.4044,2008.2853,95.8317,1353.7709,8.7975,Moderate,0.156,Coastal,Fair,6,0.7995,3585.17,16926.68,93.0613
2023-08-20,Fish Carrier,Diesel,14.5967,796.9411,1437.0807,75.184,2444.5176,10.9461,Calm,0.6951,Coastal,Good,6,0.8545,4187.97,13519.14,63.0262
2023-08-21,Container Ship,Diesel,17.1666,117.5018,3338.4012,92.5355,753.4193,10.0719,Calm,0.6494,Short-haul,Good,2,0.8752,2370.43,19232.01,15.5818
2023-08-22,Bulk Carrier,Diesel,17.9746,183.48,3459.1017,46.0105,2616.0718,6.4876,Calm,0.3023,Transoceanic,Good,5,0.5326,3583.19,18844.03,13.6534
2023-08-23,Bulk Carrier,Steam Turbine,20.5605,1479.5567,1861.4876,79.4039,1336.7983,5.6825,Rough,0.1527,Long-haul,Good,3,0.35,4566.34,16698.88,86.6039
2023-08-24,Container Ship,Diesel,20.726,1717.105,4295.1716,74.3129,2714.4334,5.2889,Calm,0.8395,Long-haul,Good,2,0.35,6682.3,25012.7,105.6301
2023-08-25,Tanker,Heavy Fuel Oil (HFO),10.6311,376.2463,4670.7773,78.6799,2369.8099,5.6164,Calm,0.0261,Short-haul,Good,1,0.8667,3846.67,24210.13,46.3446
2023-08-26,Tanker,Heavy Fuel Oil (HFO),8.4512,1705.5316,6781.2496,99.3534,2821.7745,4.463,Moderate,0.9271,Long-haul,Good,4,0.622,7007.02,35077.44,251.8381
2023-08-27,Container Ship,Heavy Fuel Oil (HFO),19.5406,1612.4219,6863.3571,80.2767,2671.5151,4.2696,Calm,0.1093,Coastal,Fair,4,0.35,6769.18,33846.23,108.1891
2023-08-28,Tanker,Steam Turbine,14.1538,1957.2349,3739.4423,95.5468,2631.8683,10.3257,Moderate,0.4636,Coastal,Good,6,0.7654,7030.83,24795.28,164.0264
2023-08-29,Container Ship,Heavy Fuel Oil (HFO),14.3515,1982.8968,6559.3021,80.6717,2692.1153,5.148,Calm,0.7333,Transoceanic,Good,1,0.8537,7545.84,33454.08,160.2467
2023-08-30,Container Ship,Heavy Fuel Oil (HFO),20.7715,1287.5323,2281.3657,84.1626,1874.8287,6.1666,Moderate,0.7686,Coastal,Fair,4,0.35,5112.79,17294.23,71.7489
2023-08-31,Bulk Carrier,Steam Turbine,19.9758,1241.3524,1306.3273,71.1642,1848.4238,4.5558,Moderate,0.6001,Coastal,Good,2,0.35,4452.16,13847.78,79.9839
2023-09-01,Bulk Carrier,Steam Turbine,17.338,1859.8303,2000.5187,54.8037,2581.8534,8.2776,Calm,0.6915,Long-haul,Fair,5,0.488,6548.1,16662.73,130.2835
2023-09-02,Fish Carrier,Diesel,20.5654,1822.556,390.8453,51.7113,3106.3422,6.3045,Calm,0.4138,Short-haul,Good,2,0.35,6185.06,10348.07,101.3692
2023-09-03,Tanker,Steam Turbine,19.8692,645.2861,4332.9655,72.3018,2741.7173,7.4842,Moderate,0.808,Short-haul,Good,5,0.35,4682.79,23498.57,39.3551
2023-09-04,Tanker,Steam Turbine,21.9858,969.4864,1162.4759,56.0653,1488.5548,9.5314,Moderate,0.3078,Long-haul,Fair,5,0.35,3722.59,11966.95,51.3044
2023-09-05,Bulk Carrier,Diesel,14.7075,1096.451,1870.6912,92.5873,3208.6001,7.2373,Calm,0.8142,Short-haul,Needs Maintenance,6,0.812,5156.86,16082.32,84.2396
2023-09-06,Bulk Carrier,Diesel,20.4324,842.5506,6206.9506,79.4581,3058.7362,7.9969,Moderate,0.3896,Short-haul,Fair,5,0.35,5741.19,30462.34,52.9872
2023-09-07,Bulk Carrier,Heavy Fuel Oil (HFO),21.3102,553.8937,3499.2698,95.2345,1942.5675,4.1745,Rough,0.4827,Short-haul,Good,5,0.35,3531.53,21140.94,32.1332
2023-09-08,Fish Carrier,Heavy Fuel Oil (HFO),21.1323,1521.1063,1255.224,73.729,711.5076,10.5264,Calm,0.6871,Coastal,Fair,5,0.35,4011.8,14262.16,90.9984
2023-09-09,Bulk Carrier,Steam Turbine,10.6956,680.964,2269.1277,60.05,742.7188,8.3606,Moderate,0.5141,Long-haul,Good,2,0.7275,2998.76,16481.85,79.0553
2023-09-10,Fish Carrier,Steam Turbine,20.4914,1235.2119,1829.5272,66.098,941.1348,6.7434,Calm,0.7047,Coastal,Good,5,0.35,3783.76,15341.56,72.8022
2023-09-11,Bulk Carrier,Heavy Fuel Oil (HFO),20.8756,1083.3794,2670.4038,57.7432,1326.6245,10.0277,Moderate,0.6169,Coastal,Fair,3,0.35,4008.24,17361.84,64.7588
2023-09-12,Fish Carrier,Heavy Fuel Oil (HFO),12.9202,1068.6075,1038.8887,50.6613,2989.1481,9.5773,Moderate,0.3259,Coastal,Good,6,0.7735,5061.05,11848.83,100.0124
2023-09-13,Container Ship,Heavy Fuel Oil (HFO),17.7168,1005.4118,3160.7048,54.5197,2574.8945,9.1756,Calm,0.7119,Short-haul,Good,7,0.6378,4795.28,19368.58,70.6625
2023-09-14,Tanker,Diesel,9.5224,1809.5401,3144.2342,49.9793,2987.6941,10.2108,Calm,0.9033,Transoceanic,Good,6,0.8256,6518.79,20404.31,229.366
2023-09-15,Tanker,Diesel,19.1209,1527.0737,7905.8155,99.4659,2331.6355,8.2804,Calm,0.5104,Short-haul,Good,7,0.5147,6448.55,38677.59,89.6601
2023-09-16,Bulk Carrier,Diesel,11.9509,165.488,3014.1995,67.3318,1918.5321,5.4785,Moderate,0.1734,Short-haul,Good,2,0.9274,3213.87,18291.0,24.1397
2023-09-17,Container Ship,Diesel,20.3884,1481.6461,2404.3943,92.3084,3202.0309,8.8677,Calm,0.9303,Coastal,Good,5,0.3783,6024.52,18707.75,83.9741
2023-09-18,Fish Carrier,Diesel,19.8553,597.1749,1887.9237,98.8028,2290.8188,8.9342,Calm,0.1132,Coastal,Good,4,0.3623,3826.43,15957.85,41.131
2023-09-19,Fish Carrier,Heavy Fuel Oil (HFO),16.8293,1493.8476,1490.9606,78.7172,3230.0388,7.7452,Moderate,0.0108,Coastal,Good,4,0.5075,6044.14,14850.37,107.1197
2023-09-20,Fish Carrier,Heavy Fuel Oil (HFO),15.8919,228.9773,647.8018,89.4893,2448.0876,6.0077,Calm,0.0825,Short-haul,Fair,5,0.7305,3189.61,10275.11,21.55
2023-09-21,Bulk Carrier,Steam Turbine,13.1767,468.3387,3114.3113,46.82,3455.4006,10.7714,Calm,0.5955,Long-haul,Fair,7,0.7473,4816.56,17861.06,43.3915
2023-09-22,Container Ship,Steam Turbine,18.2811,824.659,4812.7253,66.931,1543.828,9.2231,Calm,0.7524,Long-haul,Good,5,0.5129,4487.22,24856.91,54.4605
2023-09-23,Fish Carrier,Heavy Fuel Oil (HFO),17.5603,186.137,2764.3504,95.4923,3103.3959,6.3448,Calm,0.2671,Short-haul,Needs Maintenance,1,0.4568,3533.39,17961.37,17.1763
2023-09-24,Container Ship,Steam Turbine,17.4881,2185.7512,1134.8289,67.6187,2170.7399,8.7985,Moderate,0.3515,Long-haul,Good,6,0.5143,6466.04,15179.2,134.3787
2023-09-25,Container Ship,Steam Turbine,16.4656,889.5127,3267.366,51.0965,1215.9364,6.062,Moderate,0.6605,Coastal,Good,1,0.6181,3838.33,19637.53,71.1615
2023-09-26,Fish Carrier,Heavy Fuel Oil (HFO),8.8734,916.0399,1245.1839,48.8169,3442.3815,5.4047,Calm,0.3926,Coastal,Good,6,0.6774,5077.07,11804.2,127.5775
2023-09-27,Fish Carrier,Diesel,11.5083,1036.3523,1742.6352,81.5533,1446.0221,8.9004,Calm,0.9046,Coastal,Good,5,0.9177,4007.17,14979.85,100.8672
2023-09-28,Tanker,Steam Turbine,8.0463,2103.7262,5229.5921,64.7405,2609.1401,6.8043,Moderate,0.6323,Coastal,Good,6,0.5973,7444.97,28360.87,327.2552
2023-09-29,Container Ship,Diesel,12.1842,919.2199,4627.1981,69.0891,1230.5006,4.2499,Moderate,0.0254,Transoceanic,Fair,5,0.9228,4223.4,24352.52,87.1469
2023-09-30,Tanker,Steam Turbine,8.2299,812.4987,2733.1942,80.9617,2164.735,10.5806,Rough,0.8702,Transoceanic,Needs Maintenance,5,0.4494,4442.84,18637.5,124.1439
2023-10-01,Tanker,Steam Turbine,16.8573,1999.7909,3604.7604,48.5177,2988.9171,4.7993,Calm,0.595,Long-haul,Good,5,0.5405,6943.94,22659.5,136.6224
2023-10-02,Tanker,Heavy Fuel Oil (HFO),21.5057,547.7869,3276.2125,86.6653,1170.5424,6.5895,Calm,0.165,Long-haul,Good,2,0.35,3277.13,19590.33,34.3388
2023-10-03,Bulk Carrier,Heavy Fuel Oil (HFO),9.248,1468.6872,6063.8831,83.0797,1277.2486,8.4788,Calm,0.5231,Coastal,Good,4,0.8415,5259.14,30897.79,177.3989
2023-10-04,Tanker,Steam Turbine,8.064,594.8419,3780.5479,86.8621,2211.2239,5.5349,Rough,0.7703,Short-haul,Good,6,0.5378,4174.58,22209.94,82.0112
2023-10-05,Tanker,Diesel,13.0987,540.1385,2509.4825,50.7432,846.8784,7.7615,Calm,0.158,Coastal,Good,1,0.916,3131.86,15737.67,49.9946
2023-10-06,Fish Carrier,Heavy Fuel Oil (HFO),9.5419,578.3423,529.6247,49.0441,2338.2583,4.3804,Calm,0.4359,Short-haul,Good,2,0.8061,3521.56,9031.29,71.1553
2023-10-07,Fish Carrier,Diesel,8.8351,386.6531,947.7282,93.7525,2390.1808,9.5268,Calm,0.638,Coastal,Fair,5,0.7781,3262.66,11723.83,59.3463
2023-10-08,Tanker,Steam Turbine,19.7178,686.2588,3172.7789,76.8707,3197.1034,8.1424,Moderate,0.149,Long-haul,Good,5,0.35,4726.29,19493.64,44.7996
2023-10-09,Tanker,Steam Turbine,11.3672,1272.8226,1753.8885,61.2685,2513.3926,4.6351,Calm,0.4798,Coastal,Good,3,0.7657,4980.41,14904.13,125.9516
2023-10-10,Tanker,Heavy Fuel Oil (HFO),20.2017,1416.303,3736.0313,82.9913,2186.5769,6.0761,Moderate,0.7529,Transoceanic,Good,6,0.35,5460.13,23570.61,91.4794
2023-10-11,Bulk Carrier,Steam Turbine,9.5535,867.7408,2745.1841,48.6853,2686.144,5.433,Rough,0.9813,Short-haul,Fair,2,0.5771,4716.13,16874.46,111.0679
2023-10-12,Container Ship,Steam Turbine,11.743,1528.4762,1530.3381,73.9675,1043.5864,8.9688,Moderate,0.6783,Short-haul,Good,5,0.9082,4331.41,14906.7,152.292
2023-10-13,Bulk Carrier,Diesel,13.4696,475.5048,4113.4729,53.1375,1121.3946,5.4298,Rough,0.9521,Transoceanic,Good,1,0.6897,3225.75,21571.78,46.9547
2023-10-14,Fish Carrier,Heavy Fuel Oil (HFO),8.8813,1930.7668,1371.0724,63.8536,2508.9434,6.2841,Calm,0.5934,Coastal,Good,6,0.702,6220.77,15215.02,253.5843
2023-10-15,Fish Carrier,Diesel,8.6625,841.5539,1710.1527,60.6886,3424.977,9.8753,Moderate,0.6929,Short-haul,Fair,6,0.6693,5356.86,14765.33,120.4107
2023-10-16,Container Ship,Heavy Fuel Oil (HFO),17.8999,1497.6619,2003.584,74.3504,1040.1721,4.1745,Calm,0.9311,Long-haul,Good,7,0.6189,4594.57,16751.55,95.2365
2023-10-17,Fish Carrier,Steam Turbine,21.5745,1683.7395,2411.3231,95.7261,1648.3164,4.7862,Moderate,0.479,Transoceanic,Fair,1,0.35,5259.89,19604.79,89.4272
2023-10-18,Container Ship,Heavy Fuel Oil (HFO),16.9784,1325.206,6359.926,74.6127,1947.2826,8.7009,Calm,0.0874,Short-haul,Good,5,0.7271,5765.42,32174.01,96.4404
2023-10-19,Tanker,Diesel,13.2196,697.7658,2184.803,85.0319,1943.817,10.9482,Moderate,0.8037,Transoceanic,Good,3,0.8759,4036.62,16088.54,63.5187
2023-10-20,Tanker,Diesel,12.2452,2175.6031,3834.5954,65.6675,718.5328,8.4716,Moderate,0.2733,Coastal,Good,2,0.8825,5484.64,24250.67,216.2111
2023-10-21,Tanker,Diesel,12.2548,1274.4902,3617.7358,97.5815,3035.8806,7.3078,Moderate,0.6538,Short-haul,Fair,3,0.8626,5842.81,22663.65,122.8273
2023-10-22,Bulk Carrier,Heavy Fuel Oil (HFO),13.0646,1109.0204,4053.5075,90.0054,1744.9662,9.1307,Moderate,0.0175,Coastal,Good,3,0.8763,4776.74,23951.76,101.8289
2023-10-23,Fish Carrier,Heavy Fuel Oil (HFO),12.0833,1441.7877,1642.2378,77.9319,1167.9806,6.2582,Calm,0.3162,Short-haul,Good,7,0.9218,4318.71,15149.74,145.4393
2023-10-24,Bulk Carrier,Steam Turbine,15.2544,883.3298,2571.4351,53.5005,1319.1178,5.3189,Moderate,0.8971,Long-haul,Good,5,0.6224,3455.83,16802.87,76.8758
2023-10-25,Tanker,Heavy Fuel Oil (HFO),20.9277,1106.9883,6060.8471,77.8707,2838.0507,6.3943,Rough,0.7099,Coastal,Fair,1,0.35,6032.35,30765.12,66.1279
2023-10-26,Container Ship,Heavy Fuel Oil (HFO),13.9473,1702.3497,970.4433,55.7993,791.8196,8.6185,Calm,0.5932,Long-haul,Needs Maintenance,4,0.8448,4473.53,12928.73,135.7816
2023-10-27,Container Ship,Steam Turbine,8.4096,405.6697,3361.564,92.0326,2886.246,8.2907,Rough,0.5049,Long-haul,Fair,1,0.5154,4240.6,20235.23,57.0756
2023-10-28,Container Ship,Heavy Fuel Oil (HFO),9.3816,549.4323,4730.2207,69.1816,3381.6937,5.2659,Calm,0.3548,Coastal,Needs Maintenance,4,0.7182,5042.03,24334.06,72.8355
2023-10-29,Container Ship,Heavy Fuel Oil (HFO),8.5685,789.0424,3650.2657,98.6898,1943.0764,7.8774,Moderate,0.2906,Short-haul,Good,7,0.846,4473.57,21818.55,111.713
2023-10-30,Fish Carrier,Diesel,13.5492,1197.591,1528.4569,98.7664,2776.01,10.247,Calm,0.1687,Transoceanic,Fair,3,0.8799,5156.07,15872.55,111.2694
2023-10-31,Tanker,Heavy Fuel Oil (HFO),19.2138,2080.7726,6156.5568,73.1278,1112.6475,7.1824,Moderate,0.1222,Short-haul,Fair,4,0.35,6226.06,32455.67,130.2514
2023-11-01,Bulk Carrier,Diesel,13.3569,1526.3292,2371.6913,86.3385,2849.2019,9.5491,Moderate,0.2019,Coastal,Needs Maintenance,6,0.7733,5985.5,18515.34,139.2408
2023-11-02,Bulk Carrier,Heavy Fuel Oil (HFO),12.4038,890.3068,2867.4555,61.6675,2676.9658,7.4404,Rough,0.1345,Coastal,Good,6,0.7257,4634.24,18150.93,87.5351
2023-11-03,Tanker,Heavy Fuel Oil (HFO),13.4794,1138.8514,5232.8175,62.6266,778.8116,4.3158,Moderate,0.8369,Long-haul,Good,3,0.7877,4112.78,26824.73,107.3937
2023-11-04,Fish Carrier,Heavy Fuel Oil (HFO),17.0732,1344.3165,613.7442,46.0842,1613.1271,7.2264,Calm,0.8634,Long-haul,Good,5,0.5853,4572.58,10724.02,95.3088
2023-11-05,Bulk Carrier,Heavy Fuel Oil (HFO),9.3682,1125.5531,4970.4865,81.7063,1166.5562,6.0966,Calm,0.9694,Transoceanic,Good,2,0.7622,4514.59,26541.71,152.111
2023-11-06,Bulk Carrier,Heavy Fuel Oil (HFO),16.744,2111.6762,4759.4316,76.1536,2186.9782,6.9897,Rough,0.3473,Transoceanic,Fair,1,0.4402,6961.9,27323.17,152.6659
2023-11-07,Fish Carrier,Diesel,14.3452,1703.2287,1755.4965,76.7264,1296.2679,10.7348,Calm,0.7422,Short-haul,Fair,4,0.899,5157.09,16979.52,150.994
2023-11-08,Bulk Carrier,Steam Turbine,10.1066,1539.1439,1777.5223,48.5435,1269.9625,6.8871,Calm,0.8237,Transoceanic,Good,6,0.7352,4676.07,15411.42,170.9175
2023-11-09,Container Ship,Diesel,15.8376,1015.8791,1109.5276,59.2118,2949.9069,8.6107,Calm,0.176,Short-haul,Good,7,0.9129,4956.89,12491.61,79.7179
2023-11-10,Fish Carrier,Diesel,17.4034,1960.0106,2003.7596,76.4035,2100.6959,4.8445,Rough,0.6642,Transoceanic,Fair,5,0.3875,6074.14,18338.66,147.2336
2023-11-11,Container Ship,Steam Turbine,16.1806,918.8964,1828.0046,54.6335,3415.7857,7.0763,Calm,0.2543,Short-haul,Good,5,0.7115,5228.75,14137.68,70.2537
2023-11-12,Container Ship,Heavy Fuel Oil (HFO),18.0194,1824.8673,7127.9988,81.4223,3334.3752,8.8348,Rough,0.7888,Long-haul,Good,2,0.3836,7634.8,35225.51,115.7682
2023-11-13,Bulk Carrier,Steam Turbine,20.737,925.2487,4556.9561,57.9503,1289.0822,10.2317,Rough,0.9159,Transoceanic,Good,6,0.35,4453.77,24124.61,59.3356
2023-11-14,Tanker,Heavy Fuel Oil (HFO),20.2747,1822.5068,3348.9008,78.1164,2977.5985,9.1645,Moderate,0.4533,Short-haul,Fair,1,0.35,6871.66,22532.75,113.9326
2023-11-15,Container Ship,Diesel,9.1512,431.4271,8036.8671,91.5828,2620.1095,9.5485,Calm,0.3194,Short-haul,Good,4,0.9943,4803.94,36496.68,56.6951
2023-11-16,Bulk Carrier,Heavy Fuel Oil (HFO),21.2266,1957.117,2536.3641,79.4645,3239.1654,10.8189,Calm,0.1983,Transoceanic,Fair,6,0.35,6979.13,19406.92,114.8179
2023-11-17,Container Ship,Diesel,9.6429,1609.0252,4331.6068,51.5182,2697.9784,5.3338,Rough,0.8619,Long-haul,Needs Maintenance,7,0.6546,6614.58,24416.3,192.5425
2023-11-18,Fish Carrier,Steam Turbine,19.0945,160.4235,1296.4088,77.0597,2512.2596,4.6002,Moderate,0.4689,Transoceanic,Good,7,0.35,3008.51,11585.89,15.5229
2023-11-19,Tanker,Steam Turbine,8.8225,799.0113,7959.4116,98.1965,2375.0498,9.2377,Moderate,0.0455,Coastal,Good,3,0.6746,5338.05,37659.99,118.8265
2023-11-20,Bulk Carrier,Steam Turbine,21.0246,1943.5832,1346.29,51.4263,823.6541,4.8951,Calm,0.8717,Long-haul,Good,7,0.35,4563.36,14785.86,106.4244
2023-11-21,Fish Carrier,Steam Turbine,14.1009,446.466,2757.9154,95.7569,2482.6261,7.0799,Moderate,0.1889,Short-haul,Good,1,0.7273,3893.4,17404.64,41.1291
2023-11-22,Tanker,Diesel,9.5749,1611.5043,3497.5657,90.9225,2799.8226,9.758,Calm,0.5632,Transoceanic,Good,6,0.8928,6482.75,22759.47,201.9367
2023-11-23,Container Ship,Heavy Fuel Oil (HFO),17.4767,1963.4722,5145.242,77.4686,3363.4156,9.8588,Rough,0.1538,Long-haul,Fair,1,0.3955,7773.65,28700.79,134.5175
2023-11-24,Fish Carrier,Diesel,18.2416,1642.0711,890.2582,80.4004,1604.8784,4.3887,Moderate,0.0707,Transoceanic,Good,5,0.4952,5106.92,14084.48,105.7782
2023-11-25,Tanker,Diesel,18.9129,698.3654,3570.0063,68.7797,2957.7889,6.1707,Calm,0.685,Long-haul,Good,2,0.4003,4809.15,20379.33,44.6845
2023-11-26,Fish Carrier,Steam Turbine,19.3539,1389.1223,491.3785,70.4939,1327.8446,8.8037,Moderate,0.1551,Coastal,Fair,4,0.35,4385.87,11357.28,88.8159
2023-11-27,Bulk Carrier,Heavy Fuel Oil (HFO),12.2057,622.1724,3260.5008,73.2378,2129.8244,6.8911,Calm,0.4647,Long-haul,Fair,6,0.8177,3980.27,19447.46,58.6114
2023-11-28,Tanker,Diesel,13.8275,1579.195,4404.1677,89.4309,1655.7363,10.4268,Moderate,0.81,Transoceanic,Good,2,0.854,5265.23,25517.52,130.6268
2023-11-29,Bulk Carrier,Heavy Fuel Oil (HFO),8.1863,1477.182,3951.5753,84.9251,1547.8399,9.6919,Moderate,0.6167,Coastal,Good,6,0.7119,4969.77,23997.26,207.5398
2023-11-30,Bulk Carrier,Diesel,10.9292,1462.1088,3234.7719,55.5003,1542.57,7.244,Moderate,0.474,Long-haul,Fair,1,0.8356,5004.47,20071.14,150.9993
2023-12-01,Tanker,Heavy Fuel Oil (HFO),10.8187,1295.804,5135.4592,84.2201,3442.5634,9.9403,Calm,0.7371,Transoceanic,Good,5,0.7934,5946.38,27274.16,131.0476
2023-12-02,Tanker,Diesel,12.4219,233.3722,5041.0242,96.643,1670.9395,8.8826,Moderate,0.0208,Coastal,Good,3,0.9359,3246.38,26081.56,27.2706
2023-12-03,Fish Carrier,Steam Turbine,12.1075,1593.9089,1966.8499,88.7785,2939.3142,9.9117,Rough,0.6218,Transoceanic,Good,3,0.6212,6045.56,17554.17,153.9824
2023-12-04,Tanker,Heavy Fuel Oil (HFO),21.9897,853.4522,5514.7291,72.6913,2959.0835,6.3641,Calm,0.114,Long-haul,Good,2,0.35,5387.07,28155.28,45.0335
2023-12-05,Fish Carrier,Diesel,19.9477,1934.7609,641.2997,88.9443,3395.4119,9.2904,Moderate,0.9747,Short-haul,Fair,7,0.35,6709.32,13476.87,127.1605
2023-12-06,Bulk Carrier,Diesel,17.9143,1700.1258,4403.6547,90.0538,1044.3537,5.4132,Rough,0.9696,Long-haul,Fair,7,0.4421,5263.33,25869.47,117.7172
2023-12-07,Container Ship,Diesel,17.3099,418.3836,3197.7151,67.7375,1846.0661,7.2113,Calm,0.8524,Transoceanic,Good,7,0.678,3164.82,18742.76,34.139
2023-12-08,Bulk Carrier,Diesel,10.3005,229.0835,3135.0392,48.1795,2468.5012,8.9936,Calm,0.6604,Transoceanic,Needs Maintenance,5,0.756,3703.07,17264.8,32.1942
2023-12-09,Fish Carrier,Steam Turbine,11.9169,1208.3626,1252.1944,74.9434,2907.3564,8.5643,Moderate,0.6975,Short-haul,Good,7,0.7411,5093.38,13944.21,114.2791
2023-12-10,Container Ship,Steam Turbine,15.1634,755.7301,4708.9088,74.6963,1424.3325,9.8256,Rough,0.3039,Short-haul,Good,4,0.7209,4185.24,25062.48,64.8315
2023-12-11,Fish Carrier,Diesel,16.0141,110.9481,2014.7514,84.3056,3325.1104,8.6586,Calm,0.8445,Coastal,Good,2,0.7265,3701.28,14479.63,14.6511
2023-12-12,Container Ship,Diesel,13.0577,305.7744,7256.4088,93.868,2033.5086,7.1231,Calm,0.3693,Long-haul,Fair,5,0.9469,4200.72,33134.84,31.828
2023-12-13,Tanker,Steam Turbine,21.2695,1636.6056,3614.6512,70.1742,3410.4891,7.5923,Calm,0.5291,Transoceanic,Fair,6,0.35,7020.11,22049.75,99.9459
2023-12-14,Tanker,Diesel,10.1463,880.0814,3772.6746,52.8177,2350.9479,4.3406,Calm,0.8943,Short-haul,Good,3,0.9326,4638.13,21147.91,101.7311
2023-12-15,Fish Carrier,Diesel,12.3358,1049.9863,1361.332,52.3045,1087.8624,8.4552,Rough,0.7617,Transoceanic,Good,6,0.7069,3779.34,12827.69,101.7078
2023-12-16,Container Ship,Heavy Fuel Oil (HFO),20.4606,1645.4169,7110.2519,88.7887,2680.7168,7.9273,Calm,0.1238,Coastal,Needs Maintenance,5,0.35,6675.59,35324.0,93.5403
2023-12-17,Container Ship,Heavy Fuel Oil (HFO),21.1065,477.4611,6963.4019,93.8211,1943.8425,9.6484,Moderate,0.6069,Coastal,Good,4,0.35,4237.74,33043.07,32.0173
2023-12-18,Fish Carrier,Heavy Fuel Oil (HFO),15.5849,699.2386,798.6576,82.3235,864.9585,10.7279,Calm,0.1815,Coastal,Needs Maintenance,6,0.7233,2823.2,11715.33,51.9743
2023-12-19,Fish Carrier,Heavy Fuel Oil (HFO),11.3547,1353.7097,1082.9412,59.8108,1591.342,7.8718,Calm,0.0655,Coastal,Good,1,0.8635,4548.59,13258.4,149.9254
2023-12-20,Container Ship,Steam Turbine,13.6944,276.2075,3080.4874,99.192,2889.6663,7.7627,Moderate,0.4238,Long-haul,Good,5,0.7748,3575.06,19374.87,25.0061
2023-12-21,Fish Carrier,Steam Turbine,20.9053,673.9362,1700.0126,56.7015,3053.9157,5.9692,Rough,0.1614,Coastal,Good,5,0.35,4388.92,13892.17,39.136
2023-12-22,Fish Carrier,Heavy Fuel Oil (HFO),21.2357,1433.8567,786.906,62.6901,1289.7469,10.7129,Calm,0.3285,Short-haul,Fair,6,0.35,4325.03,12011.72,80.2364
2023-12-23,Bulk Carrier,Steam Turbine,15.5338,1753.341,4772.4413,81.9387,2582.2886,6.471,Calm,0.8128,Transoceanic,Fair,7,0.5999,6524.94,27381.49,144.3305
2023-12-24,Fish Carrier,Diesel,18.6179,1529.1641,2289.4192,89.4628,1319.2135,10.8608,Calm,0.9673,Long-haul,Fair,1,0.4898,4753.65,18198.65,98.2798
2023-12-25,Container Ship,Steam Turbine,14.9162,1258.7489,2811.8099,48.5948,1059.0899,4.4553,Calm,0.2596,Short-haul,Good,5,0.8713,4006.86,18345.27,104.5558
2023-12-26,Fish Carrier,Steam Turbine,13.9796,1513.5095,926.5835,67.3782,1040.8096,7.6281,Moderate,0.4956,Transoceanic,Good,5,0.6881,4313.71,13064.61,137.4168
2023-12-27,Tanker,Steam Turbine,12.6859,1948.2068,6331.5328,97.6777,3267.5866,5.3781,Calm,0.3292,Coastal,Good,1,0.7967,7771.09,33234.09,182.8418
2023-12-28,Fish Carrier,Heavy Fuel Oil (HFO),12.7712,214.309,2265.1478,79.0762,2839.476,8.3774,Calm,0.5789,Transoceanic,Good,1,0.7825,3334.53,16020.46,28.3906
2023-12-29,Bulk Carrier,Diesel,16.5503,1006.8619,1631.2424,67.0926,2428.4455,6.8778,Calm,0.8646,Transoceanic,Good,7,0.6918,4587.17,14673.73,75.3204
2023-12-30,Fish Carrier,Steam Turbine,12.5947,504.2108,424.1033,55.6488,2304.994,8.4615,Rough,0.2563,Coastal,Good,4,0.6278,3456.3,8989.88,51.6147
2023-12-31,Bulk Carrier,Diesel,17.1239,851.2616,4236.5313,78.1831,1514.979,10.7919,Calm,0.5177,Transoceanic,Good,6,0.7165,4134.63,23794.81,64.2505
2024-01-01,Container Ship,Diesel,12.7817,1502.5063,6810.3826,76.8126,3396.5817,8.3127,Moderate,0.4187,Long-haul,Fair,2,0.8419,7311.57,33542.15,133.1503
2024-01-02,Bulk Carrier,Steam Turbine,10.9839,1109.567,4398.8477,67.0172,3013.0361,4.0471,Calm,0.0099,Long-haul,Good,3,0.798,5717.74,23800.11,115.1051
2024-01-03,Bulk Carrier,Diesel,20.3954,1609.557,3569.2556,91.3585,3249.8171,4.147,Calm,0.6775,Short-haul,Good,4,0.35,6613.53,23262.29,100.51
2024-01-04,Tanker,Diesel,21.1763,2151.9139,1283.8621,52.9438,3287.6353,9.5643,Calm,0.1917,Short-haul,Fair,4,0.35,7189.9,15167.7,121.2469
2024-01-05,Container Ship,Steam Turbine,8.7456,1770.785,4464.7699,56.5081,927.9416,7.2947,Calm,0.6635,Long-haul,Good,1,0.7669,5424.56,24954.97,223.7095
2024-01-06,Fish Carrier,Heavy Fuel Oil (HFO),13.2343,1558.4703,1190.0798,95.6652,2335.1513,4.2562,Moderate,0.2195,Long-haul,Good,2,0.7516,5458.81,14693.12,133.3464
2024-01-07,Fish Carrier,Heavy Fuel Oil (HFO),12.1307,1189.5235,1277.1851,69.8133,1911.0159,6.5726,Moderate,0.4975,Long-haul,Fair,3,0.7395,4509.22,13984.48,113.5385
2024-01-08,Fish Carrier,Diesel,20.9725,306.6591,682.0337,63.1083,1547.6036,9.709,Calm,0.6835,Coastal,Fair,3,0.35,2864.6,9568.71,22.8862
2024-01-09,Fish Carrier,Diesel,18.9638,948.0034,1590.35,73.1956,2831.2495,5.045,Moderate,0.3975,Short-haul,Fair,2,0.35,4793.63,14731.36,62.9809
2024-01-10,Tanker,Steam Turbine,12.383,494.4778,3728.8047,75.7146,1749.1605,8.0426,Moderate,0.1283,Short-haul,Fair,6,0.8091,3671.86,20692.06,52.6304
2024-01-11,Tanker,Steam Turbine,15.9461,167.6389,5064.3095,88.953,3258.5061,8.0172,Moderate,0.3909,Short-haul,Good,4,0.6202,4125.75,25598.52,15.8117
2024-01-12,Bulk Carrier,Heavy Fuel Oil (HFO),12.265,459.9897,2781.2658,46.4761,1257.1965,10.3794,Moderate,0.3859,Transoceanic,Fair,2,0.785,3341.77,16506.11,42.249
2024-01-13,Tanker,Heavy Fuel Oil (HFO),13.8578,1660.5998,4750.716,62.0366,2990.1091,8.6535,Calm,0.1588,Coastal,Good,5,0.8221,6541.42,26280.78,153.8561
2024-01-14,Fish Carrier,Diesel,19.5442,1370.1821,1385.1181,70.4482,809.4374,4.6377,Calm,0.6463,Long-haul,Good,4,0.35,4215.89,14540.0,89.0687
2024-01-15,Tanker,Diesel,20.7517,485.2331,3304.6767,92.8797,1466.5736,8.3966,Calm,0.2919,Transoceanic,Good,1,0.35,3423.27,20533.11,34.1509
2024-01-16,Bulk Carrier,Heavy Fuel Oil (HFO),18.9131,961.2017,2261.4869,80.1377,2591.7418,7.2333,Calm,0.3437,Coastal,Good,4,0.4289,4633.19,17181.84,56.1602
2024-01-17,Tanker,Heavy Fuel Oil (HFO),11.3921,2095.0387,1429.8636,45.9936,981.4423,6.059,Moderate,0.5347,Coastal,Good,4,0.7953,5358.2,14902.24,205.3219
2024-01-18,Tanker,Heavy Fuel Oil (HFO),15.4522,1028.3221,5127.3325,81.3022,987.8212,8.8324,Calm,0.444,Coastal,Fair,5,0.8166,4265.81,26985.96,87.6591
2024-01-19,Bulk Carrier,Diesel,10.6901,1504.7939,1717.8592,54.2336,1167.7323,6.9098,Calm,0.1077,Coastal,Good,3,0.9873,4273.72,14625.28,162.6482
2024-01-20,Tanker,Heavy Fuel Oil (HFO),12.5271,131.4886,2785.2524,81.1879,1479.6813,8.3674,Calm,0.0439,Long-haul,Good,2,0.8701,2864.24,17202.77,20.0127
2024-01-21,Container Ship,Heavy Fuel Oil (HFO),17.7484,1523.5911,6303.812,93.6182,1590.3075,9.9609,Rough,0.4821,Short-haul,Needs Maintenance,3,0.4142,5535.56,32695.67,97.9116
2024-01-22,Container Ship,Steam Turbine,16.6289,1983.2368,3409.9507,48.2958,1748.6662,6.0763,Moderate,0.1517,Coastal,Good,2,0.597,5986.17,21118.46,150.4599
2024-01-23,Container Ship,Heavy Fuel Oil (HFO),21.6859,1460.8975,1035.4384,58.3237,2210.0729,10.3464,Calm,0.665,Coastal,Good,2,0.35,5183.95,13394.99,87.7102
2024-01-24,Fish Carrier,Diesel,14.883,2102.6885,1555.7509,54.5522,2236.7719,9.5666,Calm,0.2044,Coastal,Good,5,0.8865,6473.18,15645.25,163.4762
2024-01-25,Container Ship,Heavy Fuel Oil (HFO),10.8196,1911.0936,6123.0566,70.8892,1883.5523,8.2658,Calm,0.4334,Transoceanic,Needs Maintenance,2,0.8412,6699.46,31888.3,221.179
2024-01-26,Bulk Carrier,Heavy Fuel Oil (HFO),10.4598,898.9455,2340.7587,63.3279,2701.6174,5.37,Moderate,0.9161,Long-haul,Good,1,0.7678,4744.28,17163.23,107.6565
2024-01-27,Fish Carrier,Heavy Fuel Oil (HFO),8.5436,2035.3668,629.4452,59.0392,3256.6408,9.0557,Moderate,0.5096,Coastal,Good,4,0.6061,7086.6,12538.07,284.609
2024-01-28,Tanker,Steam Turbine,19.3838,1425.0007,2590.937,70.0509,2606.9862,5.78,Calm,0.6021,Transoceanic,Good,6,0.35,5632.62,18846.87,94.3929
2024-01-29,Bulk Carrier,Steam Turbine,13.9762,1552.8573,4186.3741,85.3663,2806.8943,10.4702,Rough,0.8694,Transoceanic,Good,1,0.6086,6278.62,25073.33,137.4596
2024-01-30,Container Ship,Steam Turbine,10.3576,1132.6188,4458.3286,60.8587,1906.6589,5.2348,Calm,0.1864,Short-haul,Good,2,0.8909,5050.81,24348.58,140.2669
2024-01-31,Bulk Carrier,Steam Turbine,20.6318,958.464,3475.6311,61.1219,1757.6399,5.9373,Calm,0.3422,Long-haul,Good,5,0.35,4388.23,20487.84,55.8709
2024-02-01,Fish Carrier,Diesel,15.3127,115.2501,1724.0377,71.0277,1643.6839,7.0062,Moderate,0.3708,Coastal,Good,3,0.8115,2603.15,13153.16,15.3097
2024-02-02,Fish Carrier,Heavy Fuel Oil (HFO),17.7763,1622.9624,1234.3288,60.3707,2657.9409,9.7054,Moderate,0.3684,Coastal,Good,5,0.4554,5583.82,13813.21,115.6128
2024-02-03,Bulk Carrier,Steam Turbine,13.0429,196.084,4561.2136,67.0091,2415.2586,4.5696,Rough,0.4279,Short-haul,Good,4,0.7299,3670.59,23108.73,24.9129
2024-02-04,Container Ship,Steam Turbine,19.1555,732.8314,3936.7949,69.5458,1023.9002,8.6385,Rough,0.2409,Coastal,Good,2,0.35,3588.36,21897.3,49.1392
2024-02-05,Bulk Carrier,Diesel,18.7283,562.7897,1782.4463,52.4666,2196.7212,9.0779,Rough,0.0904,Short-haul,Needs Maintenance,6,0.35,3795.03,13840.61,42.5574
2024-02-06,Tanker,Steam Turbine,11.1297,342.9489,6955.2834,85.954,1025.0974,6.5742,Moderate,0.8533,Transoceanic,Fair,4,0.7101,3720.53,32610.05,37.92
2024-02-07,Tanker,Heavy Fuel Oil (HFO),21.075,365.2455,1892.4739,91.8799,1584.5934,9.713,Calm,0.2968,Short-haul,Fair,2,0.35,3010.5,14723.39,23.1573
2024-02-08,Bulk Carrier,Steam Turbine,19.8674,1305.3411,2755.4926,48.2347,2968.5885,5.0689,Calm,0.7168,Coastal,Good,7,0.35,5722.33,18088.21,85.4779
2024-02-09,Container Ship,Heavy Fuel Oil (HFO),17.2295,1881.8883,5624.6538,99.4673,2821.5997,6.7374,Moderate,0.5278,Short-haul,Needs Maintenance,3,0.518,7528.18,31272.18,135.2897
2024-02-10,Bulk Carrier,Steam Turbine,14.1864,1113.1276,5950.4356,80.8181,1714.2322,9.993,Calm,0.1019,Long-haul,Good,7,0.8446,5209.21,30061.69,100.7856
2024-02-11,Container Ship,Diesel,8.7346,2158.5812,4027.2001,67.2197,795.1799,5.686,Calm,0.4886,Transoceanic,Good,6,0.891,5589.29,25279.82,302.9735
2024-02-12,Bulk Carrier,Heavy Fuel Oil (HFO),17.1447,871.3784,1858.0418,73.0362,764.4749,8.0109,Rough,0.5726,Transoceanic,Good,3,0.4774,3151.55,14965.18,62.9851
2024-02-13,Tanker,Heavy Fuel Oil (HFO),17.9928,1910.642,4101.9067,89.9605,2893.7288,7.7106,Moderate,0.0639,Coastal,Good,7,0.4186,6913.71,25459.07,131.0229
2024-02-14,Bulk Carrier,Diesel,14.2613,760.0218,1207.6742,59.1218,2808.5924,4.5923,Rough,0.1247,Long-haul,Good,3,0.6497,4026.23,12500.29,65.099
2024-02-15,Bulk Carrier,Diesel,14.2289,1311.8501,4557.8764,74.6015,1287.5506,4.6931,Calm,0.8198,Short-haul,Fair,2,0.9244,4837.49,25677.81,115.8829
2024-02-16,Fish Carrier,Heavy Fuel Oil (HFO),11.5695,901.7429,547.021,68.3939,2644.643,7.7513,Calm,0.0706,Transoceanic,Good,6,0.8344,4228.29,10055.15,91.8363
2024-02-17,Container Ship,Heavy Fuel Oil (HFO),14.0708,154.4107,1633.7456,75.1603,884.6862,8.4812,Moderate,0.3628,Short-haul,Needs Maintenance,3,0.8154,2134.25,13809.62,16.9161
2024-02-18,Container Ship,Heavy Fuel Oil (HFO),18.1966,743.7541,4836.5011,92.5969,2244.3182,8.2523,Rough,0.8966,Coastal,Good,2,0.4711,4711.22,26500.04,52.0277
2024-02-19,Tanker,Heavy Fuel Oil (HFO),15.1899,426.5317,1989.688,84.8981,3428.5996,8.9525,Moderate,0.2491,Short-haul,Good,5,0.683,4341.93,14961.2,36.0731
2024-02-20,Tanker,Steam Turbine,20.0109,2089.6548,2142.8085,85.1474,3345.6275,5.1558,Rough,0.0574,Long-haul,Good,6,0.35,7407.88,18700.3,123.1947
2024-02-21,Tanker,Steam Turbine,15.2102,2195.7043,5711.5007,95.0988,2788.5683,8.9991,Moderate,0.7026,Long-haul,Good,6,0.5962,8152.4,32493.38,178.1875
2024-02-22,Bulk Carrier,Steam Turbine,20.347,1199.3845,3111.9159,97.3866,1883.6224,6.6537,Calm,0.3733,Long-haul,Fair,1,0.35,4957.88,20449.43,71.9524
2024-02-23,Bulk Carrier,Heavy Fuel Oil (HFO),8.0313,1425.4706,3110.5461,73.3541,3201.57,10.5479,Calm,0.8925,Short-haul,Good,7,0.7107,6211.34,20501.63,212.1857
2024-02-24,Container Ship,Heavy Fuel Oil (HFO),10.7656,1211.1028,4051.0374,87.3196,1400.3773,7.2949,Calm,0.3743,Coastal,Good,3,0.9818,4676.48,23781.51,130.8526
2024-02-25,Tanker,Steam Turbine,18.4593,112.2015,2016.5358,52.3524,1878.9562,6.3185,Moderate,0.0316,Long-haul,Good,6,0.35,2947.75,13258.64,10.7858
2024-02-26,Container Ship,Heavy Fuel Oil (HFO),20.9299,1870.4321,1291.7541,53.5548,2100.0026,9.3717,Moderate,0.2365,Transoceanic,Good,6,0.35,5779.7,14240.51,113.245
2024-02-27,Tanker,Heavy Fuel Oil (HFO),11.4685,420.241,7593.0248,99.6841,1392.5922,9.7443,Calm,0.1984,Coastal,Fair,6,0.9155,3940.3,35542.52,49.4952
2024-02-28,Container Ship,Diesel,21.8656,2051.1065,4153.1755,67.4013,1558.0487,8.4332,Calm,0.2314,Transoceanic,Good,3,0.35,6111.59,25130.37,108.8572
2024-02-29,Bulk Carrier,Heavy Fuel Oil (HFO),11.4576,1979.7231,1776.3826,60.6924,1484.4462,8.2457,Calm,0.4309,Short-haul,Fair,3,0.913,5503.14,16783.73,194.526
2024-03-01,Container Ship,Heavy Fuel Oil (HFO),16.2448,1369.899,1851.9645,50.8501,2462.7642,8.2128,Calm,0.041,Short-haul,Fair,6,0.7382,5247.36,15273.14,105.4889
2024-03-02,Fish Carrier,Heavy Fuel Oil (HFO),10.1514,368.4471,2507.8789,91.5348,2268.9689,6.4314,Moderate,0.366,Long-haul,Good,6,0.7338,3217.68,17467.15,43.1154
2024-03-03,Bulk Carrier,Diesel,21.3812,227.6661,5816.0902,74.2858,2137.7656,4.5249,Moderate,0.4377,Long-haul,Good,5,0.35,3717.44,28005.44,18.6746
2024-03-04,Container Ship,Diesel,8.1241,2050.1173,4895.924,91.8861,1529.8183,5.8796,Calm,0.1191,Long-haul,Good,2,0.9176,6294.56,29053.15,269.8307
2024-03-05,Fish Carrier,Diesel,10.9396,343.9882,2846.8952,97.0535,3175.1619,5.8483,Moderate,0.1336,Long-haul,Needs Maintenance,5,0.6874,4088.95,18449.32,42.7826
2024-03-06,Fish Carrier,Diesel,21.6025,1228.5163,2127.408,86.0173,1769.5467,8.5768,Moderate,0.87,Short-haul,Good,6,0.35,4540.06,17288.61,68.6876
2024-03-07,Tanker,Diesel,20.6304,296.7512,2323.1709,71.9785,2742.544,8.5329,Calm,0.021,Transoceanic,Good,2,0.35,3627.0,15505.77,24.5551
2024-03-08,Container Ship,Diesel,21.5854,310.491,4590.3853,65.7831,758.0046,9.7859,Calm,0.7634,Transoceanic,Needs Maintenance,6,0.35,2881.29,23803.72,20.925
2024-03-09,Bulk Carrier,Diesel,9.1895,392.3832,4644.2064,71.34,1382.6648,7.8047,Moderate,0.2675,Short-haul,Fair,5,0.8168,3527.64,24109.45,52.8346
2024-03-10,Tanker,Diesel,13.9799,409.4907,4214.2358,93.6323,3003.7976,4.7869,Calm,0.1696,Long-haul,Good,1,0.8897,4739.19,23121.6,34.8647
2024-03-11,Bulk Carrier,Diesel,12.6878,480.8675,2696.7499,60.7853,3151.1261,5.8977,Moderate,0.4993,Long-haul,Good,3,0.8416,4304.65,16815.61,53.7305
2024-03-12,Bulk Carrier,Diesel,13.4684,1614.8213,6522.1159,97.7772,1479.7332,4.6331,Moderate,0.9948,Long-haul,Good,2,0.8863,5667.98,34057.46,142.6305
2024-03-13,Fish Carrier,Diesel,15.6907,1231.3692,971.6057,84.3207,2175.4486,9.4361,Moderate,0.8113,Long-haul,Good,2,0.715,5176.12,13085.56,96.8478
2024-03-14,Bulk Carrier,Heavy Fuel Oil (HFO),8.8341,833.6298,3737.8924,52.9277,3089.2742,10.8027,Moderate,0.913,Long-haul,Needs Maintenance,2,0.5878,5229.05,20879.93,115.8849
2024-03-15,Bulk Carrier,Steam Turbine,9.4841,1321.3749,2509.925,52.7703,1386.1283,4.0873,Rough,0.8311,Short-haul,Good,4,0.6284,4528.74,17012.41,153.5574
2024-03-16,Fish Carrier,Heavy Fuel Oil (HFO),17.0279,127.7398,1168.335,54.5469,1148.9766,6.7747,Calm,0.4236,Short-haul,Good,4,0.592,2148.92,10648.68,14.2672
2024-03-17,Container Ship,Heavy Fuel Oil (HFO),9.7519,544.9149,2439.4401,75.7612,3056.7964,9.7159,Rough,0.4684,Transoceanic,Needs Maintenance,3,0.5877,4296.3,16739.18,70.3968
2024-03-18,Fish Carrier,Steam Turbine,9.0893,1366.6994,620.6711,48.5926,2371.9101,9.2957,Calm,0.3091,Short-haul,Good,5,0.7492,5345.34,10750.92,167.6191
2024-03-19,Tanker,Diesel,8.1187,848.9632,5847.9263,84.9128,3426.7821,8.9186,Calm,0.0974,Coastal,Needs Maintenance,4,0.6935,5503.2,29460.74,133.5682
2024-03-20,Bulk Carrier,Steam Turbine,19.9284,709.2507,2315.3298,84.5154,3176.3258,9.6523,Moderate,0.6542,Transoceanic,Good,7,0.35,4228.42,16555.14,48.8937
2024-03-21,Fish Carrier,Heavy Fuel Oil (HFO),16.7286,2074.2964,2235.2139,99.8355,2399.2557,10.7061,Moderate,0.5669,Short-haul,Good,4,0.6029,6585.67,19294.37,134.7022
2024-03-22,Bulk Carrier,Heavy Fuel Oil (HFO),12.1385,243.1399,3780.3743,70.3408,3461.2013,10.8494,Calm,0.7631,Short-haul,Good,4,0.8772,4183.9,21206.43,26.941
2024-03-23,Tanker,Heavy Fuel Oil (HFO),15.1747,1411.727,4593.4899,93.2575,3475.4948,4.2987,Rough,0.9774,Long-haul,Good,1,0.5732,6658.93,26348.18,114.9401
2024-03-24,Bulk Carrier,Heavy Fuel Oil (HFO),11.1227,1935.7337,5354.2133,90.0059,1005.5333,5.2619,Calm,0.1083,Transoceanic,Fair,4,0.8631,5619.39,30220.45,198.0814
2024-03-25,Tanker,Diesel,21.2795,405.579,3405.9019,48.432,2963.894,9.5269,Calm,0.9786,Coastal,Good,2,0.35,4408.91,18712.38,27.4269
2024-03-26,Fish Carrier,Heavy Fuel Oil (HFO),11.8347,271.5891,1512.8058,94.119,1215.4192,4.3762,Moderate,0.895,Coastal,Good,4,0.8021,2780.66,13280.12,28.9468
2024-03-27,Container Ship,Steam Turbine,15.8527,1976.9365,5664.3767,81.5235,3005.8107,9.1405,Calm,0.8252,Transoceanic,Fair,6,0.6684,7449.94,30780.65,141.7391
2024-03-28,Fish Carrier,Diesel,18.112,2175.3011,1630.1568,76.8107,802.1607,9.22,Moderate,0.1877,Transoceanic,Good,6,0.4902,5215.96,17575.09,139.2655
2024-03-29,Bulk Carrier,Heavy Fuel Oil (HFO),12.2975,1820.0082,1655.8703,64.3451,3018.9204,6.9809,Moderate,0.9741,Coastal,Good,3,0.7538,6446.36,15905.06,161.8088
2024-03-30,Container Ship,Steam Turbine,17.6397,1018.7367,6174.9981,99.745,2956.6313,4.7267,Calm,0.6496,Short-haul,Fair,5,0.552,5786.8,31028.9,75.0453
2024-03-31,Bulk Carrier,Steam Turbine,18.8763,1258.3346,2225.191,88.6563,1999.052,10.356,Calm,0.6449,Transoceanic,Good,7,0.3635,4763.65,17807.53,81.9222
2024-04-01,Fish Carrier,Heavy Fuel Oil (HFO),20.6374,2009.6092,1291.9403,46.4436,2913.4284,9.8854,Rough,0.519,Short-haul,Good,6,0.35,6647.0,14306.08,128.8828
2024-04-02,Container Ship,Steam Turbine,16.09,370.628,6487.4422,73.4502,1924.7244,4.697,Moderate,0.8012,Coastal,Fair,5,0.6831,3854.31,30763.05,30.1934
2024-04-03,Fish Carrier,Steam Turbine,9.3057,1018.5842,637.6444,95.6327,920.563,6.6768,Calm,0.7423,Short-haul,Good,2,0.831,3365.62,11790.22,135.0728
2024-04-04,Container Ship,Steam Turbine,17.2296,677.4261,3164.4764,50.6881,1985.5576,8.1713,Moderate,0.1071,Transoceanic,Fair,3,0.4632,4267.73,18839.63,46.4274
2024-04-05,Container Ship,Heavy Fuel Oil (HFO),14.8112,1413.9338,3285.6251,69.7983,1151.0902,6.0913,Calm,0.9036,Coastal,Good,6,0.8565,4564.07,21332.5,108.6927
2024-04-06,Bulk Carrier,Diesel,10.6998,162.066,996.9349,51.3134,1307.4818,6.2928,Moderate,0.2198,Short-haul,Needs Maintenance,6,0.8159,2342.43,10274.74,20.7585
2024-04-07,Bulk Carrier,Heavy Fuel Oil (HFO),19.3262,1015.7302,7018.0701,91.532,2708.7092,10.7331,Moderate,0.1029,Short-haul,Good,7,0.35,5658.83,33475.72,71.2548
2024-04-08,Tanker,Steam Turbine,16.5021,1001.5572,1310.3785,54.1987,794.528,7.5795,Moderate,0.5869,Short-haul,Fair,3,0.551,3569.97,12672.92,78.3209
2024-04-09,Tanker,Diesel,10.6028,615.1681,1841.2001,45.5298,2627.2188,9.0176,Calm,0.2138,Short-haul,Good,5,0.9383,3771.91,13350.41,71.7511
2024-04-10,Bulk Carrier,Steam Turbine,17.0478,1532.477,3246.2421,72.1664,831.0172,5.9209,Calm,0.1193,Coastal,Good,4,0.6085,4432.16,21410.12,101.4258
2024-04-11,Fish Carrier,Diesel,11.9811,1867.45,2255.5959,80.4627,894.4715,4.6658,Moderate,0.8025,Coastal,Needs Maintenance,6,0.7875,5087.32,18626.11,176.9184
2024-04-12,Bulk Carrier,Heavy Fuel Oil (HFO),16.9754,2011.9908,6352.478,90.4001,1088.4564,10.9548,Calm,0.8614,Transoceanic,Good,6,0.6497,6204.27,34122.55,137.7993
2024-04-13,Fish Carrier,Steam Turbine,18.9892,332.6876,1246.9945,89.6867,1455.7538,5.1924,Rough,0.1378,Coastal,Good,4,0.35,2853.54,12977.61,24.4192
2024-04-14,Tanker,Steam Turbine,17.2578,2150.3339,2276.8946,61.2929,931.824,7.9096,Calm,0.8729,Long-haul,Good,6,0.5072,5413.28,18373.42,154.0929
2024-04-15,Tanker,Diesel,13.3908,1124.0557,3323.6638,62.2347,3344.2678,8.9596,Calm,0.6553,Long-haul,Good,7,0.8115,5765.74,20930.52,95.9941
2024-04-16,Container Ship,Heavy Fuel Oil (HFO),17.6077,2098.1387,1202.6265,51.061,746.4462,7.2259,Calm,0.2668,Short-haul,Good,4,0.6642,4965.8,14955.94,145.6081
2024-04-17,Bulk Carrier,Heavy Fuel Oil (HFO),14.0319,800.853,4356.7236,96.0411,1243.0086,5.3261,Calm,0.1766,Long-haul,Good,3,0.8612,3906.06,24091.89,70.9635
2024-04-18,Container Ship,Diesel,11.3427,1217.4766,5416.1146,66.6087,1315.6872,9.7685,Calm,0.6917,Coastal,Good,4,1.0122,4772.09,28181.34,123.8323
2024-04-19,Fish Carrier,Steam Turbine,17.8066,1101.1925,572.5057,48.82,1224.5644,10.2991,Calm,0.1418,Long-haul,Good,1,0.4839,3583.53,10329.42,73.0377
2024-04-20,Bulk Carrier,Steam Turbine,14.8363,619.7719,2253.7865,90.9447,2170.7537,5.1711,Calm,0.1466,Transoceanic,Good,1,0.733,3779.75,16986.1,51.5215
2024-04-21,Fish Carrier,Steam Turbine,14.4225,1838.2739,1706.0965,92.582,3062.3519,7.3905,Calm,0.2699,Transoceanic,Good,5,0.7035,6578.98,16931.2,165.9164
2024-04-22,Tanker,Diesel,18.4211,507.0684,6340.907,82.3341,3217.8199,7.1449,Calm,0.9583,Transoceanic,Good,5,0.4427,4987.52,30706.43,37.3279
2024-04-23,Tanker,Heavy Fuel Oil (HFO),17.8257,1851.7603,4582.9765,64.0849,1008.5336,4.0583,Calm,0.9272,Coastal,Good,2,0.5332,5470.21,25985.7,134.9022
2024-04-24,Fish Carrier,Diesel,11.0426,1833.4883,556.3583,90.8761,839.7257,4.964,Moderate,0.8787,Coastal,Good,7,0.8644,4570.13,12755.28,208.858
2024-04-25,Bulk Carrier,Steam Turbine,20.8556,710.6843,1324.3664,66.2432,1817.5181,10.3291,Calm,0.893,Long-haul,Good,3,0.35,3573.74,12788.06,46.006
2024-04-26,Container Ship,Heavy Fuel Oil (HFO),9.1984,1289.9967,3892.6527,69.0291,1088.1077,7.0933,Calm,0.3133,Long-haul,Good,6,0.8741,4374.89,22999.87,172.0515
2024-04-27,Tanker,Heavy Fuel Oil (HFO),13.8929,1687.2986,2771.2652,52.0001,2221.1547,7.959,Calm,0.2933,Coastal,Needs Maintenance,7,0.7489,5780.5,19086.13,148.5765
2024-04-28,Bulk Carrier,Diesel,9.3636,710.2115,3928.2193,82.0927,2770.2176,4.3711,Calm,0.2051,Coastal,Good,2,0.8562,4928.63,22881.91,95.9704
2024-04-29,Container Ship,Heavy Fuel Oil (HFO),16.7313,521.4697,1601.0648,58.5963,990.0997,4.1726,Moderate,0.5058,Coastal,Fair,4,0.6446,2866.44,13339.39,43.1437
2024-04-30,Fish Carrier,Steam Turbine,16.9068,488.0965,758.0771,75.0675,2033.2435,6.0303,Moderate,0.6675,Coastal,Good,5,0.4519,3107.07,10952.3,39.166
2024-05-01,Bulk Carrier,Heavy Fuel Oil (HFO),11.9679,352.2656,3419.8477,81.1455,1944.5423,10.3568,Calm,0.3547,Transoceanic,Good,2,0.8603,3529.13,19573.75,40.4265
2024-05-02,Container Ship,Heavy Fuel Oil (HFO),10.443,417.9457,3039.4883,52.7022,2897.8906,8.6091,Rough,0.9235,Transoceanic,Good,1,0.7323,3986.77,17972.44,55.2269
2024-05-03,Container Ship,Steam Turbine,12.5371,2105.9087,5667.2387,91.8617,1145.7031,4.6758,Moderate,0.1062,Short-haul,Good,6,0.8528,6197.84,31317.14,216.1922
2024-05-04,Container Ship,Steam Turbine,8.867,626.0161,5699.6801,79.7212,782.4865,5.2185,Rough,0.1077,Transoceanic,Needs Maintenance,4,0.545,3516.65,28276.4,87.3963
2024-05-05,Fish Carrier,Heavy Fuel Oil (HFO),18.3902,1011.5323,788.6278,97.7908,969.3771,4.2327,Calm,0.1406,Short-haul,Good,1,0.5083,3556.96,12695.58,66.1988
2024-05-06,Tanker,Diesel,12.9908,1989.4871,5645.1392,93.0687,2293.6268,4.8903,Moderate,0.5172,Transoceanic,Good,1,0.8719,6839.33,30936.36,167.7987
2024-05-07,Container Ship,Heavy Fuel Oil (HFO),13.0107,1932.1293,2741.941,73.4768,2411.4926,6.1857,Rough,0.6186,Short-haul,Good,5,0.7855,6354.95,20140.25,177.4213
2024-05-08,Fish Carrier,Heavy Fuel Oil (HFO),8.8315,528.8899,1170.8103,48.4281,2081.9543,9.6396,Calm,0.5639,Short-haul,Fair,5,0.7379,3873.52,11431.01,77.8958
2024-05-09,Tanker,Steam Turbine,14.7028,371.8756,2226.1706,64.2642,2037.2593,9.4708,Moderate,0.8764,Coastal,Fair,2,0.6577,3362.27,14628.68,37.339
2024-05-10,Bulk Carrier,Steam Turbine,17.7362,1002.4092,4403.6564,99.0394,1729.5843,5.3555,Moderate,0.4365,Transoceanic,Fair,1,0.3897,4761.9,25203.06,64.5878
2024-05-11,Bulk Carrier,Diesel,9.0726,366.1034,1706.0692,58.4334,1518.7556,8.2429,Rough,0.4787,Long-haul,Fair,1,0.6842,2888.57,13022.87,53.1788
2024-05-12,Container Ship,Heavy Fuel Oil (HFO),12.0976,1472.6521,1717.2064,47.9699,3221.1911,8.9385,Moderate,0.6219,Short-haul,Fair,3,0.7637,6152.91,14534.37,137.2
2024-05-13,Fish Carrier,Steam Turbine,19.4293,398.1186,1107.6024,51.2831,2096.941,4.2363,Moderate,0.278,Coastal,Good,4,0.35,3604.51,10844.49,28.8873
2024-05-14,Tanker,Heavy Fuel Oil (HFO),10.582,1005.2784,1978.2382,46.4296,2404.47,10.2522,Calm,0.9227,Long-haul,Good,3,0.8217,4654.74,14584.7,120.6893
2024-05-15,Tanker,Heavy Fuel Oil (HFO),15.7461,2100.1945,3740.6715,68.3109,2713.8165,9.3831,Moderate,0.2601,Coastal,Fair,4,0.55,7256.91,23676.46,153.8486
2024-05-16,Fish Carrier,Diesel,13.5244,1392.6492,1943.6033,78.44,1048.058,7.9791,Rough,0.321,Short-haul,Good,3,0.8553,4314.83,16559.11,130.2403
2024-05-17,Bulk Carrier,Heavy Fuel Oil (HFO),16.114,267.0485,4357.4033,59.1904,2902.86,5.8168,Moderate,0.4949,Long-haul,Good,2,0.583,4009.29,22366.51,21.7468
2024-05-18,Tanker,Steam Turbine,18.0037,644.015,3631.0176,84.5076,2381.6207,6.4481,Calm,0.0775,Long-haul,Good,4,0.4589,4350.69,21699.37,40.8343
2024-05-19,Tanker,Diesel,12.5716,1755.1454,4985.7145,98.5426,2441.3658,5.1222,Moderate,0.0446,Short-haul,Good,2,0.9127,6522.19,28036.71,170.447
2024-05-20,Fish Carrier,Diesel,10.101,1701.4849,2207.3498,76.0971,3493.8763,8.4123,Calm,0.734,Coastal,Fair,5,0.8081,6744.74,17934.88,208.6501
2024-05-21,Tanker,Steam Turbine,10.7303,1308.0118,4819.9346,57.699,1581.4859,10.8068,Moderate,0.6931,Transoceanic,Good,4,0.726,4771.69,25078.53,140.928
2024-05-22,Tanker,Steam Turbine,19.5895,2172.1644,5209.0264,81.6246,2395.5279,9.571,Calm,0.3416,Transoceanic,Good,1,0.35,7472.13,29457.06,122.762
2024-05-23,Container Ship,Diesel,13.8608,1707.5701,4613.044,90.8622,767.0081,5.1685,Rough,0.073,Coastal,Good,5,0.9349,4789.87,26586.53,155.7605
2024-05-24,Fish Carrier,Diesel,16.6328,2187.6816,979.8587,67.4881,1959.3104,9.8436,Calm,0.2893,Short-haul,Good,4,0.7744,6126.78,13834.5,162.922
2024-05-25,Bulk Carrier,Diesel,14.3494,772.9174,1672.9634,57.7745,2081.2217,4.338,Rough,0.5177,Short-haul,Fair,5,0.6778,3830.14,13690.17,65.0908
2024-05-26,Container Ship,Diesel,11.8956,1947.1259,2992.8556,71.765,1326.1734,5.1852,Moderate,0.9392,Long-haul,Good,3,0.9628,5779.16,20788.57,210.7602
2024-05-27,Container Ship,Diesel,20.6356,2115.6991,3487.1525,46.4178,1268.7946,10.5926,Calm,0.5712,Long-haul,Good,6,0.35,5916.63,21996.29,124.4674
2024-05-28,Bulk Carrier,Heavy Fuel Oil (HFO),20.103,2185.4622,5615.8769,88.6326,2736.6125,6.2898,Rough,0.5071,Transoceanic,Good,3,0.35,7645.08,31087.66,130.4213
2024-05-29,Fish Carrier,Diesel,15.8144,1859.0336,1626.463,77.2489,3141.9215,5.5415,Calm,0.1957,Short-haul,Good,4,0.7948,6923.58,16437.18,144.3731
2024-05-30,Container Ship,Diesel,10.9197,474.0416,2840.0324,80.0743,2055.8526,8.5986,Calm,0.1801,Transoceanic,Good,3,1.0532,3565.95,17792.97,60.1318
2024-05-31,Tanker,Steam Turbine,11.065,2122.1298,2875.615,58.6068,1889.6228,5.2334,Calm,0.9563,Transoceanic,Good,6,0.7872,6481.07,19896.33,235.0536
2024-06-01,Tanker,Steam Turbine,11.7509,551.723,3367.7147,82.1244,1851.4414,9.6632,Calm,0.4252,Long-haul,Good,3,0.8518,3731.44,19883.62,61.4763
2024-06-02,Bulk Carrier,Heavy Fuel Oil (HFO),10.3315,533.0217,4443.3756,78.2729,755.7758,9.0556,Calm,0.8024,Long-haul,Good,1,0.8979,3089.54,23838.64,64.4069
2024-06-03,Container Ship,Heavy Fuel Oil (HFO),13.5374,1607.4231,2107.3149,75.4123,1396.3705,4.0955,Moderate,0.8455,Long-haul,Fair,7,0.8157,4795.94,17615.11,149.6233
2024-06-04,Container Ship,Heavy Fuel Oil (HFO),17.633,170.9338,6855.0301,90.0063,3154.5406,10.0339,Calm,0.0765,Long-haul,Fair,5,0.5807,4238.68,32148.02,13.0725
2024-06-05,Container Ship,Diesel,16.4797,755.5984,3027.1092,56.1467,1439.9559,8.5924,Moderate,0.4714,Transoceanic,Good,3,0.7086,3657.08,18554.68,55.4152
2024-06-06,Fish Carrier,Steam Turbine,21.9042,1627.8707,1777.5266,76.7834,769.6972,9.3984,Moderate,0.4471,Long-haul,Good,4,0.35,4327.07,16471.71,89.8331
2024-06-07,Container Ship,Diesel,9.1744,946.7097,2640.3445,48.2413,2081.5697,6.883,Rough,0.7405,Transoceanic,Good,7,0.7276,4300.61,17011.47,115.3864
2024-06-08,Bulk Carrier,Heavy Fuel Oil (HFO),12.3822,1469.2181,3780.2724,99.6015,928.0161,4.7353,Moderate,0.6993,Transoceanic,Good,4,0.8342,4670.1,24058.28,139.6558
2024-06-09,Bulk Carrier,Diesel,19.2442,1123.1061,4443.0601,68.9514,1523.8262,10.4538,Rough,0.6767,Transoceanic,Good,5,0.35,4583.72,24415.07,72.3792
2024-06-10,Fish Carrier,Steam Turbine,11.5174,1072.0483,1221.0523,52.4437,2168.2597,9.8059,Moderate,0.0098,Short-haul,Good,4,0.7787,4614.57,12478.85,118.2605
2024-06-11,Bulk Carrier,Steam Turbine,14.5617,428.5513,3815.2208,96.0334,1468.8257,9.7453,Moderate,0.8681,Coastal,Good,5,0.7494,3426.28,21289.75,39.3979
2024-06-12,Container Ship,Diesel,11.9198,652.169,4734.9814,63.1588,2861.5403,8.1452,Moderate,0.2772,Coastal,Fair,7,0.8941,4612.27,24674.75,70.6539
2024-06-13,Container Ship,Diesel,14.6565,100.5184,6003.117,68.3973,2020.7294,6.1179,Rough,0.76,Long-haul,Good,2,0.7756,3435.15,28309.94,12.2334
2024-06-14,Fish Carrier,Steam Turbine,19.7907,2106.2563,1749.5002,75.8267,2072.2618,9.5228,Calm,0.6854,Coastal,Fair,5,0.35,6129.74,17384.99,122.7339
2024-06-15,Fish Carrier,Steam Turbine,10.5061,1670.0198,1156.0233,62.0715,963.5038,6.5821,Calm,0.2538,Long-haul,Good,1,0.7584,4490.67,14062.87,188.3968
2024-06-16,Bulk Carrier,Steam Turbine,21.596,1828.984,5146.8653,71.9665,2025.6556,10.1246,Moderate,0.7506,Short-haul,Fair,7,0.35,6444.37,28273.52,105.5872
2024-06-17,Container Ship,Diesel,16.9247,230.8835,4431.7835,78.7702,746.6885,9.8609,Calm,0.8482,Coastal,Good,3,0.8211,2996.66,23142.42,19.7885
2024-06-18,Fish Carrier,Steam Turbine,17.3481,229.1152,519.8737,54.4922,824.6236,8.2597,Calm,0.6887,Transoceanic,Good,4,0.5236,2316.29,8597.72,18.0997
2024-06-19,Fish Carrier,Heavy Fuel Oil (HFO),14.4821,344.1495,1025.8942,98.1171,2846.8232,9.5212,Moderate,0.2175,Coastal,Good,3,0.7742,3699.75,12054.36,34.4031
2024-06-20,Container Ship,Steam Turbine,13.3103,702.8608,3469.0068,60.004,1257.829,10.8549,Moderate,0.2594,Long-haul,Good,4,0.8429,3806.16,19800.73,65.6507
2024-06-21,Container Ship,Diesel,15.962,2186.8868,4072.0067,63.82,3411.7733,7.8613,Rough,0.7431,Transoceanic,Good,3,0.6061,7981.56,25258.56,152.9838
2024-06-22,Bulk Carrier,Diesel,14.5415,778.281,2687.5971,50.7537,1704.8756,10.3072,Moderate,0.1588,Long-haul,Good,4,0.8236,4096.82,16967.37,64.7492
2024-06-23,Container Ship,Diesel,17.723,1635.0052,2434.2117,71.5407,1823.2287,4.2809,Calm,0.929,Transoceanic,Good,2,0.6801,5220.43,18452.96,118.3523
2024-06-24,Fish Carrier,Steam Turbine,10.3294,731.2238,1416.3786,76.2394,1090.7378,8.6438,Calm,0.7886,Coastal,Good,1,0.8437,3174.28,13267.57,91.9817
2024-06-25,Bulk Carrier,Steam Turbine,9.1253,595.9855,2800.8056,91.5118,1747.9219,7.3414,Calm,0.3447,Long-haul,Good,4,0.7821,3695.74,18908.34,80.1236
2024-06-26,Tanker,Heavy Fuel Oil (HFO),12.457,2064.051,5938.7087,92.9976,2371.4288,7.7388,Moderate,0.3469,Coastal,Good,6,0.8219,6998.17,32287.91,186.9767
2024-06-27,Fish Carrier,Steam Turbine,17.0381,389.9678,1331.966,80.9725,1891.9917,5.9947,Moderate,0.3868,Transoceanic,Needs Maintenance,7,0.35,3227.59,12645.23,29.7988
2024-06-28,Tanker,Steam Turbine,9.157,1540.7378,1300.6272,62.5464,2309.1102,6.6879,Moderate,0.4547,Coastal,Good,4,0.6376,5210.97,13574.63,193.2149
2023-01-01,Bulk Carrier,Steam Turbine,18.934,1595.2493,4805.7742,68.3236,2826.9102,10.0922,Moderate,0.08,Transoceanic,Good,1,0.35,6445.64,26476.15,101.7512
2023-01-02,Tanker,Heavy Fuel Oil (HFO),20.1506,1066.5265,3914.9436,82.1248,2847.1345,4.1647,Calm,0.2672,Short-haul,Good,3,0.35,5441.31,22763.91,64.8266
2023-01-03,Bulk Carrier,Steam Turbine,15.4898,364.7147,1892.926,70.1917,2428.2752,10.4314,Moderate,0.9036,Long-haul,Good,6,0.6236,3648.79,14305.82,34.0009
2023-01-04,Bulk Carrier,Diesel,21.7237,265.4062,7343.9931,97.2697,1419.2024,8.5703,Moderate,0.8829,Coastal,Good,7,0.35,3527.15,34500.77,20.1928
2023-01-05,Container Ship,Steam Turbine,11.0129,2064.5044,3182.414,47.5158,1816.2778,5.2688,Moderate,0.2849,Short-haul,Good,1,0.8206,6156.65,21098.7,214.2135
2023-01-06,Fish Carrier,Heavy Fuel Oil (HFO),11.1475,1588.9179,1651.19,70.3354,1878.1414,8.1666,Moderate,0.5415,Short-haul,Good,4,0.8141,5192.13,15287.13,163.4495
2023-01-07,Tanker,Diesel,11.5797,167.7597,3614.6324,63.9915,1281.1434,10.8941,Moderate,0.3692,Long-haul,Fair,3,0.8804,2736.86,19728.43,22.0964
2023-01-08,Container Ship,Steam Turbine,18.7092,1677.9157,5298.7624,74.5676,1759.6008,10.6417,Calm,0.1235,Transoceanic,Good,4,0.4752,6371.2,28956.91,107.4775
2023-01-09,Tanker,Steam Turbine,16.3895,770.7473,7161.6174,86.8964,1589.7703,7.7494,Calm,0.3922,Long-haul,Good,7,0.6905,4549.24,34658.77,59.7187
2023-01-10,Container Ship,Diesel,12.6768,1074.4451,8196.1213,98.5836,1848.8227,8.4549,Calm,0.6189,Coastal,Good,2,1.0408,5381.48,38516.68,95.7831
2023-01-11,Container Ship,Diesel,21.3258,147.711,4140.7278,55.6167,3256.9789,7.2044,Moderate,0.7231,Transoceanic,Fair,2,0.35,4132.22,21079.45,15.1383
2023-01-12,Fish Carrier,Diesel,14.4287,1535.7093,822.4318,80.2759,2950.3235,9.8651,Rough,0.8721,Long-haul,Good,2,0.6904,6040.24,12825.53,119.7344
2023-01-13,Tanker,Heavy Fuel Oil (HFO),20.367,1228.417,4593.6037,69.1187,3017.7107,4.4185,Calm,0.8117,Transoceanic,Needs Maintenance,7,0.35,5806.73,25568.49,79.8618
2023-01-14,Tanker,Heavy Fuel Oil (HFO),11.675,1832.98,2983.1577,63.6909,3256.3289,9.5689,Moderate,0.2101,Coastal,Good,1,0.7671,7191.63,20477.53,185.494
2023-01-15,Fish Carrier,Heavy Fuel Oil (HFO),17.7939,1293.2855,545.9888,57.1562,1738.3831,6.5391,Moderate,0.2912,Short-haul,Fair,6,0.3863,4242.67,10789.3,84.4201
2023-01-16,Fish Carrier,Diesel,12.0927,906.876,854.6241,77.1329,1426.3793,9.048,Moderate,0.7455,Long-haul,Good,5,0.8464,3718.13,12150.51,85.3648
2023-01-17,Fish Carrier,Steam Turbine,20.191,1112.3102,1264.8996,57.3654,1278.0019,5.0506,Calm,0.6086,Transoceanic,Fair,6,0.35,3797.86,13198.04,72.4401
2023-01-18,Bulk Carrier,Steam Turbine,13.0898,168.9651,5563.8286,97.8911,3070.4957,7.7641,Moderate,0.0794,Long-haul,Fair,7,0.7388,4271.46,27673.28,17.7301
2023-01-19,Container Ship,Diesel,21.7113,658.103,6732.5485,94.8378,1071.137,6.1193,Moderate,0.2077,Transoceanic,Good,2,0.35,3846.61,32650.7,40.8653
2023-01-20,Bulk Carrier,Heavy Fuel Oil (HFO),9.6297,275.111,2307.5991,76.3131,2328.7979,10.028,Moderate,0.1115,Coastal,Good,4,0.8018,3280.18,15733.67,40.288
2023-01-21,Tanker,Steam Turbine,14.7659,695.887,3470.1537,82.2813,2108.5744,8.3815,Calm,0.1115,Long-haul,Good,7,0.7602,4007.64,21514.45,63.3236
2023-01-22,Tanker,Heavy Fuel Oil (HFO),17.4217,298.5928,4088.2317,55.6478,1004.3928,5.6226,Calm,0.3072,Coastal,Fair,3,0.5474,3118.18,20992.48,22.1493
2023-01-23,Container Ship,Heavy Fuel Oil (HFO),19.933,1381.2588,7671.1604,88.3812,2883.3138,5.8857,Calm,0.9328,Transoceanic,Fair,4,0.35,6609.51,37114.8,92.7154
2023-01-24,Fish Carrier,Steam Turbine,13.5096,975.9596,2611.7401,89.2954,3429.9601,9.3693,Calm,0.0195,Short-haul,Good,6,0.8123,5636.13,18836.5,86.5472
2023-01-25,Tanker,Heavy Fuel Oil (HFO),16.6458,1024.2166,6482.9731,96.7822,2360.2327,10.6643,Moderate,0.9467,Long-haul,Fair,7,0.5662,5607.26,32233.59,78.8482
2023-01-26,Fish Carrier,Steam Turbine,16.9548,679.6971,747.2509,86.2404,1608.7274,9.4267,Moderate,0.4138,Coastal,Good,2,0.5687,3192.37,11109.71,52.0671
2023-01-27,Fish Carrier,Steam Turbine,9.9665,1716.8023,1539.7887,64.8676,2863.5684,9.2309,Moderate,0.2148,Short-haul,Fair,3,0.6731,6080.61,15641.28,201.7686
2023-01-28,Fish Carrier,Heavy Fuel Oil (HFO),16.9914,997.395,2581.231,99.4304,1745.7282,7.96,Moderate,0.9957,Coastal,Good,5,0.587,4186.76,18753.52,71.6566
2023-01-29,Bulk Carrier,Steam Turbine,19.1803,1877.2286,2024.0964,86.3549,2847.9228,7.0166,Calm,0.2769,Coastal,Good,4,0.35,6638.2,18205.32,128.1414
2023-01-30,Container Ship,Steam Turbine,17.6962,1822.4379,1592.7942,90.5522,752.8406,5.5766,Moderate,0.4271,Transoceanic,Good,3,0.5291,4501.36,16410.3,129.142
2023-01-31,Fish Carrier,Steam Turbine,10.076,747.8115,1490.8095,52.0028,1675.8549,4.4849,Rough,0.8706,Long-haul,Good,2,0.572,3863.61,13671.52,90.9078
2023-02-01,Container Ship,Diesel,20.5843,1023.246,3749.8876,85.6952,1765.1664,7.1277,Moderate,0.3992,Coastal,Good,2,0.35,4350.67,22071.89,61.2502
2023-02-02,Bulk Carrier,Diesel,18.369,852.6197,5809.4277,72.8801,2038.3411,7.5611,Moderate,0.9449,Coastal,Needs Maintenance,1,0.3961,4581.25,29265.67,55.6249
2023-02-03,Fish Carrier,Heavy Fuel Oil (HFO),19.8693,731.4583,1521.0526,70.9249,3363.6656,5.923,Rough,0.6474,Coastal,Good,3,0.35,4798.7,13458.9,42.0156
2023-02-04,Tanker,Diesel,17.2533,880.5785,7931.5768,98.0915,2777.5067,9.6722,Calm,0.1816,Long-haul,Fair,1,0.6383,5798.39,37571.19,63.7988
2023-02-05,Fish Carrier,Heavy Fuel Oil (HFO),12.6421,1966.5229,1835.762,65.737,2375.8209,7.6764,Moderate,0.1582,Coastal,Fair,1,0.7324,6377.75,17094.51,178.7913
2023-02-06,Tanker,Steam Turbine,14.5728,1996.0542,5054.1029,84.3973,2037.8116,9.241,Calm,0.852,Coastal,Good,2,0.7776,6663.55,28579.75,152.3551
2023-02-07,Bulk Carrier,Steam Turbine,16.6102,624.5355,2361.9381,70.4182,2354.197,7.6183,Calm,0.9876,Transoceanic,Good,3,0.5751,3935.28,15740.23,48.6202
2023-02-08,Bulk Carrier,Steam Turbine,19.1187,2157.0143,1262.1304,66.822,732.795,7.3654,Rough,0.8577,Transoceanic,Fair,2,0.35,4941.57,14985.41,139.5516
2023-02-09,Container Ship,Heavy Fuel Oil (HFO),11.9103,1713.8732,3660.9012,89.3844,2064.5944,7.8423,Moderate,0.6632,Transoceanic,Good,6,0.8869,5724.68,23465.64,165.3505
2023-02-10,Container Ship,Diesel,9.6839,1596.6602,4033.6937,96.6752,3405.6191,10.8018,Calm,0.1826,Transoceanic,Fair,7,0.9105,6947.61,25415.79,212.1515
2023-02-11,Container Ship,Diesel,18.9191,1282.0543,1619.6288,83.1532,3492.0896,5.1673,Calm,0.1587,Short-haul,Good,6,0.5468,6062.18,15387.96,86.5909
2023-02-12,Tanker,Diesel,20.6134,2141.2186,3645.6442,45.0194,1403.7219,7.8903,Calm,0.3116,Transoceanic,Good,6,0.35,6220.45,22801.74,129.5621
2023-02-13,Container Ship,Heavy Fuel Oil (HFO),10.2322,979.9195,3343.0608,97.1978,1093.2329,6.8101,Moderate,0.726,Long-haul,Good,5,0.8904,3906.11,21369.42,115.0824
2023-02-14,Bulk Carrier,Steam Turbine,16.3783,587.5805,2414.5895,53.4522,3164.6353,9.2798,Calm,0.72,Coastal,Fair,3,0.5678,4537.2,15683.43,46.728
2023-02-15,Tanker,Heavy Fuel Oil (HFO),11.1449,316.4053,4043.5457,92.8149,2561.7497,9.857,Moderate,0.9632,Transoceanic,Fair,4,0.7444,3926.0,22398.84,41.2355
2023-02-16,Fish Carrier,Heavy Fuel Oil (HFO),9.1633,312.3751,1459.1322,81.6096,991.1033,9.4665,Moderate,0.7085,Short-haul,Needs Maintenance,5,0.6335,2253.83,12648.99,45.324
2023-02-17,Tanker,Diesel,9.6446,1704.4644,3160.7537,66.656,2784.0674,6.4311,Moderate,0.7881,Coastal,Good,7,0.733,6471.31,21132.13,191.2729
2023-02-18,Tanker,Steam Turbine,8.338,2086.4945,6180.8035,91.7187,1409.8398,9.7286,Rough,0.344,Long-haul,Good,2,0.5515,6345.39,33513.57,283.2976
2023-02-19,Fish Carrier,Diesel,18.5465,1740.0333,606.7356,74.6029,2954.4359,10.7613,Calm,0.3165,Short-haul,Fair,3,0.5125,6283.96,12174.19,114.3874
2023-02-20,Tanker,Diesel,19.2826,1981.1385,2098.0034,77.0016,3244.7249,8.9016,Calm,0.5605,Transoceanic,Good,7,0.3549,7056.22,18023.34,122.4526
2023-02-21,Bulk Carrier,Diesel,10.0407,814.3443,3414.3134,85.4955,3154.1005,9.5894,Moderate,0.6134,Transoceanic,Fair,1,0.7636,5170.43,21436.99,102.0354
2023-02-22,Bulk Carrier,Heavy Fuel Oil (HFO),11.1617,1460.5796,2469.5198,78.6721,3046.206,6.9017,Calm,0.5512,Long-haul,Good,5,0.904,5881.63,18490.61,145.5472
2023-02-23,Tanker,Steam Turbine,11.6898,877.4799,4221.3839,97.695,1076.5798,10.0196,Calm,0.9863,Short-haul,Fair,2,0.8767,3732.87,24742.64,87.7723
2023-02-24,Fish Carrier,Diesel,18.0459,1454.4285,822.741,47.9261,2432.6566,7.4799,Moderate,0.4362,Long-haul,Fair,2,0.3998,5065.9,11158.12,89.6731
2023-02-25,Tanker,Steam Turbine,18.0642,1296.4826,4345.9107,83.732,3339.6948,10.9034,Calm,0.2152,Short-haul,Good,4,0.4654,6499.33,25082.0,83.1281
2023-02-26,Tanker,Diesel,21.5924,211.2389,1193.8594,48.4996,1858.392,5.1285,Moderate,0.1946,Short-haul,Fair,5,0.35,2810.46,10693.22,19.7236
2023-02-27,Tanker,Steam Turbine,13.6498,1571.9501,4656.6025,91.5996,1212.3709,6.1784,Calm,0.1774,Coastal,Good,4,0.8737,5069.99,26961.41,129.5809
2023-02-28,Bulk Carrier,Heavy Fuel Oil (HFO),8.2856,1372.9348,7730.5347,97.998,2181.5387,4.0326,Moderate,0.3848,Coastal,Good,1,0.7789,6122.53,37538.62,205.9081
2023-03-01,Container Ship,Diesel,11.0572,825.0207,7854.5717,94.029,2677.8292,10.1577,Moderate,0.1775,Transoceanic,Good,2,0.9515,5423.38,37173.93,95.2393
2023-03-02,Bulk Carrier,Heavy Fuel Oil (HFO),10.5258,1188.8266,7056.6433,95.6,3325.8911,10.5002,Rough,0.548,Coastal,Good,4,0.7001,6529.9,34587.83,143.9659
2023-03-03,Container Ship,Heavy Fuel Oil (HFO),13.66,852.475,7062.9827,83.9201,3049.3742,4.6915,Calm,0.5198,Transoceanic,Good,6,0.8256,5458.68,33192.2,78.7673
2023-03-04,Container Ship,Heavy Fuel Oil (HFO),12.1014,1415.3125,2751.9819,62.6833,2055.4926,6.7217,Calm,0.4976,Transoceanic,Fair,7,0.8564,5185.72,18524.81,147.4552
2023-03-05,Bulk Carrier,Diesel,18.4699,1299.6773,2822.2797,98.1723,1777.7239,6.4624,Rough,0.5378,Short-haul,Fair,7,0.4263,4580.34,20279.19,89.4233
2023-03-06,Bulk Carrier,Diesel,17.9737,253.2233,2931.1407,95.7147,1276.8835,8.8257,Calm,0.9243,Long-haul,Fair,1,0.6258,2948.72,18428.3,23.2988
2023-03-07,Container Ship,Heavy Fuel Oil (HFO),13.6274,427.4509,5111.0163,82.4218,2688.4828,10.3146,Moderate,0.3097,Short-haul,Needs Maintenance,6,0.7981,4250.2,25835.33,41.761
2023-03-08,Container Ship,Heavy Fuel Oil (HFO),13.5366,1561.6037,3340.1629,51.3403,3226.208,7.4198,Calm,0.1834,Coastal,Fair,3,0.8513,6745.97,20666.66,131.4321
2023-03-09,Tanker,Heavy Fuel Oil (HFO),11.661,1698.0775,2345.8859,91.555,1262.2069,7.6276,Moderate,0.0357,Short-haul,Fair,4,0.8581,5083.83,19014.36,180.2714
2023-03-10,Container Ship,Heavy Fuel Oil (HFO),14.1883,1715.1658,4520.8436,84.8701,822.5221,4.0995,Moderate,0.1527,Transoceanic,Fair,7,0.7559,5019.92,26543.05,157.4393
2023-03-11,Bulk Carrier,Heavy Fuel Oil (HFO),11.1533,1417.1486,3548.1566,91.3882,2384.6482,6.0146,Calm,0.1611,Short-haul,Good,5,0.9235,5629.7,22261.1,155.2749
2023-03-12,Container Ship,Steam Turbine,20.6213,1537.0649,1238.2058,76.1825,3099.6084,9.3352,Rough,0.0352,Short-haul,Good,5,0.35,6293.15,13891.65,85.2599
2023-03-13,Tanker,Heavy Fuel Oil (HFO),18.473,1534.0505,4737.7087,95.5685,1128.7862,7.7552,Moderate,0.3601,Transoceanic,Good,2,0.4008,5317.61,27180.13,107.5206
2023-03-14,Bulk Carrier,Heavy Fuel Oil (HFO),13.7452,1947.5906,3996.5926,56.4456,1836.2186,10.1854,Moderate,0.4606,Long-haul,Good,4,0.8114,6105.15,24170.82,165.6869
2023-03-15,Tanker,Diesel,17.9763,1293.6118,3074.724,70.4857,3114.8283,9.5445,Moderate,0.3748,Long-haul,Good,3,0.4894,5962.71,19880.59,83.0375
2023-03-16,Tanker,Diesel,10.1941,907.0101,4311.9994,66.2284,2567.5819,5.9132,Calm,0.746,Short-haul,Good,5,0.9424,4767.42,23297.73,112.9589
2023-03-17,Container Ship,Heavy Fuel Oil (HFO),9.8278,2055.6302,7923.9627,93.1754,2593.3303,9.5087,Calm,0.0858,Long-haul,Fair,1,0.9205,7584.63,39451.28,236.0314
2023-03-18,Container Ship,Diesel,20.7294,1325.2419,2587.6203,50.5825,2273.2852,10.3057,Calm,0.152,Coastal,Good,4,0.35,5060.86,17919.6,76.1027
2023-03-19,Tanker,Steam Turbine,17.2942,407.9572,2948.2441,65.8653,1177.2823,4.1397,Rough,0.6881,Long-haul,Needs Maintenance,7,0.35,3144.45,18204.79,32.151
2023-03-20,Fish Carrier,Heavy Fuel Oil (HFO),9.8892,730.2195,2439.7481,81.7897,3392.4103,6.2449,Rough,0.7114,Short-haul,Good,7,0.6366,4907.07,17164.91,84.3757
2023-03-21,Tanker,Diesel,11.9234,1192.9064,1359.2198,58.1342,1558.5811,7.1425,Calm,0.4329,Short-haul,Good,1,0.9594,4734.99,13401.5,124.146
2023-03-22,Bulk Carrier,Steam Turbine,20.6635,898.0356,1804.0557,89.173,3090.1547,9.4888,Moderate,0.4072,Short-haul,Good,3,0.35,4890.68,15747.6,50.8608
2023-03-23,Fish Carrier,Heavy Fuel Oil (HFO),9.1871,1499.0674,779.4779,89.3425,999.7389,4.5209,Calm,0.3734,Transoceanic,Needs Maintenance,2,0.6788,4165.5,12971.08,176.6331
2023-03-24,Fish Carrier,Steam Turbine,12.6326,1496.3699,895.2345,95.9609,1219.6095,9.0278,Calm,0.0916,Transoceanic,Fair,4,0.7638,4458.63,13723.13,146.5274
2023-03-25,Fish Carrier,Steam Turbine,17.9153,1140.1308,2175.5269,92.3494,1939.0457,7.5531,Moderate,0.0796,Transoceanic,Fair,2,0.35,4892.59,17760.3,77.2822
2023-03-26,Container Ship,Diesel,16.8942,1343.8472,4832.8148,90.3458,2759.2408,7.7139,Moderate,0.6548,Long-haul,Good,6,0.7223,6074.7,27038.57,94.0519
2023-03-27,Fish Carrier,Steam Turbine,18.7021,1603.8304,774.4018,95.3983,1712.1434,8.7676,Calm,0.6782,Transoceanic,Good,1,0.35,4836.5,13544.11,99.6657
2023-03-28,Fish Carrier,Heavy Fuel Oil (HFO),10.3877,1550.8157,1336.9452,96.9867,1829.0767,10.0808,Calm,0.4644,Long-haul,Good,2,0.8474,5014.04,15397.64,167.5032
2023-03-29,Container Ship,Heavy Fuel Oil (HFO),8.1953,1761.8877,1445.5191,50.2165,1795.6166,5.0493,Calm,0.3373,Long-haul,Good,1,0.7629,5390.46,14454.61,268.5382
2023-03-30,Tanker,Heavy Fuel Oil (HFO),17.321,842.0758,3140.9161,52.7813,2152.5356,7.4596,Calm,0.2164,Long-haul,Good,4,0.5813,4515.03,19211.69,55.0207
2023-03-31,Tanker,Steam Turbine,12.7754,884.0449,2334.5156,45.974,1736.0238,5.7228,Calm,0.9446,Long-haul,Good,6,0.7803,4345.33,16390.78,84.4791
2023-04-01,Fish Carrier,Steam Turbine,21.5166,1741.3498,2063.3602,89.7327,1397.4774,7.9431,Moderate,0.8906,Long-haul,Needs Maintenance,3,0.35,5143.18,17577.45,95.8209
2023-04-02,Bulk Carrier,Steam Turbine,13.4541,505.6816,4670.9875,71.0561,1325.3333,4.0214,Moderate,0.3562,Short-haul,Good,5,0.7801,3587.42,24652.67,45.4356
2023-04-03,Container Ship,Steam Turbine,8.8479,1958.0206,4452.9088,83.5355,3087.5628,6.0872,Calm,0.2042,Coastal,Good,3,0.7739,7352.46,26412.25,239.392
2023-04-04,Tanker,Diesel,16.3138,1692.7693,4609.2567,69.9333,1156.1231,4.8997,Calm,0.9561,Transoceanic,Good,1,0.756,5372.11,26270.06,121.7026
2023-04-05,Bulk Carrier,Steam Turbine,12.5725,1855.754,1884.7903,93.5793,856.4057,9.0209,Calm,0.1319,Short-haul,Good,1,0.9113,4918.46,17819.77,185.1875
2023-04-06,Container Ship,Diesel,13.777,1676.7865,3762.2373,66.7795,1133.9552,9.7599,Moderate,0.8144,Short-haul,Good,4,1.0042,5347.61,23450.01,152.304
2023-04-07,Bulk Carrier,Diesel,8.5905,1692.9083,5099.3984,66.3139,2476.1257,6.7707,Moderate,0.5102,Long-haul,Good,3,0.7534,6416.78,27357.71,232.3401
2023-04-08,Bulk Carrier,Diesel,14.8805,833.7012,1537.3611,66.845,1126.3164,4.0514,Moderate,0.6277,Long-haul,Good,5,0.8072,3591.73,13843.91,67.5114
2023-04-09,Fish Carrier,Diesel,17.1065,1048.4645,1244.5469,56.2525,1015.5418,6.7122,Calm,0.1067,Short-haul,Good,7,0.7385,3598.8,12460.33,73.4336
2023-04-10,Container Ship,Steam Turbine,17.0696,582.6011,3582.3757,45.6798,3022.8441,10.0225,Moderate,0.2064,Short-haul,Good,6,0.5437,4673.27,19862.96,48.1668
2023-04-11,Fish Carrier,Steam Turbine,9.5017,100.5686,282.1121,45.0005,1946.1697,9.1012,Rough,0.9612,Long-haul,Good,1,0.5882,2548.53,7536.6,14.5187
2023-04-12,Fish Carrier,Diesel,8.4899,352.1607,2704.0644,95.3011,1036.9101,8.457,Calm,0.9524,Coastal,Good,7,0.9132,2870.62,18121.8,49.5931
2023-04-13,Fish Carrier,Heavy Fuel Oil (HFO),17.6852,552.4987,486.6595,70.6136,1190.0641,4.0929,Calm,0.8974,Transoceanic,Good,6,0.5207,2790.78,9908.69,39.8136
2023-04-14,Tanker,Diesel,21.4847,494.9466,1737.4344,75.9767,3099.595,7.9126,Moderate,0.7029,Coastal,Fair,7,0.35,4429.99,13860.82,28.5912
2023-04-15,Tanker,Steam Turbine,15.5707,773.4936,4378.6457,99.0932,2848.4772,5.0334,Calm,0.6727,Short-haul,Fair,4,0.6482,5030.12,24655.16,63.3202
2023-04-16,Fish Carrier,Diesel,14.3108,1232.3448,1410.748,99.0493,1106.1414,6.3915,Calm,0.6327,Short-haul,Fair,6,0.9211,4218.33,15248.97,99.7193
2023-04-17,Bulk Carrier,Heavy Fuel Oil (HFO),16.0565,634.906,4604.1802,88.3248,2069.704,6.2784,Rough,0.8365,Coastal,Good,3,0.6211,4170.33,24599.0,50.2262
2023-04-18,Fish Carrier,Steam Turbine,17.0146,426.9725,2279.7052,98.3104,2939.8186,7.4664,Calm,0.9158,Coastal,Good,6,0.5631,3978.87,16557.84,35.3388
2023-04-19,Container Ship,Diesel,10.6,1729.7425,2247.3149,64.6633,1828.4023,8.8847,Calm,0.3002,Short-haul,Good,4,1.0422,5259.62,17283.59,187.4012
2023-04-20,Bulk Carrier,Steam Turbine,12.921,637.1426,3232.4611,68.2486,2343.9492,10.1645,Moderate,0.9491,Coastal,Good,6,0.7622,4189.18,19631.84,57.0824
2023-04-21,Bulk Carrier,Diesel,18.4867,606.8951,7269.1578,92.0053,1306.355,6.8742,Calm,0.0103,Coastal,Good,2,0.5872,4370.94,34317.55,44.4179
2023-04-22,Bulk Carrier,Steam Turbine,13.4345,2042.459,4214.7385,72.0104,3226.3329,6.0537,Calm,0.1627,Short-haul,Fair,3,0.7426,7487.12,25753.22,188.3271
2023-04-23,Container Ship,Diesel,8.6142,483.6234,4621.9549,69.4567,2662.1841,10.3816,Calm,0.1015,Long-haul,Fair,2,0.8805,4340.43,23938.03,68.3043
2023-04-24,Tanker,Heavy Fuel Oil (HFO),15.3525,1557.0054,2884.4504,75.6505,1882.3147,4.4562,Moderate,0.2628,Transoceanic,Good,6,0.6514,5492.39,20154.06,132.574
2023-04-25,Container Ship,Diesel,21.9513,883.9654,1418.5581,67.7291,2267.0664,5.6257,Moderate,0.1474,Long-haul,Good,2,0.35,4116.18,13685.01,52.6405
2023-04-26,Bulk Carrier,Diesel,8.124,1948.8078,1467.3621,55.3767,2029.3267,7.3511,Moderate,0.099,Short-haul,Good,4,0.7287,5832.89,14786.86,295.4994
2023-04-27,Container Ship,Diesel,11.4589,1682.1689,2064.8995,48.282,1909.2389,10.0947,Moderate,0.7806,Coastal,Good,1,0.9141,5343.56,16678.73,166.1534
2023-04-28,Container Ship,Steam Turbine,19.0665,1966.3627,4373.0351,60.8195,2864.6777,7.0292,Rough,0.0309,Transoceanic,Fair,1,0.35,7072.05,25708.01,130.9533
2023-04-29,Fish Carrier,Heavy Fuel Oil (HFO),15.4941,786.8843,1697.9578,92.9137,2627.6647,8.8667,Moderate,0.9235,Short-haul,Good,5,0.6908,4451.12,15317.82,66.128
2023-04-30,Tanker,Heavy Fuel Oil (HFO),11.755,669.6275,7485.255,94.897,2284.8418,6.4396,Moderate,0.3063,Coastal,Good,7,0.8021,5164.85,35131.41,68.5736
2023-05-01,Container Ship,Steam Turbine,15.7406,529.3754,3325.443,61.0304,1391.676,8.1869,Calm,0.6334,Short-haul,Fair,3,0.7392,3303.03,19232.3,42.429
2023-05-02,Tanker,Steam Turbine,10.0488,1372.5659,3792.8978,45.1797,1228.9986,10.5389,Calm,0.9278,Transoceanic,Good,4,0.8017,4657.67,21620.09,170.9193
2023-05-03,Tanker,Steam Turbine,13.4164,350.834,2156.3789,91.5946,1476.5969,7.8394,Rough,0.2684,Coastal,Good,7,0.7181,2931.21,15924.35,34.4168
2023-05-04,Bulk Carrier,Diesel,11.3695,562.919,3214.762,57.9999,764.2714,8.0888,Calm,0.7624,Short-haul,Good,2,1.0149,2788.5,18920.77,59.6961
2023-05-05,Fish Carrier,Heavy Fuel Oil (HFO),11.0936,1064.9639,656.21,58.1324,1563.7839,8.0575,Calm,0.5997,Long-haul,Fair,4,0.7992,4007.18,10496.52,112.7569
2023-05-06,Tanker,Heavy Fuel Oil (HFO),18.5097,148.3558,4505.9892,93.1331,1658.4085,4.145,Calm,0.5076,Transoceanic,Fair,4,0.4213,2993.6,23423.24,15.2344
2023-05-07,Tanker,Diesel,12.9457,675.6977,7538.5094,97.836,2622.1781,7.9432,Moderate,0.6455,Long-haul,Good,1,0.8338,5105.15,35702.78,66.326
2023-05-08,Tanker,Diesel,9.2525,635.344,2773.4305,54.2698,3090.2114,8.5151,Moderate,0.5991,Transoceanic,Needs Maintenance,7,0.6326,4621.25,17313.15,79.6275
2023-05-09,Container Ship,Diesel,15.3536,635.8052,1462.5704,55.2311,1846.5003,5.1664,Moderate,0.0668,Coastal,Good,7,0.8838,3396.89,12262.67,46.5586
2023-05-10,Container Ship,Heavy Fuel Oil (HFO),11.3074,1796.2303,6182.0716,89.9509,1200.4457,4.869,Moderate,0.4625,Transoceanic,Fair,7,0.8303,5880.27,32579.93,186.8722
2023-05-11,Container Ship,Heavy Fuel Oil (HFO),20.5277,926.9919,3980.4698,78.4933,1728.1344,9.4821,Moderate,0.4624,Coastal,Good,4,0.35,4407.45,23276.38,51.657
2023-05-12,Bulk Carrier,Diesel,14.4508,1777.5599,4433.1534,73.8778,3393.8937,10.603,Rough,0.3539,Long-haul,Good,5,0.6835,7124.33,25968.58,142.635
2023-05-13,Tanker,Diesel,21.926,1868.0866,1827.9192,46.3132,2064.2205,9.2522,Moderate,0.2156,Long-haul,Good,7,0.35,6033.73,15483.78,103.2218
2023-05-14,Container Ship,Steam Turbine,8.2293,576.8501,4865.6193,93.5311,1997.2381,6.9106,Moderate,0.0513,Transoceanic,Good,2,0.7236,3950.1,25552.11,80.0623
2023-05-15,Tanker,Diesel,15.7225,185.1013,2578.6112,62.0688,2118.8092,4.0774,Moderate,0.1013,Short-haul,Fair,6,0.715,3251.58,16063.29,17.6537
2023-05-16,Fish Carrier,Diesel,14.4441,1405.7226,1272.2074,69.1119,2065.0471,9.3455,Calm,0.0362,Short-haul,Fair,7,0.8314,4894.16,14221.47,120.0277
2023-05-17,Fish Carrier,Steam Turbine,18.6695,512.3019,515.3763,45.6663,1072.2377,6.9286,Moderate,0.1937,Short-haul,Good,7,0.3626,2571.98,8757.19,36.2552
2023-05-18,Container Ship,Diesel,11.7171,1113.5956,3654.3064,72.1415,923.9147,7.2172,Rough,0.8994,Long-haul,Fair,5,0.836,3935.97,21484.91,116.4447
2023-05-19,Fish Carrier,Steam Turbine,19.695,1338.5371,2216.7083,89.8213,1914.8454,5.9053,Moderate,0.9399,Long-haul,Fair,3,0.35,4605.13,18228.4,84.4881
2023-05-20,Fish Carrier,Heavy Fuel Oil (HFO),19.8228,559.8004,724.1374,74.8215,1716.3801,9.1977,Calm,0.4193,Long-haul,Good,3,0.35,3308.72,10391.21,40.8622
2023-05-21,Bulk Carrier,Heavy Fuel Oil (HFO),14.6244,164.2506,5485.4046,72.0523,3383.1679,8.119,Calm,0.4053,Transoceanic,Good,7,0.7161,4407.03,26260.64,15.7803
2023-05-22,Fish Carrier,Steam Turbine,9.1523,1648.6034,2439.3953,88.6474,2652.6738,5.0632,Calm,0.0514,Coastal,Good,4,0.7368,6134.21,18887.08,228.7748
2023-05-23,Fish Carrier,Steam Turbine,12.3367,309.9398,665.2352,95.7403,2910.7195,10.2794,Moderate,0.8242,Coastal,Good,4,0.7061,3352.7,10493.92,32.48
2023-05-24,Fish Carrier,Diesel,18.8651,1181.2721,814.9703,63.6262,1155.8582,7.3086,Calm,0.4525,Short-haul,Good,5,0.4855,4045.82,12189.02,80.4576
2023-05-25,Fish Carrier,Steam Turbine,17.8453,177.2751,495.6941,51.936,2723.7552,5.9773,Calm,0.3327,Long-haul,Good,3,0.389,3037.43,8432.43,17.8934
2023-05-26,Fish Carrier,Steam Turbine,13.0989,920.668,1739.4853,66.4257,2975.0527,7.2445,Calm,0.9666,Transoceanic,Fair,7,0.6662,4720.89,14877.74,79.6297
2023-05-27,Fish Carrier,Steam Turbine,18.9649,2104.0081,2782.8244,93.6321,1372.0655,8.2275,Rough,0.9571,Long-haul,Good,2,0.35,5861.88,20883.93,136.9897
2023-05-28,Fish Carrier,Steam Turbine,18.802,2135.4756,1918.5323,85.9229,1465.6489,6.7348,Calm,0.5287,Coastal,Good,5,0.3523,5676.53,18168.71,136.8349
2023-05-29,Fish Carrier,Steam Turbine,12.6565,955.4062,1670.9867,96.0977,3259.4946,8.2613,Rough,0.2309,Transoceanic,Good,3,0.5866,5069.03,16061.21,95.2027
2023-05-30,Bulk Carrier,Diesel,8.06,581.3638,1512.2364,47.627,913.096,9.623,Moderate,0.5353,Short-haul,Good,5,0.7904,2857.9,12561.83,94.6621
2023-05-31,Bulk Carrier,Heavy Fuel Oil (HFO),15.733,1737.3171,3888.4507,54.748,2537.0871,4.0995,Rough,0.4295,Long-haul,Good,3,0.5092,6467.18,23173.44,137.911
2023-06-01,Fish Carrier,Diesel,20.6834,528.596,2122.2444,74.8276,2236.3059,4.4801,Moderate,0.9828,Short-haul,Good,7,0.35,3973.16,15562.74,34.1044
2023-06-02,Fish Carrier,Diesel,15.0065,1853.9017,1547.9338,88.2023,1697.5254,4.6442,Calm,0.1764,Transoceanic,Good,7,0.7874,5428.83,15690.04,142.0639
2023-06-03,Bulk Carrier,Diesel,19.4131,1223.0994,4383.7246,91.9428,2919.4629,7.0268,Calm,0.8073,Short-haul,Good,7,0.4206,5746.81,25335.75,74.3751
2023-06-04,Bulk Carrier,Steam Turbine,14.4099,776.6494,3122.5351,76.4017,747.9397,8.6521,Calm,0.3725,Transoceanic,Good,3,0.7571,3640.97,19387.49,68.0959
2023-06-05,Bulk Carrier,Diesel,14.628,1262.5286,4605.9802,88.238,2486.6248,5.7223,Moderate,0.5371,Coastal,Good,4,0.8106,5920.91,26140.49,95.3735
2023-06-06,Fish Carrier,Heavy Fuel Oil (HFO),13.7684,256.2342,619.8112,46.2503,3447.5108,6.2943,Rough,0.7118,Short-haul,Good,7,0.6093,3643.07,8668.64,25.202
2023-06-07,Bulk Carrier,Diesel,9.7322,1310.4639,4697.6069,86.8349,2813.5538,10.3908,Rough,0.0797,Short-haul,Good,6,0.7751,5921.15,26101.07,163.7636
2023-06-08,Tanker,Diesel,12.6657,1656.2981,1905.0474,94.0271,819.0696,9.6665,Calm,0.406,Transoceanic,Good,1,0.9706,4268.5,17239.91,149.7657
2023-06-09,Bulk Carrier,Heavy Fuel Oil (HFO),8.2358,558.6775,4521.1598,73.0326,3471.0112,4.037,Calm,0.523,Coastal,Fair,3,0.6262,4883.42,23909.95,87.6038
2023-06-10,Tanker,Diesel,13.6633,1340.6173,3922.8358,51.8557,1876.6277,8.5384,Moderate,0.4977,Short-haul,Good,1,0.8926,5191.05,22615.1,114.1294
2023-06-11,Container Ship,Steam Turbine,8.5629,2196.1045,3996.245,56.9975,3386.3195,8.022,Moderate,0.6519,Long-haul,Good,6,0.6645,8120.32,24274.86,294.5418
2023-06-12,Bulk Carrier,Heavy Fuel Oil (HFO),15.2641,677.6356,3271.3391,55.34,2564.3996,10.6274,Calm,0.2428,Transoceanic,Good,4,0.7577,4406.49,19426.03,59.6657
2023-06-13,Container Ship,Diesel,15.3399,528.0637,3252.1571,87.2979,2025.0551,9.3384,Moderate,0.0653,Coastal,Fair,4,0.8305,3975.04,19833.77,45.3695
2023-06-14,Tanker,Heavy Fuel Oil (HFO),9.8688,1740.1164,4486.0572,80.3039,1105.1381,5.8737,Calm,0.3708,Long-haul,Good,3,0.8777,5193.43,25693.09,213.1015
2023-06-15,Tanker,Diesel,11.9594,1800.3913,5326.3308,88.9447,2183.7741,5.2806,Calm,0.497,Coastal,Good,5,1.0183,6478.13,29129.32,174.0638
2023-06-16,Bulk Carrier,Heavy Fuel Oil (HFO),18.0923,992.1822,5583.639,91.3051,2384.4025,7.9482,Calm,0.0961,Coastal,Fair,4,0.4986,5126.37,29552.77,71.7743
2023-06-17,Fish Carrier,Heavy Fuel Oil (HFO),14.0315,1281.1141,2548.3638,92.6603,1273.8862,6.8865,Moderate,0.996,Short-haul,Good,1,0.8566,4670.63,19006.51,112.1954
2023-06-18,Fish Carrier,Diesel,13.7279,2181.7627,2628.1174,95.7962,2412.9673,4.6546,Calm,0.2503,Coastal,Needs Maintenance,5,0.8367,6847.43,20888.49,189.7153
2023-06-19,Fish Carrier,Steam Turbine,14.8537,2183.7396,484.0794,57.6131,2311.8894,4.0007,Calm,0.6964,Coastal,Needs Maintenance,3,0.6092,6182.01,12529.28,165.6317
2023-06-20,Fish Carrier,Diesel,8.6329,476.7223,911.9465,69.7207,2432.2094,4.2204,Calm,0.7257,Long-haul,Good,6,0.7662,3635.57,10817.02,66.0006
2023-06-21,Tanker,Diesel,8.1067,886.5248,2354.868,87.043,1292.9985,5.0762,Moderate,0.1084,Long-haul,Good,2,0.7481,3662.15,17659.35,136.7165
2023-06-22,Fish Carrier,Heavy Fuel Oil (HFO),13.9484,1382.9924,1045.0029,85.3378,2861.0667,4.1402,Calm,0.4058,Long-haul,Needs Maintenance,4,0.6734,5657.86,13848.01,124.2172
2023-06-23,Container Ship,Diesel,13.5245,1464.2761,7121.4732,93.1689,2937.0401,5.6834,Calm,0.0508,Coastal,Good,7,0.9599,6598.4,35123.88,124.2248
2023-06-24,Fish Carrier,Heavy Fuel Oil (HFO),8.6163,1130.0675,1245.9388,49.9161,1113.9022,7.0964,Calm,0.4221,Long-haul,Fair,6,0.7244,3768.58,12803.89,158.4806
2023-06-25,Fish Carrier,Heavy Fuel Oil (HFO),18.8543,1550.8554,687.186,85.8209,2483.7097,4.5674,Calm,0.688,Coastal,Fair,4,0.35,5418.89,12335.29,104.4937
2023-06-26,Bulk Carrier,Steam Turbine,17.4105,1768.8481,3694.5621,75.0176,1114.2421,8.677,Calm,0.54,Short-haul,Good,3,0.6451,5332.54,23326.85,124.1176
2023-06-27,Fish Carrier,Steam Turbine,14.5642,1165.0017,672.1944,93.7186,1758.1081,8.4567,Moderate,0.0887,Coastal,Good,6,0.6963,4207.81,12245.03,95.8503
2023-06-28,Fish Carrier,Steam Turbine,8.686,751.2654,1108.8836,47.1657,2015.3538,6.8471,Calm,0.2404,Short-haul,Good,5,0.7144,3592.61,11027.9,110.9738
2023-06-29,Bulk Carrier,Steam Turbine,8.85,1784.1868,7098.2662,93.9613,3262.6578,9.1695,Moderate,0.2616,Long-haul,Good,6,0.6549,7938.56,35150.61,226.5294
2023-06-30,Container Ship,Heavy Fuel Oil (HFO),8.8983,662.3788,1276.6693,61.2333,1178.4392,7.9999,Moderate,0.6695,Long-haul,Good,6,0.7911,3428.3,12383.86,86.524
2023-07-01,Container Ship,Heavy Fuel Oil (HFO),12.3342,1734.4192,7984.5827,99.0215,1791.6664,6.4827,Moderate,0.7503,Transoceanic,Good,7,0.8521,6812.08,38981.79,159.6293
2023-07-02,Container Ship,Heavy Fuel Oil (HFO),14.5776,746.2319,5923.7884,74.1695,3265.5685,4.1574,Calm,0.2259,Coastal,Fair,1,0.7852,5378.55,29171.26,62.8576
2023-07-03,Fish Carrier,Heavy Fuel Oil (HFO),19.6445,229.2132,2066.5611,91.9131,1368.6879,10.4154,Moderate,0.2089,Long-haul,Good,7,0.35,2604.56,15476.42,19.0021
2023-07-04,Container Ship,Diesel,16.398,1205.044,4153.2327,55.924,2361.2896,8.4161,Moderate,0.198,Coastal,Good,2,0.7501,5402.6,23162.44,85.0058
2023-07-05,Tanker,Diesel,16.5663,1160.2615,3627.7032,72.5376,1840.153,7.8678,Moderate,0.864,Coastal,Needs Maintenance,1,0.6017,4816.12,21964.37,93.0142
2023-07-06,Tanker,Diesel,13.2821,1091.7733,4314.1962,51.5836,2729.3774,6.9086,Moderate,0.0031,Coastal,Good,5,0.8338,5346.56,23194.48,101.8406
2023-07-07,Bulk Carrier,Diesel,20.1918,1442.5058,3977.9482,74.1439,1660.2608,4.1846,Calm,0.1393,Coastal,Fair,4,0.35,5467.0,23478.3,80.5587
2023-07-08,Container Ship,Heavy Fuel Oil (HFO),9.2911,2060.9335,5354.0478,67.3986,2792.0069,9.8071,Calm,0.6305,Short-haul,Good,7,0.8752,7593.66,29182.82,271.4709
2023-07-09,Bulk Carrier,Steam Turbine,13.9712,1877.7276,7138.5595,93.6716,1711.7019,6.7848,Moderate,0.6074,Coastal,Fair,7,0.7283,6511.79,35931.09,149.9927
2023-07-10,Bulk Carrier,Diesel,12.9811,1816.5351,4540.3768,91.6087,1888.526,7.9296,Moderate,0.9024,Short-haul,Fair,5,0.922,6092.1,27364.81,157.9817
2023-07-11,Bulk Carrier,Diesel,21.7921,1738.5109,3355.8074,85.5162,2180.1023,6.8522,Calm,0.212,Coastal,Fair,6,0.35,6176.44,21927.29,90.6203
2023-07-12,Bulk Carrier,Steam Turbine,12.0007,481.7339,1026.8597,54.1081,2817.4124,8.9431,Calm,0.6238,Coastal,Fair,6,0.7872,3920.46,10289.25,51.274
2023-07-13,Fish Carrier,Steam Turbine,15.311,404.8802,1129.7096,53.0813,2282.9516,6.0609,Moderate,0.7723,Transoceanic,Good,3,0.5152,3252.0,11151.63,40.0173
2023-07-14,Container Ship,Heavy Fuel Oil (HFO),15.8379,2068.811,4533.5229,66.8897,1029.6067,9.3465,Moderate,0.9723,Transoceanic,Good,1,0.7202,5839.12,26808.82,156.9694
2023-07-15,Container Ship,Steam Turbine,16.4336,859.7836,7477.0774,86.6357,3040.7195,10.8666,Moderate,0.828,Short-haul,Fair,3,0.6592,5736.22,35110.52,59.022
2023-07-16,Fish Carrier,Diesel,18.6835,1243.4509,630.7456,76.5102,1665.2088,8.4125,Moderate,0.9235,Long-haul,Good,2,0.3778,4080.65,11824.65,74.9715
2023-07-17,Container Ship,Diesel,21.7266,1675.8857,1759.2801,58.233,2929.594,6.1752,Moderate,0.509,Short-haul,Good,6,0.35,6035.98,15712.43,96.8207
2023-07-18,Tanker,Steam Turbine,8.7721,1850.7916,5696.1465,89.7873,1637.5547,10.7864,Calm,0.8544,Transoceanic,Good,1,0.7351,6375.25,31059.92,265.6771
2023-07-19,Bulk Carrier,Heavy Fuel Oil (HFO),12.4995,1051.5875,6413.1579,97.2183,2497.805,8.3888,Moderate,0.0503,Coastal,Fair,3,0.8178,5713.84,32013.25,93.5915
2023-07-20,Container Ship,Diesel,18.1643,1702.2293,2278.4911,88.9267,2788.4165,7.4447,Moderate,0.6254,Transoceanic,Fair,4,0.4955,6431.27,18607.41,123.2333
2023-07-21,Bulk Carrier,Heavy Fuel Oil (HFO),10.7338,525.5995,2731.2276,84.3205,1179.4958,6.4132,Calm,0.961,Short-haul,Good,1,0.8654,3239.45,18611.2,59.1914
2023-07-22,Bulk Carrier,Diesel,11.0642,985.9891,5189.5321,75.0362,3434.0127,6.6319,Moderate,0.1904,Coastal,Good,4,0.8475,5877.06,27289.55,100.9032
2023-07-23,Bulk Carrier,Steam Turbine,20.0977,717.4347,990.1016,47.9095,1964.8682,8.7743,Rough,0.832,Short-haul,Good,4,0.35,3688.03,11046.79,43.2736
2023-07-24,Container Ship,Diesel,20.2945,1977.9591,5681.0865,73.5683,3426.2995,5.2013,Calm,0.5461,Long-haul,Fair,6,0.35,7830.47,30222.07,125.216
2023-07-25,Tanker,Diesel,19.8731,472.1549,3008.8374,86.2649,3387.3487,4.1604,Rough,0.7856,Long-haul,Fair,5,0.35,4446.52,19151.04,34.423
2023-07-26,Bulk Carrier,Heavy Fuel Oil (HFO),13.6712,1737.7603,2024.2293,74.7341,936.187,9.8848,Rough,0.1804,Transoceanic,Good,6,0.7619,4884.67,17483.07,148.3901
2023-07-27,Fish Carrier,Diesel,17.6145,950.3628,1059.9617,49.0014,2297.7311,6.2917,Moderate,0.3979,Transoceanic,Needs Maintenance,4,0.3845,3939.37,11544.36,67.8729
2023-07-28,Fish Carrier,Steam Turbine,20.8602,1886.8322,2063.5899,91.297,1912.8224,9.0343,Rough,0.7168,Long-haul,Good,3,0.35,6018.95,18766.79,107.9033
2023-07-29,Fish Carrier,Steam Turbine,11.9699,1048.9137,2118.1545,83.2404,1935.9356,6.4986,Moderate,0.179,Coastal,Fair,5,0.6988,4505.58,16676.75,102.0601
2023-07-30,Tanker,Heavy Fuel Oil (HFO),8.8887,1418.4199,2395.5568,53.2454,2446.1955,10.4072,Calm,0.5058,Coastal,Needs Maintenance,6,0.6833,5607.0,17563.9,201.5605
2023-07-31,Container Ship,Heavy Fuel Oil (HFO),15.45,1531.2817,4153.125,65.2775,2647.4046,10.1811,Rough,0.6636,Coastal,Fair,7,0.5868,6527.48,23923.71,117.3363
2023-08-01,Bulk Carrier,Steam Turbine,10.4627,1667.5929,4983.6989,70.3377,1803.3876,4.9825,Calm,0.8265,Short-haul,Fair,5,0.7627,5821.24,27286.86,182.5606
2023-08-02,Fish Carrier,Heavy Fuel Oil (HFO),10.7239,2116.9969,699.4184,49.3784,2605.4826,6.2952,Moderate,0.533,Long-haul,Fair,3,0.659,6207.32,11881.5,221.9726
2023-08-03,Container Ship,Heavy Fuel Oil (HFO),11.1118,1212.4559,3156.0211,72.7465,2267.8139,6.7385,Rough,0.3658,Long-haul,Fair,6,0.7716,4904.5,20657.61,128.8324
2023-08-04,Fish Carrier,Diesel,12.0223,649.5847,1973.3042,94.1627,3008.12,4.5216,Moderate,0.8324,Transoceanic,Fair,4,0.7405,4359.73,15761.11,65.8836
2023-08-05,Bulk Carrier,Diesel,9.2349,716.665,1345.3804,54.543,2434.2627,5.5013,Moderate,0.4195,Long-haul,Good,6,0.7868,4057.79,12723.19,99.76
2023-08-06,Fish Carrier,Diesel,10.0956,1914.9435,2146.3493,87.6984,1196.5093,6.6805,Calm,0.5292,Short-haul,Needs Maintenance,1,0.8478,5096.72,18785.48,226.0959
2023-08-07,Bulk Carrier,Heavy Fuel Oil (HFO),15.375,1898.5521,3543.8221,89.5004,2966.2969,6.9971,Calm,0.0584,Long-haul,Fair,3,0.6817,6755.34,23707.76,156.4977
2023-08-08,Tanker,Heavy Fuel Oil (HFO),17.8854,1171.4376,5211.6193,85.3088,1881.5009,6.546,Calm,0.8668,Long-haul,Good,7,0.5092,4942.33,28471.35,73.8737
2023-08-09,Bulk Carrier,Steam Turbine,21.056,113.1409,1579.1804,77.2482,3159.5416,4.5092,Calm,0.2364,Short-haul,Good,6,0.35,3559.18,12458.64,13.8834
2023-08-10,Fish Carrier,Diesel,8.4731,528.5917,639.713,61.6794,3083.1419,7.6735,Calm,0.3831,Short-haul,Good,5,0.7531,3832.31,9591.3,75.0805
2023-08-11,Tanker,Heavy Fuel Oil (HFO),12.0974,967.8869,7031.9714,83.7026,3273.8751,6.0154,Rough,0.9497,Transoceanic,Fair,1,0.5463,6184.23,34116.07,99.255
2023-08-12,Bulk Carrier,Steam Turbine,16.4921,1945.1944,4965.0945,85.6063,3179.35,7.6371,Calm,0.4154,Coastal,Good,4,0.6456,7694.81,28547.8,136.916
2023-08-13,Bulk Carrier,Steam Turbine,14.7211,773.7826,4233.7277,65.84,3115.6657,10.595,Moderate,0.3254,Long-haul,Fair,5,0.6567,5271.77,22624.88,63.0395
2023-08-14,Tanker,Steam Turbine,15.6912,481.4703,1997.0774,82.8116,1255.2993,9.5105,Moderate,0.7283,Coastal,Good,5,0.6377,2690.55,15170.15,45.6458
2023-08-15,Container Ship,Steam Turbine,18.2593,1778.7462,4464.7059,75.2862,1362.0732,5.1659,Calm,0.6533,Long-haul,Needs Maintenance,6,0.43,5721.7,25668.76,127.8077
2023-08-16,Fish Carrier,Steam Turbine,14.8474,1453.6736,685.7599,60.9414,3337.3154,7.9973,Rough,0.261,Short-haul,Good,3,0.4992,5747.97,12121.84,118.8495
2023-08-17,Tanker,Diesel,10.2693,795.3304,6694.3576,84.5321,1299.8641,8.9554,Calm,0.8175,Long-haul,Good,2,0.9792,4484.79,32206.49,95.6474
2023-08-18,Container Ship,Diesel,13.1003,1631.3265,949.7427,47.4456,2830.7909,7.4226,Moderate,0.8108,Coastal,Good,6,0.9153,5784.34,12300.54,148.7656
2023-08-19,Fish Carrier,Steam Turbine,15.4899,2041.0354,1179.0939,47.2241,748.5437,10.8459,Moderate,0.2363,Long-haul,Good,4,0.6579,5030.82,13644.21,162.2508
2023-08-20,Bulk Carrier,Heavy Fuel Oil (HFO),20.2081,1298.0839,4096.7187,54.2114,3295.213,10.5928,Calm,0.7493,Long-haul,Needs Maintenance,6,0.35,6227.88,23053.89,79.5107
2023-08-21,Container Ship,Diesel,17.6148,1149.717,2090.4662,85.2465,1023.5669,5.1018,Moderate,0.8667,Transoceanic,Good,6,0.6155,3926.75,16705.24,85.5273
2023-08-22,Bulk Carrier,Steam Turbine,13.3561,319.4616,3916.1968,52.4793,1660.229,9.1981,Moderate,0.5292,Coastal,Good,4,0.7858,3303.79,20998.74,34.4729
2023-08-23,Tanker,Heavy Fuel Oil (HFO),14.3748,1941.4323,4216.7152,60.5125,981.2843,5.9912,Calm,0.7898,Coastal,Fair,6,0.7978,5764.78,24590.84,157.6235
2023-08-24,Fish Carrier,Diesel,8.2396,1828.8002,1969.2215,65.9273,2914.7317,9.6733,Calm,0.736,Short-haul,Good,1,0.7878,6419.43,17311.64,268.2334
2023-08-25,Tanker,Diesel,9.6611,678.4701,2712.5899,61.882,3287.2561,5.4841,Moderate,0.027,Long-haul,Needs Maintenance,1,0.697,5230.48,17527.41,92.8832
2023-08-26,Bulk Carrier,Heavy Fuel Oil (HFO),15.8054,683.6546,1407.0705,49.6955,1893.3569,8.1357,Calm,0.4123,Long-haul,Good,2,0.7433,3732.92,12266.68,58.4478
2023-08-27,Container Ship,Steam Turbine,17.9446,699.4572,1697.923,67.3047,2089.8837,10.3994,Moderate,0.6398,Coastal,Good,3,0.5099,3750.12,13855.89,50.9476
2023-08-28,Fish Carrier,Heavy Fuel Oil (HFO),11.5179,1867.3153,810.1399,47.4268,866.3157,4.8296,Calm,0.7836,Long-haul,Needs Maintenance,1,0.7498,4687.59,12226.43,206.5375
2023-08-29,Tanker,Heavy Fuel Oil (HFO),13.9333,189.5092,2230.0297,50.9071,2359.6927,10.079,Moderate,0.1082,Coastal,Good,3,0.772,3246.47,14511.2,20.9779
2023-08-30,Tanker,Diesel,12.65,2134.4282,5909.2631,72.0618,1258.5847,6.8043,Calm,0.1142,Transoceanic,Fair,2,0.932,6377.07,31269.82,188.4893
2023-08-31,Tanker,Steam Turbine,10.8639,1278.6415,5526.4143,78.3829,1138.4365,9.6691,Calm,0.9387,Short-haul,Good,3,0.8724,4750.79,28953.29,150.6531
2023-09-01,Fish Carrier,Steam Turbine,17.7927,1097.5071,972.9426,62.0831,1624.9289,8.1252,Calm,0.7551,Long-haul,Fair,7,0.4442,4181.95,12124.68,75.5627
2023-09-02,Fish Carrier,Steam Turbine,15.8809,1569.8612,1616.5057,81.724,2681.6409,6.2167,Calm,0.1721,Coastal,Fair,3,0.6076,5839.96,15608.15,120.8768
2023-09-03,Tanker,Heavy Fuel Oil (HFO),17.0724,517.1939,3390.6752,75.6098,1519.3249,6.8762,Moderate,0.382,Transoceanic,Fair,1,0.5122,3626.68,19740.22,42.4904
2023-09-04,Container Ship,Heavy Fuel Oil (HFO),21.5386,1506.4362,4111.6643,69.5337,741.0493,8.9804,Calm,0.9111,Long-haul,Fair,2,0.35,4703.23,23990.95,92.8847
2023-09-05,Container Ship,Heavy Fuel Oil (HFO),15.5677,460.2092,933.1611,46.5086,2949.0986,8.3944,Calm,0.0951,Transoceanic,Fair,5,0.7546,3744.76,10224.51,38.5366
2023-09-06,Tanker,Diesel,21.4753,1635.0091,5858.5692,72.952,2982.8928,9.9598,Rough,0.9705,Coastal,Needs Maintenance,4,0.35,7078.87,30887.03,97.3813
2023-09-07,Tanker,Heavy Fuel Oil (HFO),14.165,1164.3808,4313.3555,59.2725,831.1025,7.3202,Moderate,0.4733,Long-haul,Good,1,0.7707,4125.7,23673.78,94.798
2023-09-08,Bulk Carrier,Diesel,16.266,1762.0729,4688.2421,84.9413,1797.8927,10.6029,Moderate,0.6703,Transoceanic,Fair,7,0.7058,5953.34,27451.18,129.8947
2023-09-09,Container Ship,Steam Turbine,13.9293,844.6811,5005.8927,60.6265,3202.5359,8.8365,Calm,0.5582,Coastal,Fair,3,0.7804,5312.57,25823.62,77.8821
2023-09-10,Tanker,Diesel,20.9672,1574.2232,2154.0497,59.5657,2413.051,4.1793,Calm,0.4531,Coastal,Fair,3,0.35,5766.65,17180.96,85.7758
2023-09-11,Tanker,Diesel,11.4042,1423.6639,8108.1252,97.8085,2880.2628,5.8614,Calm,0.4001,Short-haul,Good,6,0.9182,6849.46,38845.96,155.8829
2023-09-12,Tanker,Steam Turbine,19.6623,287.2819,7799.5189,99.6822,1395.1984,8.6283,Moderate,0.9871,Transoceanic,Good,6,0.35,3999.6,35464.39,25.714
2023-09-13,Bulk Carrier,Diesel,12.7842,2160.1265,1310.9465,63.2848,3024.1646,4.1535,Calm,0.1656,Transoceanic,Fair,3,0.8449,6927.84,14799.29,191.9746
2023-09-14,Container Ship,Steam Turbine,13.8295,1874.7687,3439.6719,48.5933,2144.2042,8.9014,Calm,0.5945,Coastal,Fair,5,0.8296,5866.67,21396.97,168.5404
2023-09-15,Bulk Carrier,Heavy Fuel Oil (HFO),9.1147,668.8272,3966.1451,79.2401,3273.5268,8.3861,Moderate,0.9472,Long-haul,Good,5,0.6549,5083.05,22233.75,93.5999
2023-09-16,Tanker,Heavy Fuel Oil (HFO),17.6416,1920.1377,3446.3304,47.7115,1047.5271,4.9434,Rough,0.5991,Transoceanic,Good,2,0.35,5245.73,21727.88,121.6833
2023-09-17,Tanker,Steam Turbine,9.1005,1533.8087,6270.8718,89.4127,1279.9963,6.2007,Calm,0.4108,Coastal,Good,6,0.7784,5419.48,32100.9,200.4605
2023-09-18,Bulk Carrier,Diesel,12.182,2139.677,2765.9517,82.5325,1467.1208,10.3212,Calm,0.8616,Short-haul,Fair,5,0.9763,6222.93,21084.47,204.6875
2023-09-19,Fish Carrier,Diesel,20.1125,1129.0615,652.7183,97.4145,2850.4151,10.7533,Calm,0.1923,Short-haul,Good,5,0.35,4914.49,11859.66,67.5556
2023-09-20,Tanker,Diesel,12.7111,707.2999,4080.9315,95.8944,725.6371,10.5234,Rough,0.4255,Long-haul,Fair,7,0.8475,3295.36,24154.5,63.5541
2023-09-21,Tanker,Heavy Fuel Oil (HFO),14.6353,942.5958,1463.3057,54.7283,2685.5947,4.6994,Rough,0.3725,Transoceanic,Fair,7,0.4779,4631.89,13153.18,79.5994
2023-09-22,Bulk Carrier,Diesel,14.9235,1273.5417,1950.6719,64.7101,3306.0306,10.2809,Moderate,0.931,Transoceanic,Good,3,0.7437,5685.56,16012.0,105.1845
2023-09-23,Container Ship,Steam Turbine,9.5527,445.7102,2207.532,63.8183,1904.2344,8.875,Moderate,0.7295,Coastal,Good,7,0.7762,3348.9,15072.82,62.0038
2023-09-24,Fish Carrier,Steam Turbine,15.8049,1677.475,1428.4952,97.2513,832.0174,8.7307,Calm,0.4292,Long-haul,Good,3,0.6962,4231.63,16023.64,129.0121
2023-09-25,Container Ship,Diesel,17.981,1039.6437,5074.4082,82.5195,2438.2121,9.7092,Calm,0.0849,Long-haul,Good,4,0.6993,5202.2,26743.11,69.0825
2023-09-26,Container Ship,Heavy Fuel Oil (HFO),15.7712,896.9646,1732.8182,81.028,870.179,9.9276,Calm,0.6067,Long-haul,Fair,4,0.7796,3355.98,15490.33,77.6233
2023-09-27,Container Ship,Diesel,15.6345,1842.4614,5076.8832,61.8071,800.139,10.4458,Calm,0.7,Long-haul,Good,6,0.9178,5174.46,27505.45,144.9722
2023-09-28,Bulk Carrier,Heavy Fuel Oil (HFO),11.5615,1507.0545,3628.62,90.0697,3161.2229,8.819,Calm,0.4751,Long-haul,Good,5,0.8711,6391.18,23048.1,148.7648
2023-09-29,Fish Carrier,Diesel,14.3909,1154.9124,1802.8058,76.2344,1891.6379,8.1043,Moderate,0.5145,Coastal,Good,2,0.8511,4340.59,15899.11,97.7139
2023-09-30,Container Ship,Heavy Fuel Oil (HFO),11.5531,588.3575,7817.5529,97.9929,2689.3233,5.2252,Calm,0.1322,Transoceanic,Fair,2,0.8745,5072.58,36252.16,67.8354
2023-10-01,Container Ship,Diesel,9.5782,1456.7498,1703.8929,93.486,1288.2527,5.2068,Moderate,0.8669,Coastal,Good,1,0.9251,4350.28,16501.54,169.02
2023-10-02,Container Ship,Diesel,17.6833,910.4736,1951.8052,79.7258,2580.1245,7.9068,Calm,0.802,Coastal,Good,4,0.6971,4332.97,15596.98,64.1537
2023-10-03,Container Ship,Heavy Fuel Oil (HFO),20.8418,593.9868,4208.3701,49.6779,2128.9373,4.3316,Calm,0.4826,Coastal,Good,4,0.35,3899.36,21915.31,35.8912
2023-10-04,Fish Carrier,Steam Turbine,18.2667,2188.6288,2517.3086,89.9553,1481.0536,6.306,Moderate,0.7422,Coastal,Good,4,0.3978,6245.54,20454.72,138.7379
2023-10-05,Tanker,Heavy Fuel Oil (HFO),9.2884,127.388,1280.397,49.9663,3054.0257,10.9518,Rough,0.2248,Transoceanic,Good,3,0.6258,3348.51,11236.19,19.682
2023-10-06,Fish Carrier,Steam Turbine,15.8638,508.7594,1638.322,84.9089,2280.8848,6.8368,Moderate,0.3884,Coastal,Good,4,0.546,3450.03,14026.51,43.8763
2023-10-07,Bulk Carrier,Heavy Fuel Oil (HFO),9.0171,164.3332,5172.3304,76.3142,3211.0181,4.1636,Moderate,0.5947,Transoceanic,Fair,2,0.6256,4215.22,25899.37,26.9184
2023-10-08,Container Ship,Heavy Fuel Oil (HFO),8.0818,2081.577,3044.3839,70.3542,1639.7203,6.2005,Calm,0.9573,Coastal,Good,4,0.7948,6286.11,21632.01,299.2547
2023-10-09,Tanker,Heavy Fuel Oil (HFO),9.352,1513.246,4619.8751,77.5721,3331.9031,7.0502,Calm,0.177,Long-haul,Fair,2,0.6943,6635.78,26552.37,188.9236
2023-10-10,Fish Carrier,Steam Turbine,9.4733,1262.4594,1792.393,68.9315,2116.2333,4.0202,Moderate,0.578,Short-haul,Needs Maintenance,2,0.604,4969.16,15045.3,166.6414
2023-10-11,Bulk Carrier,Steam Turbine,17.8578,818.5594,2114.4321,60.3145,3120.6468,10.9432,Calm,0.5031,Transoceanic,Good,5,0.4064,4624.71,15807.75,59.9272
2023-10-12,Container Ship,Diesel,9.9075,981.3391,5576.8457,65.5228,2048.1169,4.4124,Moderate,0.3514,Transoceanic,Good,5,0.8791,5075.14,28132.68,123.2288
2023-10-13,Fish Carrier,Diesel,9.5289,1814.1914,682.2245,85.9127,1336.7557,9.7186,Moderate,0.7939,Transoceanic,Fair,1,0.7752,4888.4,13307.69,206.3517
2023-10-14,Bulk Carrier,Diesel,19.6197,1472.6562,6041.0808,83.452,1335.6094,8.521,Rough,0.7974,Short-haul,Needs Maintenance,5,0.35,5109.54,30949.18,91.4023
2023-10-15,Tanker,Heavy Fuel Oil (HFO),14.611,342.6909,6412.93,95.9133,3436.7318,5.4153,Calm,0.3109,Short-haul,Good,5,0.8458,5061.29,30914.57,30.4538
2023-10-16,Fish Carrier,Steam Turbine,10.5645,1083.3713,1713.7887,69.0818,2167.2502,10.1692,Moderate,0.242,Transoceanic,Good,7,0.713,4846.64,15087.66,131.0362
2023-10-17,Tanker,Diesel,15.6714,2178.4255,3958.9289,75.0939,3409.4844,6.2254,Moderate,0.2279,Transoceanic,Good,7,0.7169,7735.13,24645.32,161.7297
2023-10-18,Bulk Carrier,Heavy Fuel Oil (HFO),13.5086,1042.8698,2951.1703,76.0514,2741.7223,4.0681,Moderate,0.034,Short-haul,Fair,3,0.7609,5331.79,19479.54,98.9394
2023-10-19,Fish Carrier,Steam Turbine,9.3962,275.0028,2837.7926,99.2454,753.4705,6.2997,Calm,0.2949,Coastal,Fair,4,0.7551,2495.82,18872.28,37.8531
2023-10-20,Fish Carrier,Diesel,9.1642,471.9656,575.5946,62.2561,2922.8815,7.9612,Calm,0.8719,Short-haul,Fair,1,0.7881,3792.82,9078.63,61.3445
2023-10-21,Bulk Carrier,Diesel,18.0726,484.4948,4295.8457,59.2796,2474.4062,8.3234,Calm,0.032,Short-haul,Good,3,0.6564,4269.68,22539.25,33.3418
2023-10-22,Bulk Carrier,Heavy Fuel Oil (HFO),20.7884,1499.4968,5710.191,82.2646,1305.449,6.1284,Moderate,0.7214,Short-haul,Fair,2,0.35,5477.52,30069.26,91.1665
2023-10-23,Bulk Carrier,Diesel,15.5987,1416.4081,5866.9881,78.8455,3197.3393,10.7189,Calm,0.3592,Short-haul,Good,7,0.8533,6348.23,30628.67,111.8448
2023-10-24,Bulk Carrier,Diesel,16.0865,1452.6632,2057.7627,48.2334,2230.8589,9.0199,Calm,0.4775,Transoceanic,Good,1,0.7576,5494.0,15996.5,116.2474
2023-10-25,Container Ship,Steam Turbine,15.9839,706.8497,3940.7299,45.1528,2074.1742,6.6388,Rough,0.8481,Long-haul,Fair,2,0.492,4276.1,21494.17,51.9426
2023-10-26,Tanker,Heavy Fuel Oil (HFO),9.4808,1228.2017,6820.9966,83.6351,1118.4646,9.5249,Calm,0.3077,Transoceanic,Good,7,0.8423,5014.0,33131.77,140.5835
2023-10-27,Tanker,Steam Turbine,18.7003,1236.1291,2825.0679,94.6569,947.4815,6.7481,Calm,0.2199,Long-haul,Good,2,0.4126,4124.46,20579.36,85.265
2023-10-28,Fish Carrier,Steam Turbine,15.9183,490.7429,1635.4604,66.7383,1346.6465,9.9021,Moderate,0.4191,Transoceanic,Good,7,0.584,3083.26,13333.51,44.5944
2023-10-29,Fish Carrier,Heavy Fuel Oil (HFO),21.7662,1968.8491,2473.8204,89.0634,3057.1904,5.5795,Moderate,0.7519,Coastal,Good,1,0.35,7130.63,19954.88,114.8916
2023-10-30,Container Ship,Diesel,20.7381,1617.8577,4204.1084,72.6723,1292.0208,6.6,Calm,0.5502,Coastal,Good,1,0.35,5093.92,24529.41,100.5942
2023-10-31,Tanker,Diesel,15.2347,1588.5424,4452.8192,87.1073,2658.2198,10.0066,Moderate,0.0672,Coastal,Good,4,0.7899,6266.05,26160.69,133.311
2023-11-01,Fish Carrier,Heavy Fuel Oil (HFO),9.9334,1617.0032,628.1063,61.2,1056.8903,10.4863,Rough,0.9794,Coastal,Needs Maintenance,2,0.6395,4413.01,11992.8,195.4245
2023-11-02,Tanker,Heavy Fuel Oil (HFO),20.0436,1670.3226,4836.503,84.0797,2663.0822,8.7119,Moderate,0.7357,Long-haul,Needs Maintenance,6,0.35,6544.28,27804.34,93.27
2023-11-03,Container Ship,Diesel,19.9068,367.1034,2985.6625,87.7265,1065.7998,4.6548,Calm,0.3355,Transoceanic,Good,1,0.3925,3328.73,18696.72,25.2401
2023-11-04,Bulk Carrier,Heavy Fuel Oil (HFO),14.1596,1065.1576,3722.2024,87.2348,2614.6036,8.5623,Moderate,0.9907,Long-haul,Needs Maintenance,1,0.62,5374.12,22211.09,95.7579
2023-11-05,Bulk Carrier,Diesel,18.9922,653.7084,4654.4594,66.2905,1154.1666,7.9724,Moderate,0.8015,Long-haul,Good,2,0.4191,3751.63,24296.38,47.1228
2023-11-06,Tanker,Steam Turbine,20.7038,1067.0596,6299.9897,96.1424,935.5155,7.585,Rough,0.3937,Transoceanic,Fair,3,0.35,4565.52,31810.24,68.8435
2023-11-07,Tanker,Heavy Fuel Oil (HFO),10.6399,571.9114,3112.7496,69.9488,1062.5322,5.1826,Rough,0.1347,Short-haul,Fair,7,0.7245,3299.76,19039.32,61.4751
2023-11-08,Tanker,Steam Turbine,15.7673,773.179,5002.312,93.7456,810.0142,9.1447,Calm,0.9491,Short-haul,Needs Maintenance,5,0.6999,3658.5,26814.37,66.3272
2023-11-09,Fish Carrier,Steam Turbine,10.8142,811.5545,2832.9917,97.0979,3427.5033,5.3066,Calm,0.3656,Transoceanic,Good,1,0.7454,5158.78,20006.87,87.6861
2023-11-10,Bulk Carrier,Steam Turbine,13.1218,1503.7683,4529.4933,92.4962,2879.4137,6.7328,Calm,0.6898,Coastal,Fair,6,0.7735,6487.29,26720.84,136.2466
2023-11-11,Fish Carrier,Steam Turbine,13.0469,603.8512,2556.8258,96.2156,2365.0123,7.5195,Moderate,0.9623,Short-haul,Needs Maintenance,1,0.631,4086.2,18037.03,60.0217
2023-11-12,Fish Carrier,Heavy Fuel Oil (HFO),20.9541,2067.3776,703.3461,86.823,2368.6447,6.2617,Calm,0.94,Coastal,Good,5,0.35,6344.55,13765.6,115.0865
2023-11-13,Fish Carrier,Diesel,13.3873,2059.5629,2227.0639,77.0937,1393.8746,10.2808,Calm,0.941,Coastal,Good,7,0.9501,5759.97,18563.83,171.7772
2023-11-14,Bulk Carrier,Heavy Fuel Oil (HFO),14.4106,318.9246,6327.0116,85.1979,2087.9108,7.7158,Moderate,0.3563,Long-haul,Fair,2,0.7369,4092.72,30783.08,30.1622
2023-11-15,Fish Carrier,Heavy Fuel Oil (HFO),17.2112,1652.1612,1082.2474,59.6883,2604.7737,10.2321,Calm,0.4981,Short-haul,Fair,1,0.5906,5897.97,13722.1,116.196
2023-11-16,Bulk Carrier,Steam Turbine,19.485,567.3852,2862.6166,62.8153,1227.2408,7.2762,Moderate,0.1115,Short-haul,Fair,1,0.35,3252.28,17958.32,41.2214
2023-11-17,Bulk Carrier,Diesel,15.268,2166.5754,1724.1198,85.1219,883.9952,5.3042,Rough,0.4631,Short-haul,Good,7,0.7232,5442.25,17455.56,178.5475
2023-11-18,Bulk Carrier,Diesel,10.3027,173.6729,1877.1181,73.4954,1794.1432,10.3454,Moderate,0.0268,Coastal,Good,6,0.9343,3037.02,13688.7,27.2902
2023-11-19,Fish Carrier,Steam Turbine,10.1109,1555.7725,1624.9304,78.1864,1188.0577,6.0113,Moderate,0.8529,Long-haul,Good,6,0.7409,4729.65,15267.96,190.273
2023-11-20,Container Ship,Diesel,12.9001,172.9927,6080.5554,73.1298,1789.4519,7.4848,Calm,0.9596,Transoceanic,Good,7,0.9683,3564.19,28936.8,20.6567
2023-11-21,Container Ship,Heavy Fuel Oil (HFO),15.8159,1276.4634,6050.8496,88.6566,2464.7472,10.4613,Calm,0.762,Long-haul,Fair,5,0.7858,5772.13,31114.4,105.2934
2023-11-22,Fish Carrier,Diesel,21.7546,397.4322,502.23,78.4086,1410.5177,5.0778,Calm,0.5602,Long-haul,Needs Maintenance,6,0.35,2555.84,9482.25,27.7934
2023-11-23,Container Ship,Steam Turbine,10.5626,1965.6985,2722.0792,66.4286,3032.7252,8.448,Rough,0.7221,Transoceanic,Good,7,0.6094,6893.48,19594.72,227.5346
2023-11-24,Fish Carrier,Heavy Fuel Oil (HFO),19.5874,113.2571,1003.8918,51.7114,2272.7169,5.0395,Moderate,0.8885,Transoceanic,Good,1,0.35,2973.2,10122.8,8.8793
2023-11-25,Container Ship,Steam Turbine,13.4056,759.045,2510.4814,48.9997,1187.9837,8.3835,Moderate,0.0673,Transoceanic,Fair,1,0.7241,3677.56,16537.49,70.6229
2023-11-26,Fish Carrier,Heavy Fuel Oil (HFO),17.3874,1310.0872,1459.5089,72.3158,2953.5899,4.4214,Calm,0.8034,Coastal,Good,7,0.5392,5588.78,14914.55,88.6134
2023-11-27,Tanker,Diesel,9.0261,523.7492,4249.628,70.4517,2286.2826,7.1773,Calm,0.0363,Coastal,Good,5,0.8667,3851.35,23065.47,68.8801
2023-11-28,Container Ship,Diesel,17.1285,1517.3952,6472.1133,74.4121,2030.4321,7.8129,Moderate,0.3524,Long-haul,Good,7,0.6775,5990.36,32886.19,109.6278
2023-11-29,Container Ship,Diesel,10.6373,2103.0071,3844.5995,51.8579,827.9059,4.8474,Moderate,0.0693,Transoceanic,Good,7,0.899,5595.06,23332.82,212.6115
2023-11-30,Fish Carrier,Steam Turbine,17.9535,102.5003,1264.3652,81.596,1918.7236,6.8064,Moderate,0.5724,Short-haul,Good,5,0.3909,2695.67,12155.7,11.5879
2023-12-01,Tanker,Steam Turbine,8.4624,954.0827,1922.5532,85.6513,3430.1442,7.9553,Rough,0.6165,Short-haul,Fair,4,0.5473,5115.49,15617.99,130.9934
2023-12-02,Container Ship,Steam Turbine,8.6936,879.0196,1229.1634,74.0959,1995.4831,8.7209,Moderate,0.4266,Long-haul,Good,2,0.7679,3989.35,12698.86,126.0813
2023-12-03,Fish Carrier,Steam Turbine,14.0847,726.9279,2375.7345,85.9931,1560.6963,5.8018,Calm,0.073,Short-haul,Good,3,0.7969,3853.82,16958.41,64.8817
2023-12-04,Container Ship,Steam Turbine,14.3125,575.4714,6648.7404,82.1812,2540.6715,7.9295,Rough,0.1461,Short-haul,Good,1,0.6942,4721.32,31647.93,49.5876
2023-12-05,Fish Carrier,Diesel,21.9679,1696.5225,882.8367,86.8926,2041.0045,6.1095,Calm,0.8516,Coastal,Needs Maintenance,3,0.35,5406.91,13402.96,89.8471
2023-12-06,Tanker,Steam Turbine,8.1422,733.7196,2049.1193,84.7944,1325.649,4.3823,Calm,0.0274,Long-haul,Good,6,0.7128,3420.57,16137.5,111.8782
2023-12-07,Tanker,Heavy Fuel Oil (HFO),16.1529,1418.8093,4285.2247,89.339,3283.5541,8.2664,Moderate,0.9444,Transoceanic,Good,3,0.5505,6548.77,25608.4,109.9425
2023-12-08,Tanker,Heavy Fuel Oil (HFO),15.5886,879.0719,3964.4934,53.6664,2578.0958,4.9501,Calm,0.858,Coastal,Good,2,0.6942,5018.28,22034.34,65.4494
2023-12-09,Tanker,Steam Turbine,15.5638,158.8428,3390.5424,83.9316,1094.4312,10.0225,Moderate,0.3814,Transoceanic,Fair,5,0.6324,2682.61,19467.99,15.5922
2023-12-10,Tanker,Heavy Fuel Oil (HFO),10.6365,178.8337,4857.9765,88.5256,1726.5155,4.3285,Rough,0.162,Coastal,Good,5,0.7249,3243.44,24928.11,22.0551
2023-12-11,Container Ship,Diesel,11.2728,386.2136,4262.3442,93.2798,1343.2211,5.5362,Calm,0.2536,Long-haul,Fair,4,0.9689,3555.62,23828.12,45.3996
2023-12-12,Tanker,Heavy Fuel Oil (HFO),13.9762,1729.402,3118.4491,86.1616,1185.9702,8.4923,Rough,0.2106,Coastal,Good,1,0.7656,5109.23,21610.91,141.1293
2023-12-13,Container Ship,Diesel,21.3107,376.801,2918.0315,76.984,2775.9169,10.9958,Calm,0.7706,Short-haul,Fair,1,0.35,4075.09,18544.22,23.1499
2023-12-14,Fish Carrier,Diesel,20.3014,968.533,1867.823,97.7143,3028.7517,7.334,Rough,0.6361,Coastal,Good,4,0.35,5103.07,15719.06,57.8231
2023-12-15,Fish Carrier,Diesel,20.887,423.5809,686.5051,48.5249,1135.5451,8.1916,Calm,0.8027,Long-haul,Good,5,0.35,2467.43,9592.2,28.5246
2023-12-16,Fish Carrier,Steam Turbine,14.7965,1417.1222,408.4045,52.1495,940.6675,4.33,Moderate,0.5309,Long-haul,Needs Maintenance,5,0.5971,4035.21,10479.75,124.6993
2023-12-17,Bulk Carrier,Steam Turbine,8.6928,1831.1962,1922.4694,53.3078,989.9932,10.8014,Rough,0.6173,Coastal,Good,6,0.5886,4896.46,15753.14,241.7342
2023-12-18,Bulk Carrier,Heavy Fuel Oil (HFO),14.8912,914.4019,2190.3196,64.8394,1509.9319,5.0104,Calm,0.3757,Long-haul,Good,4,0.7888,3706.19,15522.47,74.9515
2023-12-19,Container Ship,Steam Turbine,12.0586,734.288,5627.9386,72.4503,2377.8169,10.4571,Moderate,0.0117,Long-haul,Good,4,0.8801,4942.81,27736.68,67.1889
2023-12-20,Tanker,Steam Turbine,20.2494,497.8796,5264.0719,66.8494,2477.0503,5.4644,Moderate,0.9476,Coastal,Fair,5,0.35,4237.07,25897.26,31.8488
2023-12-21,Container Ship,Diesel,9.1277,938.6717,1729.5128,65.2887,2730.3577,5.1037,Rough,0.5925,Long-haul,Good,1,0.7402,4958.06,14384.96,116.9906
2023-12-22,Container Ship,Diesel,17.3078,1321.2879,2744.2336,80.5164,1182.6093,8.357,Calm,0.2967,Short-haul,Good,7,0.8223,4415.94,19280.36,89.925
2023-12-23,Fish Carrier,Diesel,15.5363,1887.7998,2433.9273,92.0547,879.8506,8.4966,Calm,0.1768,Coastal,Good,2,0.9013,5043.09,19355.14,136.8503
2023-12-24,Fish Carrier,Steam Turbine,15.5366,1926.4334,1354.5728,45.464,2838.0126,4.7681,Moderate,0.3267,Coastal,Fair,5,0.5006,6487.28,14533.64,161.2151
2023-12-25,Bulk Carrier,Heavy Fuel Oil (HFO),15.3418,613.5591,2512.5762,67.095,3348.0484,6.7951,Calm,0.3108,Transoceanic,Good,6,0.6668,4747.27,16929.29,47.5541
2023-12-26,Container Ship,Diesel,10.5066,505.9467,3951.3742,58.9115,1307.4829,10.8081,Moderate,0.2814,Transoceanic,Fair,4,0.9579,3310.15,21389.12,63.2077
2023-12-27,Tanker,Diesel,16.3169,1387.2291,2987.3623,55.9539,2758.9964,4.1393,Moderate,0.2193,Transoceanic,Good,4,0.6078,5736.94,19242.72,98.5744
2023-12-28,Bulk Carrier,Diesel,15.5494,506.1228,2679.4051,62.9651,1202.4892,5.7099,Calm,0.5295,Long-haul,Fair,2,0.7979,3140.67,17506.45,42.6243
2023-12-29,Container Ship,Steam Turbine,13.5735,1564.7636,2865.8204,57.4926,3062.742,10.9506,Moderate,0.2068,Coastal,Good,7,0.7728,6165.73,18809.0,139.9675
2023-12-30,Container Ship,Diesel,9.1662,806.0672,5674.0985,90.4933,1826.9733,6.7835,Moderate,0.1048,Transoceanic,Needs Maintenance,4,0.7195,4450.49,29140.93,102.0858
2023-12-31,Container Ship,Diesel,15.5679,1167.0138,3559.688,85.0578,877.2419,7.3381,Rough,0.7082,Long-haul,Good,7,0.8046,3845.66,22391.54,95.9516
2024-01-01,Tanker,Heavy Fuel Oil (HFO),16.8081,877.4915,2778.0921,50.5248,2531.7297,5.8648,Calm,0.7703,Coastal,Good,5,0.6242,4801.33,17973.68,67.5048
2024-01-02,Fish Carrier,Steam Turbine,12.1847,1487.5564,1586.6895,53.2871,1794.2099,6.5805,Calm,0.9533,Long-haul,Good,4,0.7491,4848.24,14415.12,147.8056
2024-01-03,Bulk Carrier,Diesel,15.1012,1287.5592,5311.3497,68.9335,2482.0934,9.348,Calm,0.7382,Long-haul,Good,2,0.8173,5705.04,28079.55,102.8787
2024-01-04,Tanker,Steam Turbine,14.1302,1399.3454,3632.244,61.8846,2603.2039,5.7844,Rough,0.3519,Short-haul,Good,5,0.6465,5731.07,22631.34,124.5366
2024-01-05,Container Ship,Steam Turbine,14.4686,706.848,6607.9545,76.9839,2963.5963,4.7477,Moderate,0.3808,Short-haul,Good,7,0.7494,5305.18,31244.92,56.1895
2024-01-06,Tanker,Diesel,20.4268,165.938,3469.8313,75.4082,3224.8491,4.1265,Calm,0.5444,Long-haul,Good,3,0.35,3655.63,19517.64,12.9143
2024-01-07,Bulk Carrier,Steam Turbine,19.263,792.748,3157.5234,85.5291,1433.3522,9.9823,Rough,0.9948,Long-haul,Fair,5,0.35,4190.37,20483.95,48.055
2024-01-08,Bulk Carrier,Diesel,18.0829,1695.5218,3460.8972,80.4777,748.4047,10.7777,Calm,0.3574,Coastal,Fair,3,0.6188,4541.66,22258.1,103.8394
2024-01-09,Fish Carrier,Heavy Fuel Oil (HFO),14.7179,1614.1281,1392.5168,80.3506,797.7745,4.791,Calm,0.7501,Coastal,Good,4,0.7866,4506.9,14884.08,119.8269
2024-01-10,Fish Carrier,Diesel,11.8396,820.1826,844.5561,54.0659,3331.9958,6.6448,Moderate,0.7874,Coastal,Good,2,0.8459,4619.9,10617.88,81.8177
2024-01-11,Tanker,Diesel,10.5793,1895.7276,6495.147,80.6134,1525.7066,9.5519,Calm,0.2586,Transoceanic,Fair,3,0.8763,6314.42,33281.56,213.6551
2024-01-12,Tanker,Heavy Fuel Oil (HFO),12.3756,1127.1077,2155.1322,50.5895,2664.247,10.033,Calm,0.5959,Long-haul,Good,1,0.8682,4884.09,15233.32,113.4932
2024-01-13,Bulk Carrier,Steam Turbine,16.9613,1429.9454,3504.7289,75.0068,1389.8662,6.4255,Moderate,0.321,Long-haul,Needs Maintenance,6,0.4367,5015.15,22242.2,97.5842
2024-01-14,Container Ship,Steam Turbine,21.685,788.1526,1063.6515,47.8724,3084.7025,4.3301,Rough,0.3085,Coastal,Good,1,0.35,4543.05,11532.48,44.7653
2024-01-15,Fish Carrier,Steam Turbine,20.2338,1636.7803,1340.2057,51.5495,2325.6267,8.9163,Calm,0.98,Long-haul,Good,4,0.35,5700.59,13767.44,102.7388
2024-01-16,Bulk Carrier,Diesel,20.2339,244.1601,1676.2168,55.0221,3321.7494,7.5909,Calm,0.506,Long-haul,Good,2,0.35,3736.4,12880.31,19.971
2024-01-17,Tanker,Diesel,17.5798,758.268,4199.2661,56.6989,1616.8253,5.585,Calm,0.8122,Transoceanic,Good,7,0.5753,4085.43,22241.96,52.8038
2024-01-18,Fish Carrier,Heavy Fuel Oil (HFO),14.7087,1658.8442,1542.8123,99.2815,1328.5549,9.6954,Rough,0.1366,Transoceanic,Good,5,0.69,4751.85,16129.96,138.734
2024-01-19,Fish Carrier,Diesel,9.5703,1217.7586,1149.1623,57.8674,3307.1464,8.9621,Moderate,0.1637,Coastal,Fair,6,0.7558,5637.31,12637.86,154.2355
2024-01-20,Tanker,Heavy Fuel Oil (HFO),21.1483,1862.6823,2957.0403,95.0961,1738.6187,9.4259,Moderate,0.4903,Short-haul,Fair,6,0.35,5423.08,21440.6,109.0789
2024-01-21,Bulk Carrier,Steam Turbine,18.4327,1071.7976,2522.4525,49.0688,1085.4452,7.7017,Calm,0.1875,Long-haul,Good,5,0.4578,3835.59,16788.71,64.0932
2024-01-22,Fish Carrier,Heavy Fuel Oil (HFO),19.1273,532.8324,1368.9939,73.7854,932.4005,9.0828,Rough,0.6382,Coastal,Fair,2,0.35,2609.31,12982.04,36.243
2024-01-23,Bulk Carrier,Steam Turbine,9.117,2085.046,3068.3586,78.9457,3267.3757,10.7625,Calm,0.7201,Transoceanic,Fair,6,0.6981,7256.37,21638.97,265.9636
2024-01-24,Tanker,Heavy Fuel Oil (HFO),13.2314,1418.8087,1807.8956,84.7052,3391.3175,4.0832,Moderate,0.8361,Long-haul,Fair,3,0.6958,6344.54,16408.2,122.8177
2024-01-25,Bulk Carrier,Steam Turbine,21.4194,1218.5403,4417.8993,62.3332,1039.5352,9.0645,Calm,0.0423,Coastal,Good,1,0.35,4338.53,24183.98,68.4279
2024-01-26,Fish Carrier,Heavy Fuel Oil (HFO),18.0049,533.8266,1643.2941,72.2904,1761.521,6.8144,Calm,0.915,Long-haul,Good,1,0.4777,3325.17,13444.04,36.5105
2024-01-27,Container Ship,Diesel,16.7728,1243.5606,5752.2728,65.1695,3375.7539,7.1525,Calm,0.2463,Coastal,Fair,6,0.7033,6590.56,28895.74,88.9262
2024-01-28,Bulk Carrier,Diesel,17.5038,189.4334,1845.1226,70.1315,3094.7289,7.8129,Calm,0.4218,Long-haul,Good,7,0.6061,3524.62,13942.95,17.2299
2024-01-29,Container Ship,Steam Turbine,19.438,1534.2111,8024.8315,97.7395,1605.3235,10.2415,Calm,0.3348,Short-haul,Good,7,0.4528,5738.74,39531.52,92.9342
2024-01-30,Bulk Carrier,Diesel,21.7218,117.3724,1959.9335,73.0011,986.8561,8.4363,Moderate,0.6764,Coastal,Good,4,0.35,2293.74,14385.95,12.3289
2024-01-31,Container Ship,Diesel,13.6298,1559.8623,6193.102,95.5926,2295.0698,5.2119,Moderate,0.5366,Coastal,Good,7,0.9336,6501.48,32004.52,134.184
2024-02-01,Bulk Carrier,Steam Turbine,20.4986,385.148,4758.2593,98.2309,2956.9235,10.719,Calm,0.9851,Short-haul,Good,7,0.35,4451.66,25077.77,24.428
2024-02-02,Bulk Carrier,Diesel,18.6401,1992.4063,3202.0288,64.7529,2133.514,9.1261,Calm,0.2144,Long-haul,Good,3,0.5242,6213.28,21476.76,132.529
2024-02-03,Bulk Carrier,Heavy Fuel Oil (HFO),10.6081,368.2042,1560.1108,59.4081,2534.5846,5.1927,Calm,0.8699,Transoceanic,Needs Maintenance,1,0.6729,3427.06,12964.89,47.0334
2024-02-04,Bulk Carrier,Heavy Fuel Oil (HFO),17.9019,1138.9706,3274.5938,59.8897,3493.9258,5.6814,Moderate,0.5508,Coastal,Good,1,0.4388,5965.46,19995.99,77.2369
2024-02-05,Fish Carrier,Steam Turbine,18.2953,1096.8058,1506.1998,56.2577,1196.877,4.5469,Rough,0.496,Coastal,Good,3,0.35,4144.24,13764.74,75.5743
2024-02-06,Container Ship,Diesel,16.706,174.4367,2622.8441,47.7643,733.5978,7.8231,Calm,0.4487,Coastal,Good,6,0.851,2645.51,15233.46,13.4908
2024-02-07,Container Ship,Heavy Fuel Oil (HFO),8.9811,856.821,4002.0984,71.1688,1576.3678,4.4195,Rough,0.4949,Transoceanic,Fair,2,0.6194,4223.16,22525.8,113.3246
2024-02-08,Tanker,Diesel,18.9017,1474.1318,5547.1636,76.1504,2781.0843,7.3083,Moderate,0.0756,Coastal,Good,4,0.3774,6409.47,28959.89,89.2198
2024-02-09,Fish Carrier,Steam Turbine,9.5534,451.0861,1027.317,59.1259,1385.6595,4.3766,Calm,0.9784,Coastal,Needs Maintenance,7,0.7085,3087.85,10434.22,55.5175
2024-02-10,Container Ship,Diesel,8.2156,818.8746,5074.0431,85.2913,3322.2538,9.113,Calm,0.5833,Coastal,Fair,3,0.8262,5332.24,26672.72,128.7536
2024-02-11,Container Ship,Heavy Fuel Oil (HFO),11.1451,374.155,4857.5305,75.6455,3417.4318,8.7399,Moderate,0.2703,Short-haul,Good,3,0.8695,4598.77,24786.03,44.9582
2024-02-12,Bulk Carrier,Diesel,21.022,1321.0286,6992.2812,99.6352,2668.7323,9.1275,Calm,0.8023,Coastal,Good,4,0.35,6495.72,34525.45,83.3756
2024-02-13,Container Ship,Heavy Fuel Oil (HFO),15.0028,665.392,1440.4088,81.1542,3433.9806,10.837,Calm,0.1095,Coastal,Needs Maintenance,1,0.7708,4564.32,13527.44,56.6396
2024-02-14,Fish Carrier,Diesel,21.4673,1413.1872,1764.6676,59.7959,1923.7296,7.1433,Calm,0.9506,Long-haul,Good,5,0.35,5051.31,15283.5,86.2939
2024-02-15,Bulk Carrier,Diesel,18.1759,1541.2704,5976.3641,93.3257,2831.815,4.0138,Calm,0.0206,Long-haul,Good,5,0.5829,6584.22,31916.65,101.3311
2024-02-16,Tanker,Heavy Fuel Oil (HFO),8.047,1194.2938,2450.3897,67.3407,707.4203,8.0575,Calm,0.8559,Coastal,Fair,1,0.6761,3995.39,17808.3,181.3917
2024-02-17,Tanker,Steam Turbine,16.6489,915.2296,8201.092,97.3025,3339.8477,10.0662,Moderate,0.5476,Transoceanic,Fair,4,0.4858,6284.29,38273.19,73.0464
2024-02-18,Fish Carrier,Steam Turbine,9.3549,1853.5686,519.2546,62.5087,2554.0278,7.8871,Calm,0.3694,Transoceanic,Good,3,0.6785,6075.97,11875.37,237.5938
2024-02-19,Fish Carrier,Steam Turbine,18.6769,683.2416,1167.8306,77.8477,1493.4739,10.234,Calm,0.2733,Short-haul,Good,4,0.4403,3390.39,12576.39,44.4611
2024-02-20,Container Ship,Heavy Fuel Oil (HFO),17.8888,1232.0572,3919.2943,73.2336,2370.0978,9.3694,Rough,0.9681,Coastal,Fair,2,0.4375,5335.65,23265.43,76.8608
2024-02-21,Fish Carrier,Diesel,10.6971,754.3034,1829.9385,61.2063,1146.517,4.6629,Moderate,0.7716,Short-haul,Fair,2,0.8068,3127.94,14266.39,85.8123
2024-02-22,Bulk Carrier,Steam Turbine,8.2506,1497.6731,3996.5956,54.5091,855.0679,6.9853,Calm,0.0235,Short-haul,Good,1,0.7593,4758.89,23612.84,198.3228
2024-02-23,Container Ship,Diesel,21.8629,1417.0081,2196.2488,97.0577,2702.9244,4.0807,Rough,0.7354,Long-haul,Good,4,0.35,5765.54,17554.42,81.141
2024-02-24,Fish Carrier,Heavy Fuel Oil (HFO),12.2765,473.1791,1826.4098,61.4915,3010.6088,4.1761,Calm,0.622,Coastal,Needs Maintenance,3,0.7211,4203.41,14665.63,52.806
2024-02-25,Fish Carrier,Heavy Fuel Oil (HFO),15.8167,985.8971,871.2853,86.6274,2798.4691,4.8835,Moderate,0.4588,Short-haul,Good,2,0.6364,4399.79,12321.79,78.2854
2024-02-26,Tanker,Heavy Fuel Oil (HFO),19.983,679.7301,5226.6298,67.4823,2228.1773,7.5745,Rough,0.8443,Transoceanic,Needs Maintenance,7,0.35,4426.09,26000.93,47.3363
2024-02-27,Fish Carrier,Diesel,12.2463,1287.8131,540.3755,59.9531,1286.5297,4.3755,Calm,0.7261,Coastal,Fair,6,0.8773,4137.46,10752.15,131.5592
2024-02-28,Fish Carrier,Steam Turbine,18.5169,443.6166,532.263,83.0026,2942.8836,8.4997,Calm,0.0879,Short-haul,Fair,1,0.3939,3871.35,9715.63,30.6911
2024-02-29,Tanker,Diesel,11.1549,1522.0533,6141.7896,84.8209,2179.0582,5.9406,Calm,0.8014,Transoceanic,Good,5,0.8873,6116.66,32221.23,148.3339
2024-03-01,Fish Carrier,Diesel,10.254,1944.1416,701.4957,55.2568,3116.9316,4.8292,Moderate,0.4014,Coastal,Good,3,0.7271,6434.16,12399.41,222.0952
2024-03-02,Tanker,Diesel,21.993,523.4533,5791.4814,97.6881,924.5093,9.6531,Rough,0.0324,Long-haul,Good,1,0.35,3482.55,29155.02,33.5038
2024-03-03,Bulk Carrier,Steam Turbine,14.5329,1469.6863,2900.6938,66.3375,3296.476,9.3239,Moderate,0.9399,Coastal,Good,6,0.6559,5915.41,19598.85,132.5513
2024-03-04,Fish Carrier,Steam Turbine,20.8977,1420.2413,767.15,54.1107,1034.2636,7.3078,Moderate,0.1665,Short-haul,Fair,5,0.35,4103.24,11631.8,87.5708
2024-03-05,Container Ship,Heavy Fuel Oil (HFO),14.5513,2085.5362,1422.1176,78.8563,3432.6543,5.0824,Moderate,0.8938,Coastal,Fair,6,0.6871,7194.52,15476.9,172.9606
2024-03-06,Container Ship,Heavy Fuel Oil (HFO),20.2963,1275.2822,3794.7642,45.8208,2723.8255,7.8433,Calm,0.7844,Long-haul,Good,4,0.35,5904.42,21721.16,81.8749
2024-03-07,Fish Carrier,Diesel,13.5337,491.0682,1325.67,66.1448,2572.8911,6.677,Moderate,0.3524,Long-haul,Good,4,0.7903,3952.58,12222.5,45.0489
2024-03-08,Tanker,Steam Turbine,21.7556,2056.1877,1239.5911,48.0205,1023.2322,6.846,Moderate,0.2982,Long-haul,Good,2,0.35,5274.6,14128.26,108.6068
2024-03-09,Fish Carrier,Diesel,10.1916,1881.9227,1603.2509,76.7838,1507.9635,9.987,Rough,0.5034,Short-haul,Fair,2,0.7889,5397.1,16229.32,202.3948
2024-03-10,Bulk Carrier,Heavy Fuel Oil (HFO),13.1562,249.6633,3153.4137,66.3474,1514.2446,8.9904,Rough,0.2451,Coastal,Good,6,0.7606,2944.45,18534.92,28.9058
2024-03-11,Bulk Carrier,Diesel,20.3265,679.8883,4408.1716,90.1145,2338.5818,6.9714,Calm,0.9592,Coastal,Fair,3,0.35,4502.75,24413.43,43.8574
2024-03-12,Bulk Carrier,Heavy Fuel Oil (HFO),9.8758,1343.7782,3501.5482,53.512,3091.4294,8.4764,Rough,0.7624,Short-haul,Fair,7,0.619,6032.11,20988.88,162.1246
2024-03-13,Fish Carrier,Heavy Fuel Oil (HFO),13.9199,1071.4096,932.6964,56.1966,3015.3482,7.2469,Calm,0.3617,Short-haul,Fair,7,0.7524,5228.15,11715.76,94.8481
2024-03-14,Bulk Carrier,Diesel,11.1958,133.4861,2145.0608,72.679,1608.0893,7.2131,Calm,0.1811,Short-haul,Good,1,1.0395,2674.61,15291.64,15.9419
2024-03-15,Tanker,Diesel,19.6747,2193.7666,4604.8299,94.0802,2612.9394,5.0067,Rough,0.9456,Long-haul,Good,7,0.35,7309.21,28155.62,130.9802
2024-03-16,Tanker,Steam Turbine,15.4062,1616.2747,2970.8658,46.6615,1437.0895,10.4297,Calm,0.5233,Long-haul,Good,4,0.7128,5262.99,19536.25,125.966
2024-03-17,Fish Carrier,Diesel,17.6223,2081.5395,535.7996,49.6094,3233.4554,8.1733,Calm,0.4494,Short-haul,Fair,3,0.5401,6870.09,11770.5,146.5602
2024-03-18,Tanker,Steam Turbine,12.746,634.8512,1977.1581,90.7145,2175.5125,5.0301,Moderate,0.1809,Transoceanic,Good,2,0.734,4013.96,16091.5,67.3658
2024-03-19,Container Ship,Diesel,10.0612,316.9036,5602.2808,71.9553,2398.8924,10.781,Moderate,0.1066,Long-haul,Needs Maintenance,2,0.8583,4129.57,27375.64,42.2173
2024-03-20,Tanker,Steam Turbine,21.16,1854.646,4004.4946,55.2949,3215.7686,9.2281,Moderate,0.9949,Coastal,Good,5,0.35,7496.02,23777.06,108.0459
2024-03-21,Container Ship,Steam Turbine,8.8477,1247.3711,4721.4797,95.6875,2957.4256,4.5627,Calm,0.9239,Transoceanic,Fair,4,0.6999,5948.44,27008.01,159.7518
2024-03-22,Container Ship,Diesel,20.8355,891.1437,1470.2299,60.325,1942.0835,10.8522,Calm,0.9159,Transoceanic,Good,1,0.35,4187.9,13422.52,57.275
2024-03-23,Fish Carrier,Heavy Fuel Oil (HFO),16.5785,2171.9454,585.2595,51.9971,2662.0001,10.9391,Calm,0.4933,Short-haul,Fair,5,0.6271,6609.58,12353.56,159.497
2024-03-24,Fish Carrier,Steam Turbine,14.0263,981.5407,763.1418,75.4131,1550.4227,10.8406,Moderate,0.5881,Coastal,Good,3,0.7848,3677.08,11812.11,87.9627
2024-03-25,Bulk Carrier,Steam Turbine,8.039,1671.1857,3777.7332,47.4527,728.6428,9.0041,Rough,0.1033,Transoceanic,Good,7,0.5517,4635.85,22819.03,231.8053
2024-03-26,Fish Carrier,Diesel,16.0139,172.6491,809.3477,56.3459,718.3695,5.1744,Moderate,0.3575,Short-haul,Good,1,0.7031,1923.35,9395.87,15.8977
2024-03-27,Bulk Carrier,Diesel,11.9715,1772.0507,5414.1944,89.7238,2963.901,5.9939,Moderate,0.7834,Long-haul,Needs Maintenance,5,0.7764,7316.69,29955.92,164.1027
2024-03-28,Container Ship,Steam Turbine,8.3731,1285.0944,8829.9963,98.1255,1454.5042,5.8916,Calm,0.1617,Coastal,Fair,5,0.756,5670.16,40852.88,169.5987
2024-03-29,Container Ship,Diesel,13.6208,258.0333,2726.7628,45.8188,1210.3066,9.4241,Calm,0.2682,Long-haul,Needs Maintenance,1,0.8741,2633.74,16242.45,29.1025
2024-03-30,Tanker,Heavy Fuel Oil (HFO),13.2133,1617.349,2706.9345,53.313,3088.5317,8.4069,Calm,0.3986,Long-haul,Good,4,0.8121,6304.35,18150.06,138.4764
2024-03-31,Tanker,Diesel,15.9951,432.5123,4601.2944,59.8765,1234.9452,8.9361,Calm,0.0628,Long-haul,Good,6,0.8157,3526.77,23607.37,31.0105
2024-04-01,Bulk Carrier,Steam Turbine,19.7784,1186.5919,3205.5494,70.6376,3426.7093,6.6205,Moderate,0.7412,Short-haul,Good,7,0.35,5822.71,20325.23,72.3938
2024-04-02,Fish Carrier,Steam Turbine,15.5558,329.8688,442.1754,71.5706,816.0526,7.449,Moderate,0.3822,Short-haul,Fair,5,0.6309,2327.95,8822.03,26.2812
2024-04-03,Fish Carrier,Diesel,14.5418,1240.0936,590.1452,80.0097,2899.7084,6.5149,Calm,0.5273,Coastal,Good,2,0.8198,5306.54,11552.92,108.9391
2024-04-04,Tanker,Steam Turbine,10.4066,1653.2778,4586.1774,64.9327,3287.1378,10.0358,Moderate,0.6376,Long-haul,Good,3,0.6835,6902.09,25903.53,188.4307
2024-04-05,Fish Carrier,Diesel,19.1414,2061.035,2241.4161,75.3859,1228.3682,9.3234,Moderate,0.8808,Long-haul,Good,6,0.3828,5587.53,18849.64,120.4382
2024-04-06,Fish Carrier,Diesel,19.0329,1371.5175,1359.8255,52.3908,1815.8054,5.8359,Calm,0.831,Long-haul,Good,3,0.3961,4693.64,13697.28,88.6147
2024-04-07,Fish Carrier,Steam Turbine,8.6986,1696.5422,1331.5889,54.77,1148.9019,9.8545,Calm,0.0936,Long-haul,Fair,5,0.7153,4685.93,13836.84,220.5675
2024-04-08,Bulk Carrier,Steam Turbine,12.4852,690.0719,1767.9133,71.0701,1920.594,4.9086,Calm,0.2814,Transoceanic,Fair,6,0.7105,3682.3,14442.49,63.5836
2024-04-09,Fish Carrier,Heavy Fuel Oil (HFO),20.0035,1513.923,491.4404,45.6837,3323.1985,8.3205,Calm,0.2831,Transoceanic,Fair,1,0.35,6210.75,10365.32,97.872
2024-04-10,Tanker,Heavy Fuel Oil (HFO),18.4841,1065.5101,4235.8167,97.3062,3204.0277,9.2644,Calm,0.422,Short-haul,Good,6,0.4805,5838.64,24881.24,69.639
2024-04-11,Tanker,Diesel,15.7067,141.5229,3089.2988,54.484,2652.533,4.2882,Moderate,0.1687,Short-haul,Good,5,0.7292,3477.54,17354.61,13.7018
2024-04-12,Tanker,Diesel,12.6934,512.3783,3166.6836,45.5929,1705.0192,6.054,Calm,0.5361,Short-haul,Good,6,0.9495,3840.88,18543.99,48.8451
2024-04-13,Container Ship,Diesel,8.1692,2110.2846,2041.07,62.2124,2777.3719,5.8754,Moderate,0.0914,Short-haul,Good,6,0.8086,6905.75,17590.83,289.5547
2024-04-14,Bulk Carrier,Steam Turbine,11.6659,997.4162,2255.929,61.148,1975.7099,10.6933,Moderate,0.5226,Transoceanic,Good,3,0.7588,4431.97,16340.14,104.7116
2024-04-15,Fish Carrier,Heavy Fuel Oil (HFO),9.8392,1941.3621,2481.3018,88.0182,1729.6804,6.0785,Calm,0.694,Transoceanic,Fair,5,0.7019,5789.19,19710.09,226.9889
2024-04-16,Bulk Carrier,Diesel,9.54,1731.849,2816.4682,75.9155,757.2148,10.8341,Moderate,0.3633,Long-haul,Good,7,0.8902,4718.43,20135.01,226.6363
2024-04-17,Tanker,Steam Turbine,14.7627,1024.0664,6770.2518,94.762,2234.3822,4.9495,Moderate,0.7349,Long-haul,Good,4,0.6861,5606.98,33128.15,85.6754
2024-04-18,Bulk Carrier,Steam Turbine,15.0989,791.1033,3258.3215,66.2966,2804.0036,8.0085,Calm,0.2044,Transoceanic,Good,6,0.709,4555.41,19304.71,69.4933
2024-04-19,Tanker,Diesel,16.9275,1881.1371,1494.9259,51.4872,1975.1516,5.8365,Moderate,0.8564,Short-haul,Fair,4,0.5813,5600.41,14835.42,140.277
2024-04-20,Tanker,Diesel,8.8567,246.4291,3585.5503,45.8157,1236.642,9.6671,Calm,0.5814,Long-haul,Good,7,0.8788,2671.21,19377.26,37.6321
2024-04-21,Tanker,Diesel,21.5209,1715.8752,6502.7383,95.713,2194.9017,9.7565,Moderate,0.308,Transoceanic,Fair,3,0.35,6600.69,33868.71,91.9778
2024-04-22,Container Ship,Diesel,12.2348,2178.0909,1369.3306,78.5773,1871.931,4.1875,Moderate,0.3804,Long-haul,Needs Maintenance,2,0.8801,6190.08,15287.13,209.2413
2024-04-23,Container Ship,Heavy Fuel Oil (HFO),11.435,214.0373,5685.015,70.625,2208.5761,6.9,Calm,0.502,Short-haul,Fair,1,0.9788,3668.46,26912.03,25.3614
2024-04-24,Bulk Carrier,Heavy Fuel Oil (HFO),17.1069,630.4553,5335.1875,80.9727,960.8301,4.0103,Rough,0.9395,Coastal,Good,7,0.5364,3711.29,26926.89,53.4664
2024-04-25,Tanker,Diesel,20.5756,2117.9736,2984.8373,97.0228,2240.7498,8.559,Calm,0.7704,Coastal,Good,7,0.35,6647.25,22080.81,119.4013
2024-04-26,Bulk Carrier,Heavy Fuel Oil (HFO),10.5739,1458.3763,5516.5285,96.5383,2619.1843,9.0346,Calm,0.8846,Short-haul,Needs Maintenance,4,0.8203,6176.8,29889.23,162.1964
2024-04-27,Container Ship,Diesel,16.8984,1789.3758,2850.935,60.4336,1311.3577,9.6215,Calm,0.3815,Coastal,Good,6,0.8286,5518.09,19809.54,118.5972
2024-04-28,Tanker,Diesel,12.1333,1490.0403,2987.5473,67.4302,751.9886,4.6302,Calm,0.926,Coastal,Fair,2,0.9011,4434.7,19721.8,140.8889
2024-04-29,Bulk Carrier,Diesel,20.8561,716.6523,1952.8715,47.3116,1693.6075,8.8888,Moderate,0.4249,Transoceanic,Good,5,0.35,3773.82,13794.88,47.4604
2024-04-30,Fish Carrier,Steam Turbine,19.579,671.1523,804.1549,84.4267,1964.9544,7.4889,Calm,0.5178,Long-haul,Fair,3,0.35,3506.26,11698.65,40.2227
2024-05-01,Tanker,Heavy Fuel Oil (HFO),9.0317,882.9497,6173.2818,81.6617,1187.7029,9.2395,Moderate,0.9513,Transoceanic,Good,2,0.7445,4435.73,30820.3,118.7973
2024-05-02,Container Ship,Diesel,14.3519,2055.9741,2885.6391,99.1897,3244.3072,10.6359,Calm,0.6573,Transoceanic,Good,2,0.9063,7253.9,21775.53,179.4881
2024-05-03,Tanker,Heavy Fuel Oil (HFO),14.3132,493.3112,2664.2272,73.8856,836.7961,10.6327,Moderate,0.8075,Transoceanic,Fair,5,0.7498,2948.99,17648.41,44.3675
2024-05-04,Container Ship,Steam Turbine,8.4106,1983.2901,1891.7513,96.147,1111.0235,8.3186,Calm,0.747,Long-haul,Good,1,0.8265,5224.24,18296.05,281.7111
2024-05-05,Bulk Carrier,Diesel,19.3614,1140.9829,2127.6255,77.529,2212.4093,8.511,Calm,0.8328,Coastal,Good,4,0.434,4660.46,16311.65,71.833
2024-05-06,Fish Carrier,Diesel,10.5571,807.3506,1383.3132,78.4747,2941.1189,8.3567,Calm,0.261,Long-haul,Good,5,0.8341,4747.87,13654.74,96.8522
2024-05-07,Bulk Carrier,Steam Turbine,9.8439,109.0591,3736.4557,78.8628,1845.3124,10.5551,Rough,0.4306,Short-haul,Good,3,0.6526,3100.64,19870.17,16.7178
2024-05-08,Fish Carrier,Diesel,9.6872,443.0703,664.8301,62.3662,1833.1717,4.0891,Calm,0.4962,Short-haul,Good,4,0.8901,3156.36,10096.4,60.3887
2024-05-09,Container Ship,Diesel,18.419,1326.0402,4196.9464,70.2792,1231.6565,9.1223,Calm,0.8104,Short-haul,Fair,7,0.6377,4554.57,24156.37,93.5887
2024-05-10,Bulk Carrier,Heavy Fuel Oil (HFO),21.4228,973.5639,2433.2435,93.667,2637.119,7.2931,Moderate,0.3214,Coastal,Good,7,0.35,4778.86,18381.49,54.2052
2024-05-11,Fish Carrier,Diesel,10.3304,1230.2471,715.1832,47.0372,2979.0405,7.9084,Moderate,0.354,Long-haul,Needs Maintenance,1,0.661,5454.71,11097.41,138.5127
2024-05-12,Bulk Carrier,Heavy Fuel Oil (HFO),18.0564,1400.2246,2830.1309,47.579,2077.3114,7.3096,Rough,0.0506,Transoceanic,Good,1,0.35,5082.56,18482.29,100.1512
2024-05-13,Fish Carrier,Diesel,19.0385,1246.4566,434.5175,66.044,2853.0472,9.3703,Rough,0.7384,Long-haul,Fair,1,0.35,5207.93,10231.49,76.098
2024-05-14,Fish Carrier,Steam Turbine,15.4785,126.1399,2151.2642,94.5713,1490.9568,7.0613,Rough,0.6003,Coastal,Fair,7,0.5431,2717.69,15749.44,12.5246
2024-05-15,Tanker,Heavy Fuel Oil (HFO),15.1012,212.1857,5228.3643,78.2816,2052.3102,10.7817,Calm,0.5966,Coastal,Good,1,0.8213,3464.16,25678.47,23.7986
2024-05-16,Fish Carrier,Diesel,20.7466,1802.5894,1432.829,75.8482,1660.1486,9.6024,Calm,0.241,Long-haul,Fair,6,0.35,5480.73,14977.26,102.01
2024-05-17,Container Ship,Diesel,14.5854,114.7219,3073.1681,84.9525,3384.0239,4.3969,Calm,0.5318,Long-haul,Fair,6,0.8725,3881.7,18361.12,16.9854
2024-05-18,Bulk Carrier,Heavy Fuel Oil (HFO),16.0121,1631.3088,5368.2933,99.8791,1070.3575,6.8521,Calm,0.2482,Coastal,Fair,6,0.7575,5155.3,30218.17,110.4226
2024-05-19,Bulk Carrier,Steam Turbine,14.8063,1266.6004,2894.0384,63.1854,2975.2825,6.7536,Moderate,0.0415,Coastal,Good,4,0.6701,5641.47,19234.91,100.8816
2024-05-20,Bulk Carrier,Steam Turbine,16.7338,1334.3135,1009.9645,54.07,2955.3835,5.6608,Moderate,0.0288,Short-haul,Fair,3,0.5096,5621.07,12365.42,95.2614
2024-05-21,Fish Carrier,Steam Turbine,9.5696,1463.4613,493.6719,68.6711,1072.5342,10.7691,Moderate,0.3488,Short-haul,Good,7,0.73,4101.96,11068.75,197.1619
2024-05-22,Fish Carrier,Steam Turbine,12.0016,1269.3574,1410.3374,49.981,2260.8262,8.4144,Moderate,0.1208,Long-haul,Good,5,0.6955,4826.75,13908.25,121.7338
2024-05-23,Fish Carrier,Heavy Fuel Oil (HFO),16.3597,1540.2404,1205.3056,67.4071,733.8005,10.7866,Rough,0.4084,Long-haul,Fair,7,0.4864,4110.37,13830.89,109.6019
2024-05-24,Bulk Carrier,Heavy Fuel Oil (HFO),20.6252,952.8206,1700.4577,65.0841,898.8175,10.6842,Calm,0.6809,Long-haul,Fair,1,0.35,3544.52,14311.43,56.9131
2024-05-25,Tanker,Diesel,13.2279,476.4098,3047.2658,76.1942,858.5203,6.6276,Calm,0.2642,Transoceanic,Good,6,0.9301,3036.27,18262.06,43.0306
2024-05-26,Tanker,Steam Turbine,21.0701,267.899,4496.3521,98.0433,3322.8424,9.9333,Calm,0.4046,Transoceanic,Good,2,0.35,4409.09,24498.99,17.0736
2024-05-27,Tanker,Heavy Fuel Oil (HFO),21.3678,885.9362,7036.3446,83.1736,3073.1819,9.609,Moderate,0.0887,Transoceanic,Good,3,0.35,5684.61,33331.6,47.5964
2024-05-28,Container Ship,Diesel,11.0382,1885.6486,5635.9707,82.5437,1288.9333,10.988,Moderate,0.4049,Transoceanic,Good,3,1.0285,6002.87,30554.39,214.7898
2024-05-29,Tanker,Heavy Fuel Oil (HFO),14.1501,2028.737,3483.2463,63.5981,1093.9358,4.9566,Moderate,0.686,Long-haul,Good,1,0.7101,5656.81,22563.19,170.5434
2024-05-30,Container Ship,Diesel,12.1067,546.0774,6088.6933,93.9202,725.4598,8.7087,Moderate,0.3314,Long-haul,Good,3,1.0202,3416.89,30162.88,53.8375
2024-05-31,Tanker,Heavy Fuel Oil (HFO),21.4316,361.0659,4766.3549,56.7394,1133.2313,9.4142,Calm,0.4325,Coastal,Good,6,0.35,3361.55,24054.52,23.0349
2024-06-01,Tanker,Diesel,18.1637,1569.6712,3140.4939,46.5552,2947.434,4.0241,Calm,0.5585,Coastal,Good,1,0.5122,6545.24,19565.65,100.4092
2024-06-02,Container Ship,Steam Turbine,19.0752,724.7735,7647.7311,92.7698,2025.0799,9.3103,Calm,0.5063,Coastal,Fair,4,0.3649,4915.76,35809.8,46.1675
2024-06-03,Tanker,Diesel,13.6677,1790.1855,4879.8283,67.1947,3374.5587,5.8366,Calm,0.4116,Coastal,Good,1,0.8627,7506.83,27032.78,150.6954
2024-06-04,Container Ship,Steam Turbine,19.741,1586.9417,5052.1164,83.8336,1896.2981,8.1249,Moderate,0.6202,Transoceanic,Fair,3,0.35,5778.7,28430.56,99.5778
2024-06-05,Container Ship,Diesel,9.7858,1665.1333,1879.1227,53.6322,2234.5474,8.9272,Moderate,0.8805,Transoceanic,Good,7,0.831,5477.43,15785.08,213.6193
2024-06-06,Container Ship,Heavy Fuel Oil (HFO),14.306,1656.7563,6264.9858,77.5368,2186.9527,10.4079,Calm,0.939,Coastal,Good,3,0.9727,6304.15,31915.65,132.934
2024-06-07,Tanker,Steam Turbine,15.1875,1152.4926,4065.2989,75.032,2052.6208,6.3088,Moderate,0.5467,Transoceanic,Good,7,0.6082,5172.96,23628.9,86.6146
2024-06-08,Fish Carrier,Steam Turbine,18.4663,1307.4042,1029.9869,82.3696,2142.8789,8.8069,Moderate,0.6235,Transoceanic,Good,5,0.35,4954.02,13090.96,89.6349
2024-06-09,Bulk Carrier,Steam Turbine,13.5296,350.5934,4632.0099,66.1305,1070.7437,4.6927,Rough,0.3227,Transoceanic,Good,3,0.6535,2943.39,22971.68,32.9814
2024-06-10,Tanker,Heavy Fuel Oil (HFO),12.9289,2181.5159,1354.5493,66.2528,1949.9503,7.6471,Calm,0.8093,Short-haul,Fair,7,0.841,6151.08,15228.78,197.8827
2024-06-11,Tanker,Heavy Fuel Oil (HFO),10.4518,639.0444,5755.1931,96.3124,713.8272,9.6117,Calm,0.8332,Short-haul,Good,2,0.8796,3531.1,29255.59,78.5067
2024-06-12,Tanker,Diesel,11.4321,507.3703,1700.2007,56.6688,2500.3657,4.4253,Moderate,0.0452,Transoceanic,Good,6,0.7662,3639.98,13108.22,51.8452
2024-06-13,Bulk Carrier,Steam Turbine,10.9763,1502.7442,1334.3286,71.1597,2057.4146,9.9124,Moderate,0.8213,Short-haul,Fair,5,0.7646,5083.21,14229.8,159.162
2024-06-14,Fish Carrier,Heavy Fuel Oil (HFO),20.8012,1074.4813,2388.2436,99.3321,3426.3115,4.0991,Moderate,0.3219,Coastal,Good,6,0.35,5570.63,18328.05,64.1772
2024-06-15,Fish Carrier,Steam Turbine,21.7563,102.2885,877.9667,92.1137,2944.0062,10.7861,Moderate,0.3538,Coastal,Good,5,0.35,3015.47,11011.7,8.9311
2024-06-16,Container Ship,Heavy Fuel Oil (HFO),18.4174,1496.4746,5406.0593,97.5617,1018.3006,6.1613,Calm,0.5135,Long-haul,Good,4,0.5656,4963.93,29087.15,105.2664
2024-06-17,Container Ship,Diesel,12.48,1446.9144,5157.8511,76.3803,1145.6858,8.5269,Moderate,0.2198,Long-haul,Fair,4,0.9843,5074.71,27655.85,142.7508
2024-06-18,Tanker,Heavy Fuel Oil (HFO),10.937,1883.5437,2464.815,77.4696,2540.1691,8.4957,Moderate,0.6814,Short-haul,Needs Maintenance,3,0.7033,6633.23,18979.96,190.8781
2024-06-19,Bulk Carrier,Heavy Fuel Oil (HFO),10.0535,901.1181,3139.7658,77.6546,765.53,6.9429,Moderate,0.1528,Long-haul,Good,2,0.7988,3571.99,19315.78,108.5474
2024-06-20,Bulk Carrier,Diesel,19.5853,218.8894,3715.376,60.0003,2938.469,7.7951,Rough,0.6378,Long-haul,Good,1,0.35,4046.97,19192.86,18.5482
2024-06-21,Fish Carrier,Steam Turbine,12.3954,525.3026,2148.8252,79.3373,811.4163,7.167,Calm,0.2101,Transoceanic,Good,5,0.8446,2912.73,15505.22,52.8285
2024-06-22,Tanker,Diesel,15.7069,1030.9171,1505.23,71.3443,921.966,5.6646,Calm,0.3991,Long-haul,Good,1,0.8113,3610.02,13724.01,78.8984
2024-06-23,Fish Carrier,Steam Turbine,15.939,1757.1344,1588.6977,73.0909,1074.6823,9.659,Calm,0.6489,Coastal,Good,4,0.7294,4827.01,15279.46,138.6224
2024-06-24,Bulk Carrier,Heavy Fuel Oil (HFO),10.0543,1265.1576,3524.6085,83.8542,2555.7101,9.9468,Moderate,0.6614,Long-haul,Good,5,0.753,5502.37,22309.58,162.3555
2024-06-25,Tanker,Heavy Fuel Oil (HFO),18.9612,1916.5656,4361.6231,89.0201,1938.3257,9.1781,Calm,0.7659,Transoceanic,Fair,7,0.3622,5989.79,26283.59,114.4772
2024-06-26,Fish Carrier,Heavy Fuel Oil (HFO),17.0119,1202.075,1996.5008,84.1,1484.4387,4.313,Moderate,0.3676,Coastal,Good,5,0.575,4374.73,16645.3,84.4164
2024-06-27,Tanker,Diesel,21.1069,2153.3315,3805.7917,69.4183,1608.0382,9.2504,Moderate,0.8191,Coastal,Fair,7,0.35,6291.06,24362.81,113.719
2024-06-28,Tanker,Steam Turbine,21.6293,1789.0228,3663.7967,98.698,2308.6139,6.0541,Calm,0.915,Long-haul,Good,2,0.35,6483.6,23413.69,104.9431
2023-01-01,Bulk Carrier,Diesel,14.7167,1692.6033,3574.7783,72.4021,1968.4169,10.419,Calm,0.6014,Long-haul,Fair,6,0.8449,5602.18,23095.01,131.1887
2023-01-02,Container Ship,Steam Turbine,13.156,1580.9636,1729.0287,61.5047,1752.5627,10.9487,Calm,0.3728,Coastal,Good,5,0.9111,4911.17,15457.26,140.9507
2023-01-03,Tanker,Diesel,19.1259,1877.774,3386.2145,79.7704,1698.8624,5.984,Rough,0.0823,Long-haul,Good,6,0.35,5871.31,22235.28,126.8778
2023-01-04,Fish Carrier,Diesel,17.3017,949.4279,1443.9033,50.4385,2905.6598,6.099,Rough,0.2735,Long-haul,Good,4,0.4421,4769.06,12806.76,69.1978
2023-01-05,Container Ship,Steam Turbine,18.3032,369.7691,6370.2613,80.0307,1375.8193,5.409,Moderate,0.9342,Transoceanic,Good,7,0.4446,4009.56,30260.36,31.5913
2023-01-06,Tanker,Steam Turbine,10.6405,891.9343,3241.2494,68.9529,918.2867,4.9768,Moderate,0.3134,Coastal,Good,4,0.735,3787.27,19235.67,107.0274
2023-01-07,Container Ship,Diesel,16.2374,183.1974,1796.9041,57.1389,1878.7329,6.5066,Calm,0.7404,Long-haul,Good,1,0.7846,2891.26,12934.18,14.9077
2023-01-08,Bulk Carrier,Heavy Fuel Oil (HFO),18.8761,835.9699,2871.3476,61.8943,3131.9504,6.6383,Calm,0.0525,Long-haul,Good,5,0.4089,5075.39,18372.6,54.8381
2023-01-09,Fish Carrier,Steam Turbine,16.8719,847.6315,1621.3855,91.7944,1435.5829,4.6488,Rough,0.6079,Transoceanic,Fair,1,0.3866,3940.56,14555.04,67.6035
2023-01-10,Fish Carrier,Heavy Fuel Oil (HFO),18.9451,669.281,1423.9187,52.7375,2193.6463,7.7516,Calm,0.5727,Long-haul,Fair,3,0.3596,3831.93,12761.97,43.8533
2023-01-11,Fish Carrier,Heavy Fuel Oil (HFO),14.7508,1318.5452,676.6633,77.3598,2172.7528,7.2659,Calm,0.8239,Coastal,Good,2,0.8258,4911.36,11850.95,96.0855
2023-01-12,Tanker,Steam Turbine,8.7247,1209.5066,4662.9521,71.4233,1380.9845,6.1841,Calm,0.5823,Coastal,Good,3,0.7549,4765.51,25838.01,150.504
2023-01-13,Tanker,Diesel,15.679,1252.4646,3693.3769,68.2785,1060.847,9.3269,Moderate,0.8389,Coastal,Good,4,0.757,4231.16,22262.64,91.0946
2023-01-14,Container Ship,Steam Turbine,18.4026,125.6985,2039.4589,68.7455,1638.6738,8.5292,Calm,0.9424,Short-haul,Good,6,0.4838,2719.58,14111.43,11.1564
2023-01-15,Bulk Carrier,Diesel,13.724,177.0032,1728.3674,46.0501,3452.691,6.8126,Calm,0.8928,Long-haul,Good,2,0.8527,3601.88,12466.42,20.9915
2023-01-16,Fish Carrier,Diesel,10.4654,882.1203,2518.5232,86.663,3080.9419,4.7971,Rough,0.2077,Long-haul,Good,5,0.7216,5077.34,18063.78,97.0164
2023-01-17,Container Ship,Heavy Fuel Oil (HFO),9.6344,550.8222,4960.5632,82.3601,1633.1184,5.516,Calm,0.1857,Transoceanic,Needs Maintenance,4,0.7812,4155.64,25970.68,71.5685
2023-01-18,Tanker,Heavy Fuel Oil (HFO),18.2156,1325.0208,5044.7472,79.3806,3127.5149,5.6975,Calm,0.6619,Long-haul,Fair,5,0.3937,6101.08,26928.42,89.8082
2023-01-19,Fish Carrier,Heavy Fuel Oil (HFO),10.4859,905.6615,834.8117,59.7131,2839.2857,6.7306,Moderate,0.1577,Coastal,Good,7,0.7356,4779.75,11019.55,99.2312
2023-01-20,Tanker,Heavy Fuel Oil (HFO),17.7716,434.4333,5335.8995,66.6594,2715.1017,8.6685,Calm,0.3381,Transoceanic,Fair,5,0.4607,4508.85,26220.46,34.6425
2023-01-21,Fish Carrier,Steam Turbine,20.751,1685.4543,683.9592,71.1152,1138.6318,7.2037,Calm,0.6449,Short-haul,Good,4,0.35,4521.58,12321.02,97.5184
2023-01-22,Fish Carrier,Heavy Fuel Oil (HFO),16.0885,967.2134,738.2819,77.4631,1361.8198,8.2589,Moderate,0.8894,Transoceanic,Good,5,0.6709,3878.53,11874.48,75.0537
2023-01-23,Bulk Carrier,Diesel,9.2374,614.1706,4052.6931,83.0123,2870.0435,9.4129,Calm,0.943,Long-haul,Fair,3,0.7961,4596.64,22603.98,81.5443
2023-01-24,Container Ship,Heavy Fuel Oil (HFO),21.709,2155.996,2116.6243,69.3112,1215.0419,8.4971,Moderate,0.8383,Long-haul,Good,6,0.35,5808.26,18710.28,122.7511
2023-01-25,Fish Carrier,Heavy Fuel Oil (HFO),10.6776,328.658,2517.7251,94.4603,731.7748,6.7679,Moderate,0.5727,Long-haul,Needs Maintenance,5,0.7146,2501.55,16644.64,39.5192
2023-01-26,Fish Carrier,Steam Turbine,17.4113,964.5572,650.0271,46.8074,3376.6112,4.7521,Moderate,0.3499,Transoceanic,Good,7,0.3672,5031.48,9926.66,67.1788
2023-01-27,Fish Carrier,Steam Turbine,11.2427,2141.3319,1429.6388,89.0059,3379.5929,5.9154,Moderate,0.7946,Coastal,Good,3,0.7235,7454.06,16372.11,233.944
2023-01-28,Tanker,Heavy Fuel Oil (HFO),11.5146,1243.2482,4844.7621,77.4673,2541.5444,9.4016,Moderate,0.0476,Coastal,Good,3,0.7627,5717.48,26353.67,135.0751
2023-01-29,Tanker,Heavy Fuel Oil (HFO),21.9895,1670.7784,2015.569,51.7097,3067.7699,5.404,Rough,0.5019,Transoceanic,Needs Maintenance,6,0.35,6307.11,16616.41,86.6835
2023-01-30,Bulk Carrier,Heavy Fuel Oil (HFO),17.3982,1119.8933,3676.7664,48.2318,1606.9914,7.3639,Calm,0.8552,Transoceanic,Good,1,0.5619,4770.99,20706.42,80.4622
2023-01-31,Bulk Carrier,Steam Turbine,12.2484,1074.2539,5816.8442,81.0363,1510.1189,4.8346,Moderate,0.8404,Coastal,Needs Maintenance,4,0.7126,4723.1,29460.71,99.3968
2023-02-01,Container Ship,Heavy Fuel Oil (HFO),12.1239,1000.2769,3215.5062,95.4884,2098.0877,8.3027,Moderate,0.1112,Short-haul,Good,4,0.8967,4622.25,21118.28,94.1104
2023-02-02,Container Ship,Diesel,11.3246,2032.1706,1612.0858,81.4039,1787.901,6.8456,Calm,0.2533,Coastal,Good,3,1.0,6321.81,16607.87,200.6551
2023-02-03,Bulk Carrier,Diesel,19.3222,2061.8982,3468.4785,73.9142,3247.5012,6.9814,Moderate,0.6045,Short-haul,Good,5,0.35,7510.97,23040.39,131.9146
2023-02-04,Fish Carrier,Diesel,12.8702,1493.1569,1308.2516,53.0105,3473.4644,7.1378,Moderate,0.7244,Short-haul,Good,4,0.8087,6341.1,13466.19,143.632
2023-02-05,Bulk Carrier,Heavy Fuel Oil (HFO),20.0263,1473.21,2556.4754,73.0084,3376.0184,6.9469,Calm,0.18,Coastal,Good,1,0.35,6337.74,18517.3,93.8993
2023-02-06,Bulk Carrier,Diesel,16.3931,1511.8632,4180.8243,52.7395,2020.7947,5.1795,Rough,0.5015,Transoceanic,Good,1,0.6017,5848.73,23806.05,111.8435
2023-02-07,Container Ship,Steam Turbine,14.5946,1919.2892,1986.5174,46.7572,1464.1747,4.2731,Calm,0.7513,Coastal,Good,3,0.8302,5514.48,17168.32,156.7954
2023-02-08,Bulk Carrier,Steam Turbine,8.4158,1891.2873,6338.007,96.0205,1161.2496,8.5019,Calm,0.592,Long-haul,Good,7,0.8163,5973.38,33708.6,254.8054
2023-02-09,Tanker,Steam Turbine,8.4089,2045.9319,1621.019,60.8234,3126.8214,10.6026,Rough,0.2426,Transoceanic,Good,1,0.4879,7213.76,16347.36,292.5408
2023-02-10,Bulk Carrier,Steam Turbine,19.1981,704.4578,5317.4123,73.0467,2255.3035,8.2717,Calm,0.0226,Transoceanic,Good,2,0.35,4446.2,27375.57,51.0819
2023-02-11,Container Ship,Heavy Fuel Oil (HFO),9.3629,1830.2055,7857.583,94.7123,3001.6541,6.8175,Moderate,0.5757,Coastal,Fair,3,0.7497,7973.02,38436.38,242.4001
2023-02-12,Fish Carrier,Steam Turbine,11.8956,1309.4164,1638.6948,80.0698,2630.5173,6.515,Moderate,0.1532,Coastal,Good,5,0.7409,5140.85,15155.29,130.2522
2023-02-13,Container Ship,Diesel,20.5115,274.2881,3983.3857,81.5135,893.5139,8.1142,Moderate,0.5518,Short-haul,Good,2,0.35,2730.85,21773.65,20.8078
2023-02-14,Tanker,Steam Turbine,12.2181,1725.1312,3502.3209,45.5033,1489.5557,5.2893,Moderate,0.7439,Transoceanic,Good,3,0.7135,5563.2,21869.27,150.5804
2023-02-15,Fish Carrier,Diesel,20.2235,1360.7404,1312.3119,77.1727,780.6239,5.2188,Moderate,0.499,Short-haul,Good,7,0.35,4014.11,14526.28,78.7202
2023-02-16,Container Ship,Diesel,12.7311,1359.5459,6330.9492,74.5801,2969.2045,7.6775,Calm,0.2264,Long-haul,Fair,3,0.9922,6517.24,32095.35,129.4062
2023-02-17,Bulk Carrier,Heavy Fuel Oil (HFO),10.1976,391.5526,2280.5806,87.3004,3234.4831,6.5143,Calm,0.2407,Transoceanic,Good,2,0.778,4201.53,16816.84,51.5211
2023-02-18,Bulk Carrier,Heavy Fuel Oil (HFO),18.5213,2139.4706,1893.7782,74.2401,3325.339,6.508,Calm,0.1849,Long-haul,Fair,1,0.35,7542.53,17448.81,127.8745
2023-02-19,Container Ship,Heavy Fuel Oil (HFO),8.0289,1456.8681,3132.1931,53.0424,3056.7218,6.636,Moderate,0.7179,Coastal,Fair,3,0.6111,6143.76,19661.68,218.3145
2023-02-20,Fish Carrier,Diesel,11.9992,1737.2357,908.9122,97.9305,2522.4908,7.2811,Moderate,0.916,Long-haul,Good,5,0.8396,5718.41,14182.67,167.5771
2023-02-21,Bulk Carrier,Steam Turbine,12.9384,1523.1262,4444.8194,72.4424,3413.7501,8.9805,Calm,0.34,Short-haul,Needs Maintenance,3,0.7531,6914.08,25144.71,132.5954
2023-02-22,Container Ship,Diesel,19.4991,1460.8063,1592.6698,79.3721,1136.4631,5.7213,Moderate,0.6752,Long-haul,Good,4,0.373,4431.36,15246.46,94.7014
2023-02-23,Tanker,Diesel,17.5754,358.5188,3566.9806,79.9667,2717.2928,8.5299,Calm,0.3676,Long-haul,Good,2,0.5964,3965.26,20596.6,27.6408
2023-02-24,Fish Carrier,Diesel,11.4278,1843.374,2004.5782,83.329,3146.3641,8.9213,Calm,0.0731,Coastal,Needs Maintenance,2,0.8317,6879.67,17449.26,195.6357
2023-02-25,Container Ship,Heavy Fuel Oil (HFO),17.2276,523.5814,2966.8656,63.7455,1288.8661,7.6666,Moderate,0.0412,Short-haul,Good,1,0.6842,3423.07,18113.87,42.6502
2023-02-26,Fish Carrier,Diesel,14.0352,1918.1772,1066.7895,71.8318,3481.585,6.2115,Moderate,0.3454,Transoceanic,Good,7,0.7512,6900.57,14004.66,172.3468
2023-02-27,Tanker,Heavy Fuel Oil (HFO),16.2415,435.4597,2265.7152,51.6173,1559.1157,8.3783,Calm,0.3149,Transoceanic,Good,4,0.7115,3048.17,15164.42,39.0788
2023-02-28,Fish Carrier,Diesel,18.7228,1676.457,882.859,85.6832,2666.0294,8.2972,Calm,0.5843,Coastal,Fair,2,0.4332,6149.65,13380.64,111.9725
2023-03-01,Fish Carrier,Diesel,14.908,1255.2181,1033.0077,45.3439,3249.9819,10.8073,Calm,0.723,Long-haul,Good,4,0.7732,5678.0,12204.32,105.677
2023-03-02,Bulk Carrier,Heavy Fuel Oil (HFO),15.4158,296.5752,2438.2073,52.921,1380.4433,7.113,Calm,0.7311,Long-haul,Fair,2,0.702,2553.46,16044.16,26.5071
2023-03-03,Tanker,Heavy Fuel Oil (HFO),10.7598,1423.2944,4963.9469,68.4486,712.164,4.4715,Moderate,0.1383,Transoceanic,Good,7,0.8069,4675.0,26801.57,162.8925
2023-03-04,Fish Carrier,Steam Turbine,11.5438,2125.8483,1680.3821,69.8247,2313.5202,4.1606,Rough,0.79,Long-haul,Good,2,0.6519,6402.15,16643.8,220.6477
2023-03-05,Container Ship,Heavy Fuel Oil (HFO),11.5447,2026.4445,8022.5701,99.1954,3268.2353,5.9595,Calm,0.7152,Short-haul,Fair,1,0.8878,8261.6,39985.86,191.4256
2023-03-06,Bulk Carrier,Steam Turbine,17.1432,1968.9978,1284.4745,71.1356,2903.8329,7.7142,Rough,0.6909,Short-haul,Good,6,0.3974,6496.65,14989.49,129.4295
2023-03-07,Bulk Carrier,Heavy Fuel Oil (HFO),8.8601,608.1796,2247.8173,56.7467,1624.4837,7.6571,Calm,0.6545,Coastal,Good,3,0.7685,3449.03,15692.88,82.449
2023-03-08,Bulk Carrier,Diesel,13.6464,2055.9335,3131.5908,75.1903,801.0567,10.7345,Calm,0.6082,Coastal,Good,2,1.035,5158.79,21430.49,182.4171
2023-03-09,Container Ship,Heavy Fuel Oil (HFO),13.1214,2048.4703,5729.7642,76.2813,2016.0639,9.8212,Moderate,0.4385,Transoceanic,Good,5,0.8357,6781.98,30759.44,192.0261
2023-03-10,Bulk Carrier,Heavy Fuel Oil (HFO),12.6598,2155.9856,2386.6266,77.3434,1881.5496,7.0781,Rough,0.15,Short-haul,Fair,3,0.7391,6660.72,19018.05,217.9194
2023-03-11,Container Ship,Heavy Fuel Oil (HFO),9.3197,2001.3852,3046.5598,74.6684,1449.517,6.9773,Calm,0.5481,Transoceanic,Fair,5,0.7997,5854.03,21236.16,264.8345
2023-03-12,Container Ship,Steam Turbine,14.4684,1105.8787,3735.4142,62.4161,2486.3198,9.677,Calm,0.7101,Long-haul,Needs Maintenance,2,0.6986,5477.24,21922.82,89.7205
2023-03-13,Tanker,Diesel,15.9002,1090.9929,3997.676,57.3068,3122.0817,9.9123,Rough,0.9501,Coastal,Good,7,0.6192,5670.13,21957.84,83.3009
2023-03-14,Bulk Carrier,Steam Turbine,18.2548,1470.1938,5210.0665,69.3422,932.2437,4.5123,Calm,0.8273,Short-haul,Good,6,0.4937,4849.92,27902.6,93.0607
2023-03-15,Bulk Carrier,Heavy Fuel Oil (HFO),17.6844,1038.774,4461.2144,94.681,3317.0916,8.745,Moderate,0.5826,Transoceanic,Fair,4,0.4488,5691.26,25120.54,67.138
2023-03-16,Tanker,Heavy Fuel Oil (HFO),16.5016,1619.2018,3240.9724,45.8843,2421.9811,6.5665,Moderate,0.1615,Transoceanic,Good,7,0.5665,5665.13,20317.8,126.6676
2023-03-17,Tanker,Steam Turbine,9.2354,259.4715,3232.9104,64.9015,1496.639,8.7023,Calm,0.4213,Long-haul,Good,7,0.7446,2979.67,18439.59,35.0978
2023-03-18,Fish Carrier,Diesel,13.5575,1840.4885,1161.1992,64.1757,2301.0977,5.4625,Moderate,0.2617,Coastal,Good,4,0.8489,5777.8,14199.22,173.4981
2023-03-19,Container Ship,Heavy Fuel Oil (HFO),9.5092,1297.9556,2145.6911,94.2936,2115.0004,6.8922,Moderate,0.6336,Coastal,Fair,7,0.8155,4990.72,17586.76,158.0535
2023-03-20,Container Ship,Diesel,19.442,956.1031,4661.692,63.319,3103.272,8.1457,Rough,0.1664,Transoceanic,Fair,6,0.35,5530.46,24570.92,58.5268
2023-03-21,Container Ship,Diesel,17.3316,891.6797,1350.6173,60.3892,3006.9242,7.4686,Moderate,0.1145,Coastal,Good,6,0.606,4599.58,12564.71,58.4508
2023-03-22,Container Ship,Heavy Fuel Oil (HFO),17.9788,1848.4726,798.0003,47.0744,846.7627,9.7453,Rough,0.5886,Long-haul,Good,1,0.4239,4572.46,12062.92,129.7639
2023-03-23,Bulk Carrier,Diesel,21.3258,235.3848,2470.915,47.7815,2770.8662,4.3456,Moderate,0.2625,Long-haul,Good,2,0.35,3814.62,15515.92,17.4906
2023-03-24,Tanker,Diesel,19.3508,394.6941,4229.9185,99.1278,2830.8903,6.1217,Moderate,0.4589,Coastal,Good,6,0.3748,4208.59,23664.29,32.1019
2023-03-25,Bulk Carrier,Diesel,18.3835,117.5707,4071.685,72.7111,3440.4496,4.6627,Rough,0.5845,Long-haul,Fair,1,0.35,3954.02,21609.98,10.5103
2023-03-26,Tanker,Steam Turbine,9.4538,1805.8184,3491.3963,66.8971,3214.2375,8.6074,Rough,0.5427,Coastal,Fair,2,0.5247,7054.56,22278.33,228.8122
2023-03-27,Tanker,Steam Turbine,10.2248,992.7399,1729.8805,83.458,1245.2055,8.5051,Calm,0.0856,Transoceanic,Good,4,0.8131,3899.97,15880.21,125.1095
2023-03-28,Bulk Carrier,Heavy Fuel Oil (HFO),15.9184,322.9622,2387.8932,62.7494,2389.1325,7.472,Calm,0.2964,Long-haul,Fair,5,0.7014,3230.87,15707.51,29.2541
2023-03-29,Bulk Carrier,Steam Turbine,14.1714,1973.0774,3243.7258,48.8484,3004.3015,8.1316,Rough,0.949,Short-haul,Good,3,0.6085,7242.19,21318.1,174.4497
2023-03-30,Bulk Carrier,Steam Turbine,8.5513,1933.3787,2416.5775,59.8373,2671.2168,5.2666,Calm,0.9479,Short-haul,Good,5,0.7092,6435.6,18230.92,274.2662
2023-03-31,Container Ship,Steam Turbine,20.2806,813.7803,4590.6237,72.1374,1178.563,9.2796,Calm,0.023,Coastal,Good,6,0.35,4046.84,24551.71,51.3613
2023-04-01,Container Ship,Heavy Fuel Oil (HFO),8.2195,453.1112,7148.0281,96.7231,2974.6815,9.4985,Moderate,0.9047,Coastal,Fair,6,0.6964,4879.73,33498.02,71.0651
2023-04-02,Fish Carrier,Diesel,18.9465,293.2456,1197.9416,77.8659,3223.6161,8.748,Moderate,0.9083,Short-haul,Good,3,0.3803,3958.12,11643.61,20.6878
2023-04-03,Fish Carrier,Steam Turbine,12.6243,237.7253,1730.5694,90.2497,1691.0203,10.118,Calm,0.1986,Short-haul,Good,6,0.9042,2706.69,14416.73,28.104
2023-04-04,Fish Carrier,Steam Turbine,19.9655,1847.4625,1508.8441,58.2186,782.0359,8.641,Moderate,0.4607,Transoceanic,Fair,3,0.35,4499.58,15123.66,108.8942
2023-04-05,Container Ship,Diesel,16.5412,558.7304,2378.8701,68.6843,2371.7763,6.3605,Moderate,0.5356,Transoceanic,Fair,3,0.6929,3949.5,15927.55,44.3299
2023-04-06,Container Ship,Steam Turbine,19.5182,207.3869,1603.5754,55.7883,827.8995,7.2721,Calm,0.2273,Transoceanic,Good,6,0.35,2388.5,12392.93,15.0491
2023-04-07,Fish Carrier,Steam Turbine,20.9553,233.2148,1186.1514,82.2121,2629.5574,8.4522,Moderate,0.2999,Coastal,Good,3,0.35,3292.16,11603.37,16.8072
2023-04-08,Container Ship,Heavy Fuel Oil (HFO),18.5084,1402.9251,3836.5373,94.8106,1012.6909,5.673,Moderate,0.3526,Long-haul,Fair,1,0.4926,4546.83,23883.11,90.9687
2023-04-09,Tanker,Heavy Fuel Oil (HFO),13.3243,484.6752,2499.311,57.2894,1238.8288,9.0044,Calm,0.3501,Transoceanic,Fair,3,0.8103,3151.18,16519.81,47.3798
2023-04-10,Bulk Carrier,Steam Turbine,17.3179,2038.635,2751.3381,69.9566,787.5018,9.3541,Calm,0.1357,Coastal,Good,2,0.6279,5114.53,20309.96,139.0539
2023-04-11,Fish Carrier,Heavy Fuel Oil (HFO),17.3492,1843.9562,1263.6411,54.1732,1891.1255,10.1808,Calm,0.1738,Long-haul,Fair,4,0.5559,5592.98,13969.65,121.9728
2023-04-12,Bulk Carrier,Steam Turbine,11.2766,1367.3654,3485.0434,77.8742,3359.4971,7.0508,Moderate,0.4941,Coastal,Good,1,0.7103,6178.55,22248.1,137.0514
2023-04-13,Container Ship,Diesel,17.4738,309.9123,6335.4363,87.647,3275.3219,7.7141,Rough,0.0385,Transoceanic,Good,5,0.4947,5019.68,30569.16,26.8564
2023-04-14,Container Ship,Heavy Fuel Oil (HFO),10.0265,468.9789,2085.8659,87.191,1936.3776,7.2659,Calm,0.6064,Coastal,Fair,1,0.8996,3223.22,15428.05,54.1307
2023-04-15,Fish Carrier,Diesel,11.4822,1954.1581,649.772,80.9246,1138.9928,10.8693,Rough,0.4838,Long-haul,Fair,1,0.7798,4948.8,12493.59,182.1193
2023-04-16,Tanker,Steam Turbine,20.7358,548.6219,3200.5284,49.586,850.0105,7.5239,Calm,0.2286,Short-haul,Fair,5,0.35,2938.1,18331.72,31.1917
2023-04-17,Bulk Carrier,Heavy Fuel Oil (HFO),14.7766,1723.0397,2790.3739,69.3139,1517.649,9.9531,Calm,0.7405,Transoceanic,Good,7,0.8107,5197.76,19775.88,130.5442
2023-04-18,Container Ship,Diesel,15.2904,1276.9688,1484.1718,80.0873,3165.3937,5.1907,Calm,0.3162,Transoceanic,Fair,4,0.8124,5622.25,15316.02,99.6293
2023-04-19,Fish Carrier,Diesel,17.5878,1064.4003,1098.6377,58.2051,1887.0996,7.5349,Moderate,0.0447,Long-haul,Good,2,0.5531,4032.78,12478.08,71.3784
2023-04-20,Container Ship,Diesel,12.3471,412.6842,3225.0386,57.9825,788.2736,7.8512,Calm,0.197,Coastal,Good,6,1.0432,2782.78,18659.61,42.1218
2023-04-21,Tanker,Diesel,15.9148,1501.8853,2370.4835,65.9207,735.365,9.2436,Calm,0.5925,Coastal,Good,3,0.8194,4172.26,17732.7,104.8219
2023-04-22,Bulk Carrier,Diesel,14.0718,664.8879,3701.913,91.0872,1597.7948,5.2621,Rough,0.4588,Coastal,Good,5,0.8138,3982.0,21573.45,59.7095
2023-04-23,Bulk Carrier,Steam Turbine,21.0864,982.663,2427.4663,51.3186,1220.9803,6.9945,Calm,0.0782,Short-haul,Good,4,0.35,3939.8,16250.29,56.5476
2023-04-24,Container Ship,Heavy Fuel Oil (HFO),9.8826,943.6225,3912.9964,46.3893,1717.678,5.4523,Calm,0.0984,Short-haul,Good,5,0.9176,4408.77,20959.26,121.5629
2023-04-25,Bulk Carrier,Diesel,20.9868,1698.9921,2387.4125,66.504,1767.5371,7.4597,Moderate,0.2048,Long-haul,Fair,2,0.35,5432.89,18124.8,93.6245
2023-04-26,Fish Carrier,Diesel,12.1373,576.2049,2268.8682,95.7695,1433.4093,4.1905,Moderate,0.2503,Coastal,Good,3,0.9093,3191.01,17063.03,61.2899
2023-04-27,Tanker,Diesel,11.8963,561.7676,5589.5964,82.9552,920.5222,6.4116,Calm,0.9755,Long-haul,Good,6,0.9937,3499.12,28304.03,63.9483
2023-04-28,Tanker,Diesel,8.6115,654.8671,1955.9496,74.8769,1176.9488,7.5949,Calm,0.2808,Long-haul,Good,1,0.8798,3072.97,15071.17,89.8575
2023-04-29,Tanker,Steam Turbine,14.2748,1386.9262,5280.2716,71.2385,1497.6065,8.3001,Calm,0.6243,Transoceanic,Good,1,0.7396,5544.12,28260.8,109.5789
2023-04-30,Tanker,Heavy Fuel Oil (HFO),9.3289,1401.6032,1014.7901,49.2333,1291.5261,9.6055,Rough,0.8542,Short-haul,Good,7,0.7103,4346.84,13244.13,183.4251
2023-05-01,Container Ship,Diesel,13.1313,840.0381,5534.2809,77.8176,2404.6468,5.5254,Calm,0.9139,Transoceanic,Needs Maintenance,5,0.8937,5082.35,27957.59,83.732
2023-05-02,Bulk Carrier,Heavy Fuel Oil (HFO),9.5936,535.0811,3822.9161,55.3689,2613.1498,5.2022,Moderate,0.389,Long-haul,Fair,7,0.6423,4521.65,20523.77,72.7031
2023-05-03,Container Ship,Diesel,8.5128,1880.5579,3268.8173,53.9838,1700.32,6.071,Moderate,0.5159,Short-haul,Good,3,0.8207,5832.94,21520.28,258.3649
2023-05-04,Bulk Carrier,Diesel,11.0496,1427.4469,1866.7994,69.087,1462.5214,9.8354,Moderate,0.7006,Short-haul,Needs Maintenance,2,0.8222,4876.54,16221.55,151.2653
2023-05-05,Fish Carrier,Heavy Fuel Oil (HFO),9.4881,1576.7516,1905.138,74.81,1353.1587,8.1876,Rough,0.358,Long-haul,Needs Maintenance,1,0.595,4600.27,16872.27,196.8424
2023-05-06,Bulk Carrier,Steam Turbine,15.2984,1647.4446,5376.5423,81.3881,1714.6149,9.5178,Calm,0.5384,Transoceanic,Good,2,0.7505,6267.78,29306.49,134.1203
2023-05-07,Container Ship,Steam Turbine,20.4885,790.1063,4111.9496,48.6598,1277.3481,10.7409,Calm,0.4705,Transoceanic,Fair,4,0.35,3950.21,22054.13,46.4141
2023-05-08,Bulk Carrier,Steam Turbine,10.4031,458.5456,6266.2548,88.5552,2721.1634,9.6753,Rough,0.0613,Short-haul,Good,6,0.73,4666.17,30615.29,57.4336
2023-05-09,Bulk Carrier,Diesel,12.3401,663.7565,2976.9087,81.8171,2570.829,5.1014,Rough,0.2795,Coastal,Fair,7,0.7819,4212.19,18581.53,67.8299
2023-05-10,Bulk Carrier,Diesel,21.7182,974.7097,2526.8352,72.2246,1238.7354,7.7741,Moderate,0.7067,Transoceanic,Fair,2,0.35,3921.0,17485.51,55.2391
2023-05-11,Fish Carrier,Diesel,19.5451,909.6414,1383.6901,55.9799,1773.3264,8.3155,Moderate,0.1812,Coastal,Good,5,0.35,3888.15,12470.41,57.8176
2023-05-12,Tanker,Steam Turbine,18.8551,1296.6795,3295.847,90.912,2450.315,7.7924,Moderate,0.7545,Transoceanic,Good,5,0.35,5502.98,21045.72,88.5326
2023-05-13,Fish Carrier,Diesel,13.2997,1514.0299,974.2444,61.4949,2148.6985,8.2316,Calm,0.9523,Long-haul,Good,3,0.8835,5304.35,12312.06,147.338
2023-05-14,Fish Carrier,Steam Turbine,13.0676,704.7372,992.6965,96.9593,2252.5582,6.4047,Calm,0.4498,Transoceanic,Fair,2,0.7688,3719.92,12506.66,67.2913
2023-05-15,Fish Carrier,Steam Turbine,20.1188,622.3512,1698.1585,62.9718,1603.6046,4.6729,Calm,0.8619,Transoceanic,Fair,4,0.35,3510.98,13792.78,38.5481
2023-05-16,Fish Carrier,Heavy Fuel Oil (HFO),11.8468,698.0841,1515.1903,68.8501,1959.9269,7.7723,Calm,0.5794,Transoceanic,Good,4,0.8308,3449.7,13624.31,68.2703
2023-05-17,Bulk Carrier,Heavy Fuel Oil (HFO),16.6972,2007.1885,2042.9059,88.7865,3363.0556,10.5264,Moderate,0.448,Coastal,Fair,3,0.5286,7416.78,18643.47,142.659
2023-05-18,Tanker,Diesel,12.0954,1282.2478,3285.2195,98.1053,2409.9495,8.4776,Moderate,0.4349,Transoceanic,Good,5,0.8628,5496.47,21728.12,125.5563
2023-05-19,Bulk Carrier,Steam Turbine,17.9037,1761.0744,2777.7406,86.2164,1440.0218,5.2456,Calm,0.561,Transoceanic,Good,1,0.4479,5379.35,20458.8,122.2429
2023-05-20,Bulk Carrier,Diesel,20.1981,2197.8831,3262.7895,73.2789,2910.8394,8.4043,Calm,0.7606,Long-haul,Good,2,0.35,7433.58,22938.98,129.2404
2023-05-21,Bulk Carrier,Steam Turbine,11.0903,1612.1899,1748.1773,75.2099,1756.643,6.3342,Calm,0.9668,Short-haul,Good,5,0.8495,5156.02,16260.63,168.7081
2023-05-22,Tanker,Heavy Fuel Oil (HFO),8.6828,554.0933,3899.3435,56.8598,1551.3248,5.9688,Calm,0.6289,Transoceanic,Fair,3,0.6742,3483.26,21477.18,78.834
2023-05-23,Container Ship,Diesel,10.1075,566.9357,4466.4511,94.6197,1955.781,5.5389,Calm,0.124,Coastal,Fair,4,0.9659,4325.04,24608.8,71.383
2023-05-24,Container Ship,Heavy Fuel Oil (HFO),12.3843,186.3943,7476.7472,89.7545,1441.9051,7.4706,Calm,0.7734,Transoceanic,Good,3,0.9685,3430.51,33568.02,23.7543
2023-05-25,Fish Carrier,Diesel,14.4357,632.8748,1599.0273,66.4111,1875.6964,7.3272,Moderate,0.025,Long-haul,Good,7,0.8317,3889.86,13913.85,55.0452
2023-05-26,Fish Carrier,Diesel,14.5966,536.164,1617.3833,80.3842,830.2316,9.9577,Calm,0.7385,Coastal,Good,7,0.9325,2752.29,13770.28,45.9643
2023-05-27,Fish Carrier,Steam Turbine,21.4203,800.4176,795.812,56.0157,2595.1352,10.5904,Calm,0.4298,Long-haul,Good,1,0.35,3957.85,10911.5,46.332
2023-05-28,Bulk Carrier,Steam Turbine,11.4372,746.0963,6189.7362,78.0004,2843.0731,7.513,Moderate,0.5916,Coastal,Good,4,0.7474,5299.99,30309.15,87.3327
2023-05-29,Fish Carrier,Steam Turbine,11.8735,995.409,1225.5912,73.09,2839.5214,6.8585,Calm,0.4869,Transoceanic,Fair,1,0.698,4963.71,12834.08,102.2096
2023-05-30,Tanker,Steam Turbine,17.9682,874.6062,4286.7983,79.0353,1473.4339,5.1485,Rough,0.2327,Coastal,Fair,2,0.35,4150.08,23507.28,54.227
2023-05-31,Fish Carrier,Diesel,16.724,986.8952,681.487,93.1619,2189.4155,6.6327,Calm,0.3083,Transoceanic,Fair,3,0.6236,4266.53,11912.08,75.5014
2023-06-01,Fish Carrier,Diesel,19.5866,105.5918,729.2185,86.0467,2582.1535,10.4143,Calm,0.2259,Short-haul,Fair,5,0.3968,2901.4,10350.94,9.533
2023-06-02,Tanker,Heavy Fuel Oil (HFO),9.3372,289.3624,1700.0457,52.7745,2139.5268,5.3692,Calm,0.9007,Transoceanic,Good,4,0.7375,2997.06,12553.61,36.2869
2023-06-03,Fish Carrier,Steam Turbine,16.4324,821.8271,2130.1481,83.8235,2596.7666,10.8143,Calm,0.9167,Coastal,Good,5,0.6049,4584.0,15832.02,66.2894
2023-06-04,Bulk Carrier,Heavy Fuel Oil (HFO),10.8775,1893.0106,4089.1415,75.1252,2706.135,4.2874,Moderate,0.0555,Long-haul,Good,2,0.7904,6829.54,24822.02,196.0299
2023-06-05,Container Ship,Heavy Fuel Oil (HFO),20.2682,1305.8899,2622.6839,77.3196,3286.4747,5.2137,Rough,0.515,Coastal,Fair,2,0.35,6005.6,18805.29,76.8957
2023-06-06,Tanker,Diesel,16.9756,861.1307,1087.033,48.2387,1560.4731,4.0718,Calm,0.441,Coastal,Good,1,0.6888,3600.44,11525.91,61.7443
2023-06-07,Fish Carrier,Steam Turbine,18.3799,1586.6329,712.5006,51.5824,2263.4129,10.8163,Moderate,0.5976,Short-haul,Good,1,0.35,5459.89,11339.31,100.7136
2023-06-08,Fish Carrier,Diesel,21.0891,2026.4581,2526.0351,86.1517,3450.1666,6.6637,Calm,0.6159,Short-haul,Fair,1,0.35,7528.85,19846.36,123.2558
2023-06-09,Fish Carrier,Diesel,9.9795,1830.8764,517.1666,64.5712,2486.5025,5.1935,Moderate,0.7822,Coastal,Good,7,0.7825,5942.58,11844.65,221.9973
2023-06-10,Container Ship,Steam Turbine,8.1557,1294.2764,6002.3162,79.8453,2078.3745,9.3204,Calm,0.5513,Coastal,Fair,4,0.7505,5669.57,30427.9,173.5367
2023-06-11,Fish Carrier,Steam Turbine,11.5572,501.8867,1308.8171,63.4072,3222.7092,9.6798,Calm,0.3312,Transoceanic,Fair,5,0.6838,4495.4,12303.37,60.0973
2023-06-12,Tanker,Diesel,8.4015,1761.7193,2664.5905,61.524,2035.897,7.1581,Moderate,0.8046,Coastal,Good,6,0.7983,5754.22,19144.86,227.3996
2023-06-13,Fish Carrier,Heavy Fuel Oil (HFO),9.3128,916.7504,1918.145,75.7375,2186.3608,10.4872,Calm,0.4428,Short-haul,Good,4,0.8411,4507.38,15295.78,116.3893
2023-06-14,Container Ship,Diesel,9.7917,2047.7044,1504.512,84.9804,1241.8831,6.6753,Calm,0.9221,Coastal,Good,4,1.0164,5296.46,16771.45,258.5031
2023-06-15,Bulk Carrier,Diesel,18.639,1633.5802,6055.6279,85.1419,2268.3346,10.6552,Moderate,0.5695,Long-haul,Good,3,0.4852,6500.28,31846.04,99.58
2023-06-16,Bulk Carrier,Heavy Fuel Oil (HFO),11.3512,852.6548,2141.2771,90.104,1627.8672,5.5474,Calm,0.6575,Transoceanic,Good,4,0.8307,3893.93,16135.21,87.7788
2023-06-17,Tanker,Heavy Fuel Oil (HFO),10.3352,1726.0266,5733.8021,73.9045,1161.299,7.7556,Calm,0.0016,Long-haul,Good,7,0.8759,5590.83,30467.53,182.3654
2023-06-18,Tanker,Steam Turbine,12.1724,2078.4556,4138.3871,78.5947,1817.8263,6.2676,Moderate,0.5517,Transoceanic,Good,4,0.7672,6380.93,25309.58,205.8958
2023-06-19,Container Ship,Heavy Fuel Oil (HFO),12.5133,823.6871,3373.5889,83.5011,2067.9252,7.7621,Moderate,0.4574,Coastal,Needs Maintenance,3,0.8094,4319.12,20473.42,76.3764
2023-06-20,Tanker,Steam Turbine,12.5252,352.6307,3078.2491,59.1445,1327.2553,8.2919,Rough,0.3556,Long-haul,Good,3,0.7046,3109.67,18211.61,37.0365
2023-06-21,Tanker,Diesel,8.6975,2106.3681,4960.3999,66.7801,1236.6795,4.2635,Rough,0.7586,Coastal,Needs Maintenance,3,0.6292,6302.71,28551.13,288.0838
2023-06-22,Container Ship,Diesel,17.2795,451.5253,3358.1119,58.9722,2533.7391,4.3452,Moderate,0.0828,Long-haul,Good,6,0.6844,3718.42,19213.69,35.6342
2023-06-23,Bulk Carrier,Diesel,14.1409,608.2227,3412.776,50.738,1668.5776,5.8285,Moderate,0.4168,Short-haul,Fair,1,0.8399,3769.59,19261.13,53.6451
2023-06-24,Tanker,Heavy Fuel Oil (HFO),9.929,385.6693,5786.7501,88.632,2447.3425,4.4408,Rough,0.5993,Transoceanic,Fair,2,0.5889,3999.41,28231.6,48.1629
2023-06-25,Fish Carrier,Steam Turbine,21.2895,2136.685,1632.0135,75.6396,3110.507,8.715,Calm,0.454,Coastal,Fair,7,0.35,7320.02,16553.26,114.6377
2023-06-26,Tanker,Heavy Fuel Oil (HFO),16.9789,660.6894,3258.7769,46.2307,2045.3934,6.4038,Calm,0.6663,Short-haul,Good,5,0.5952,3704.79,18426.08,47.9713
2023-06-27,Container Ship,Steam Turbine,19.1085,1368.4322,2471.3008,79.0952,1197.9604,9.3153,Moderate,0.76,Short-haul,Good,5,0.3893,4357.36,18278.76,90.3932
2023-06-28,Tanker,Heavy Fuel Oil (HFO),8.5138,139.3583,4049.7512,56.5636,3038.9643,5.5586,Calm,0.7658,Short-haul,Good,5,0.6842,3890.95,20226.67,22.751
2023-06-29,Bulk Carrier,Steam Turbine,21.2525,1557.2605,2579.5534,70.6642,3483.5062,8.6479,Calm,0.1098,Coastal,Good,3,0.35,6735.72,18408.06,91.1415
2023-06-30,Fish Carrier,Diesel,14.7726,463.1924,913.4098,50.7124,1659.3046,8.5371,Moderate,0.7312,Short-haul,Fair,4,0.7486,3180.6,9897.14,40.8767
2023-07-01,Fish Carrier,Diesel,21.5343,833.988,2184.1421,91.0171,2060.7564,8.1846,Calm,0.8329,Long-haul,Good,3,0.35,4114.0,16880.25,50.4387
2023-07-02,Fish Carrier,Steam Turbine,11.3367,1657.4934,609.3992,46.0034,984.9336,6.8031,Moderate,0.5929,Long-haul,Good,4,0.7115,4366.61,10821.92,179.8048
2023-07-03,Container Ship,Heavy Fuel Oil (HFO),16.0067,2188.8574,2792.6429,87.1621,803.8229,7.2304,Calm,0.191,Short-haul,Fair,7,0.799,5272.11,21367.76,156.3194
2023-07-04,Bulk Carrier,Steam Turbine,8.4937,904.757,3680.9053,68.7862,2372.6708,10.6091,Moderate,0.3126,Coastal,Good,6,0.7168,4943.48,21057.01,121.6678
2023-07-05,Container Ship,Steam Turbine,17.476,841.1752,3914.5836,82.0594,1696.9284,7.6903,Moderate,0.4075,Transoceanic,Good,4,0.5525,4127.85,22543.08,53.8648
2023-07-06,Bulk Carrier,Diesel,18.5459,1385.3927,1403.0253,62.0438,2078.9969,6.1683,Calm,0.6145,Short-haul,Fair,4,0.4673,5093.31,14129.11,86.6761
2023-07-07,Tanker,Diesel,8.3129,1577.5467,1636.7744,70.0952,2718.5665,9.6321,Rough,0.7742,Short-haul,Good,4,0.6346,6001.31,15981.16,236.6387
2023-07-08,Container Ship,Heavy Fuel Oil (HFO),18.2124,1800.5341,4980.7012,72.8619,2838.0445,6.7324,Calm,0.939,Transoceanic,Good,1,0.4981,6985.82,27761.94,109.522
2023-07-09,Container Ship,Heavy Fuel Oil (HFO),9.5149,1127.3869,5194.2112,89.5507,3122.4112,6.7602,Rough,0.7582,Transoceanic,Good,3,0.6617,5858.08,27631.48,138.6952
2023-07-10,Fish Carrier,Steam Turbine,12.4384,701.4614,2051.4024,81.6153,2840.6402,8.874,Calm,0.0853,Short-haul,Fair,4,0.8046,4366.69,15924.61,76.2374
2023-07-11,Bulk Carrier,Steam Turbine,18.1119,1177.2812,6415.6612,96.6505,1428.4782,8.6953,Moderate,0.1658,Transoceanic,Fair,1,0.4018,5083.25,32708.13,76.7774
2023-07-12,Bulk Carrier,Diesel,10.8988,917.2515,1838.0235,61.0094,3242.2254,4.3235,Calm,0.573,Transoceanic,Good,4,0.8438,4897.99,14766.01,95.4541
2023-07-13,Fish Carrier,Diesel,8.9195,973.6756,640.8243,91.5056,1805.3052,4.3453,Moderate,0.2998,Transoceanic,Fair,5,0.6868,4235.45,11871.57,128.5793
2023-07-14,Container Ship,Heavy Fuel Oil (HFO),11.5938,1001.7394,5033.0614,84.4858,2617.1217,5.6148,Moderate,0.6817,Short-haul,Fair,4,0.8432,5229.91,26442.33,106.7051
2023-07-15,Tanker,Steam Turbine,19.4009,2195.9029,1367.4634,48.8033,3117.4538,7.9106,Calm,0.0998,Short-haul,Good,4,0.35,6972.67,15417.66,144.1873
2023-07-16,Tanker,Heavy Fuel Oil (HFO),8.9378,622.8333,2295.7553,54.453,2928.4929,4.9842,Calm,0.1131,Short-haul,Needs Maintenance,5,0.6649,4118.38,15400.45,85.901
2023-07-17,Bulk Carrier,Diesel,21.9112,1244.9964,5198.4021,80.1328,711.9328,6.5346,Rough,0.2393,Long-haul,Good,7,0.35,4276.71,28361.96,65.8757
2023-07-18,Tanker,Steam Turbine,20.2651,1642.2497,2230.0011,74.8694,1230.3154,7.9995,Calm,0.3676,Short-haul,Good,6,0.35,4794.65,17613.58,102.0515
2023-07-19,Tanker,Diesel,14.8031,156.334,1813.8769,76.5221,906.3988,5.7755,Moderate,0.9329,Transoceanic,Good,4,0.8147,2119.32,14042.91,13.6585
2023-07-20,Container Ship,Steam Turbine,14.2751,1273.0927,4039.3346,70.5634,2568.2472,10.004,Moderate,0.0094,Short-haul,Good,3,0.8126,5743.57,23886.98,117.7181
2023-07-21,Tanker,Steam Turbine,16.9467,1092.0802,3930.6392,68.1109,3020.4082,9.0771,Moderate,0.3333,Long-haul,Fair,7,0.4184,5565.85,23208.57,87.7183
2023-07-22,Bulk Carrier,Diesel,20.023,1331.9622,3161.2381,51.4387,959.643,6.4111,Calm,0.0195,Short-haul,Fair,3,0.35,4279.54,20129.33,76.0985
2023-07-23,Fish Carrier,Steam Turbine,13.7898,346.4707,1845.9582,61.867,1958.81,6.0295,Moderate,0.7432,Short-haul,Fair,4,0.6251,3044.71,13617.87,30.9962
2023-07-24,Container Ship,Heavy Fuel Oil (HFO),12.7299,2080.874,4267.3437,59.1802,2618.7872,7.699,Moderate,0.3489,Long-haul,Good,4,0.8621,7150.54,25501.61,201.6647
2023-07-25,Tanker,Diesel,18.945,1100.3514,5384.7449,69.1468,1748.8386,4.2862,Calm,0.6543,Long-haul,Needs Maintenance,5,0.4019,5025.9,27915.13,74.501
2023-07-26,Tanker,Steam Turbine,18.9945,215.8657,2214.6046,77.8391,1182.6955,8.6248,Calm,0.0325,Transoceanic,Good,5,0.3946,2544.46,15415.95,15.5248
2023-07-27,Container Ship,Diesel,21.007,629.6855,6751.4745,90.8985,3365.4118,6.6449,Moderate,0.9849,Long-haul,Fair,3,0.35,5672.05,32451.02,41.7968
2023-07-28,Container Ship,Diesel,9.968,741.5932,1939.5109,46.8153,1771.1125,10.5814,Calm,0.2538,Transoceanic,Good,7,0.9498,3716.15,14266.0,92.9248
2023-07-29,Bulk Carrier,Heavy Fuel Oil (HFO),20.6632,1211.7553,1134.3529,61.6476,1069.6341,6.3311,Calm,0.0299,Short-haul,Needs Maintenance,5,0.35,3680.39,12675.33,79.3649
2023-07-30,Tanker,Steam Turbine,18.1095,2097.0063,4847.2268,94.608,960.4841,10.7819,Calm,0.9036,Long-haul,Good,5,0.4845,5928.94,28409.9,131.9737
2023-07-31,Tanker,Steam Turbine,20.3977,1143.8324,1875.7851,62.0343,1714.4206,6.8608,Moderate,0.5763,Transoceanic,Good,1,0.35,4277.23,15454.15,70.1945
2023-08-01,Tanker,Diesel,15.0918,1089.1155,3373.4328,62.1721,2617.3693,5.0504,Calm,0.0212,Long-haul,Good,6,0.8333,5395.93,20659.23,89.1237
2023-08-02,Fish Carrier,Heavy Fuel Oil (HFO),16.6732,1482.9519,1426.794,52.2384,2006.1091,8.5516,Calm,0.0179,Short-haul,Good,1,0.6494,5013.52,13695.35,104.1479
2023-08-03,Fish Carrier,Diesel,13.5754,1110.6911,2110.3543,89.2755,1264.6569,8.0101,Moderate,0.3725,Long-haul,Fair,4,0.8396,4127.06,16998.57,99.3827
2023-08-04,Bulk Carrier,Diesel,16.3219,581.152,3109.4003,72.5092,979.2244,8.4399,Rough,0.007,Short-haul,Good,3,0.6973,3009.92,19136.56,40.3425
2023-08-05,Tanker,Steam Turbine,16.0004,197.0624,2494.6885,58.1051,2674.0895,10.7867,Calm,0.45,Long-haul,Good,1,0.6617,3303.49,15313.9,21.5518
2023-08-06,Bulk Carrier,Heavy Fuel Oil (HFO),19.3478,262.3832,5483.4047,78.0848,3426.0675,10.3283,Moderate,0.4666,Short-haul,Needs Maintenance,7,0.35,4882.44,26142.78,20.5953
2023-08-07,Fish Carrier,Diesel,16.1595,432.7478,1530.3451,83.1205,1197.8883,8.5719,Calm,0.9525,Transoceanic,Fair,7,0.7513,2694.67,13059.4,36.9248
2023-08-08,Tanker,Diesel,16.895,514.8612,3616.6032,72.2474,2390.0836,10.0691,Rough,0.3619,Short-haul,Good,1,0.608,4039.74,20364.08,38.4919
2023-08-09,Bulk Carrier,Diesel,11.1695,2049.0011,5378.7398,92.5279,3390.8245,8.3854,Moderate,0.721,Coastal,Fair,5,0.8209,8141.85,30294.98,212.115
2023-08-10,Fish Carrier,Diesel,11.6638,422.9584,1770.4093,86.8261,2709.9308,5.879,Calm,0.8302,Long-haul,Good,1,0.9111,3839.75,14675.82,50.7653
2023-08-11,Bulk Carrier,Heavy Fuel Oil (HFO),20.7602,643.1118,7235.2696,93.3341,2475.5764,7.6519,Calm,0.1259,Long-haul,Good,5,0.35,4902.63,34220.96,39.7363
2023-08-12,Fish Carrier,Diesel,21.4796,1459.4995,1410.4115,88.3134,2932.301,4.5769,Calm,0.3529,Long-haul,Fair,7,0.35,5881.02,15598.56,86.1711
2023-08-13,Container Ship,Steam Turbine,8.1484,1611.3761,4610.9227,79.9885,1910.5071,9.897,Calm,0.4066,Long-haul,Good,7,0.7798,5689.28,26340.09,218.4221
2023-08-14,Fish Carrier,Heavy Fuel Oil (HFO),11.978,1446.725,1756.7064,86.2459,2757.1806,7.1001,Calm,0.3637,Coastal,Fair,7,0.8531,5564.08,16093.43,138.712
2023-08-15,Container Ship,Steam Turbine,19.9514,1652.6176,4368.9337,54.5985,2012.6676,8.8574,Moderate,0.3344,Coastal,Good,2,0.35,6174.29,24693.31,102.7899
2023-08-16,Container Ship,Heavy Fuel Oil (HFO),21.8006,988.5112,1722.5791,58.9424,2473.9149,7.7711,Calm,0.1909,Long-haul,Good,7,0.35,4627.11,14461.48,54.0994
2023-08-17,Bulk Carrier,Heavy Fuel Oil (HFO),12.5731,1819.5925,4448.8937,92.256,851.5892,8.1143,Calm,0.9664,Long-haul,Fair,6,0.8873,5248.32,26761.3,163.7249
2023-08-18,Fish Carrier,Heavy Fuel Oil (HFO),10.1878,1807.3257,543.8485,46.9576,2061.6795,7.6181,Calm,0.5864,Coastal,Good,7,0.7728,5657.16,11254.79,202.9862
2023-08-19,Bulk Carrier,Heavy Fuel Oil (HFO),12.3408,2118.0958,3867.8223,51.0541,2637.6183,10.0083,Moderate,0.3141,Long-haul,Fair,4,0.8056,7050.86,23803.34,200.4673
2023-08-20,Container Ship,Heavy Fuel Oil (HFO),14.0282,1664.4591,6414.5834,81.1423,3196.9765,9.0128,Calm,0.2374,Coastal,Fair,2,0.8892,6898.24,32971.56,131.4781
2023-08-21,Fish Carrier,Diesel,15.8733,909.3658,1499.5129,93.2495,1557.0014,8.8009,Calm,0.6927,Coastal,Good,4,0.882,3864.14,14736.47,67.2279
2023-08-22,Fish Carrier,Heavy Fuel Oil (HFO),16.3985,1119.7436,393.6019,47.1046,2937.8963,10.2708,Moderate,0.6564,Coastal,Fair,4,0.527,5243.34,10055.6,89.8401
2023-08-23,Tanker,Steam Turbine,19.4422,841.7644,4945.9397,81.3461,1769.0665,10.9528,Moderate,0.7587,Short-haul,Good,5,0.35,4318.6,25999.8,49.191
2023-08-24,Tanker,Diesel,21.211,709.8046,2174.5826,45.9758,2144.1421,9.0901,Moderate,0.7119,Coastal,Fair,1,0.35,4016.57,14592.49,44.8902
2023-08-25,Fish Carrier,Diesel,16.5059,529.2811,718.2524,46.9425,1917.3882,7.688,Moderate,0.7232,Short-haul,Needs Maintenance,4,0.5275,3493.91,9863.76,40.7833
2023-08-26,Fish Carrier,Heavy Fuel Oil (HFO),10.9012,737.7074,495.8355,69.1393,2347.9996,5.0258,Calm,0.7198,Short-haul,Fair,2,0.816,3796.86,10204.71,82.7953
2023-08-27,Container Ship,Diesel,11.3874,1521.7144,4635.0209,88.0521,3051.0179,4.7541,Moderate,0.2832,Transoceanic,Good,4,0.8938,6518.0,27239.61,146.6553
2023-08-28,Fish Carrier,Heavy Fuel Oil (HFO),12.141,2184.3599,656.6911,95.5121,3060.2069,7.9762,Calm,0.496,Coastal,Needs Maintenance,6,0.7854,6934.12,14108.29,210.5232
2023-08-29,Bulk Carrier,Heavy Fuel Oil (HFO),18.8071,622.3343,1929.3731,61.0077,1576.0398,8.3056,Calm,0.6185,Long-haul,Fair,2,0.4169,3417.08,14148.94,44.8564
2023-08-30,Tanker,Heavy Fuel Oil (HFO),10.1365,1400.3142,3855.3665,53.6219,1643.1065,7.1664,Rough,0.3273,Transoceanic,Fair,4,0.6295,5103.34,22549.21,149.5878
2023-08-31,Fish Carrier,Diesel,19.8721,2102.2532,704.004,47.3914,1434.7047,10.4612,Calm,0.8508,Transoceanic,Good,2,0.35,5334.75,12134.65,134.3154
2023-09-01,Bulk Carrier,Diesel,15.7466,1719.7806,2678.4206,55.6536,932.1133,4.9837,Calm,0.3909,Long-haul,Good,3,0.8358,4918.04,18725.54,139.6499
2023-09-02,Fish Carrier,Diesel,11.6333,1266.1749,901.6465,58.4374,1992.1705,7.2342,Calm,0.3002,Long-haul,Fair,1,0.8653,4667.04,11527.5,135.1307
2023-09-03,Tanker,Steam Turbine,19.0318,1368.9938,1519.8622,59.5032,3305.9022,9.5157,Calm,0.8734,Coastal,Needs Maintenance,5,0.35,6045.73,14602.51,90.2617
2023-09-04,Container Ship,Steam Turbine,17.4716,400.3306,2943.4644,56.628,877.4935,4.3169,Calm,0.2618,Transoceanic,Needs Maintenance,3,0.5224,2964.82,17874.31,29.0872
2023-09-05,Bulk Carrier,Heavy Fuel Oil (HFO),17.7637,586.0573,2327.6264,62.0345,1961.2206,7.5163,Calm,0.4141,Short-haul,Needs Maintenance,5,0.4521,3803.42,15265.77,46.3105
2023-09-06,Tanker,Diesel,8.9689,515.6583,2824.5849,62.3086,1050.4012,9.352,Calm,0.4577,Transoceanic,Good,6,0.891,3059.73,17471.38,74.189
2023-09-07,Tanker,Heavy Fuel Oil (HFO),21.196,618.5576,5171.313,60.8912,1220.302,8.4105,Calm,0.9635,Transoceanic,Good,1,0.35,3806.79,26156.44,34.9789
2023-09-08,Tanker,Heavy Fuel Oil (HFO),15.7913,830.1342,3679.0192,49.4668,3490.0622,8.2179,Calm,0.644,Coastal,Fair,3,0.621,5415.42,20412.88,62.9612
2023-09-09,Bulk Carrier,Heavy Fuel Oil (HFO),12.2044,1279.0044,4820.0039,72.9821,2146.9406,7.2711,Calm,0.8982,Transoceanic,Good,2,0.8597,5788.26,26176.6,121.1725
2023-09-10,Tanker,Heavy Fuel Oil (HFO),21.2956,1706.9599,2242.1636,55.8499,1265.569,10.9316,Calm,0.037,Coastal,Good,5,0.35,5223.36,17284.18,87.9875
2023-09-11,Bulk Carrier,Diesel,9.2996,701.8894,1593.1518,68.2581,1482.085,5.6265,Calm,0.6656,Coastal,Good,5,0.8789,3245.97,13985.36,89.2116
2023-09-12,Fish Carrier,Heavy Fuel Oil (HFO),9.5246,1729.9253,523.676,45.0694,3323.0413,4.3878,Rough,0.6172,Long-haul,Good,7,0.5394,6357.66,11089.8,221.3469
2023-09-13,Bulk Carrier,Steam Turbine,21.9223,554.5574,3193.6147,60.0175,2086.8678,9.0594,Moderate,0.9291,Transoceanic,Good,2,0.35,4000.5,18255.82,37.443
2023-09-14,Tanker,Heavy Fuel Oil (HFO),10.1481,1106.2411,1821.7719,49.3032,3291.0877,5.69,Rough,0.5765,Long-haul,Fair,7,0.5947,5612.68,14886.91,138.8049
2023-09-15,Fish Carrier,Heavy Fuel Oil (HFO),11.2059,770.803,1477.2253,63.6451,1800.9641,9.6803,Moderate,0.5573,Coastal,Good,2,0.7947,3733.42,13538.99,89.3059
2023-09-16,Container Ship,Steam Turbine,21.1414,1491.5055,2321.939,57.6927,2708.5724,5.7538,Moderate,0.1323,Transoceanic,Good,6,0.35,5743.88,17711.0,86.0807
2023-09-17,Container Ship,Heavy Fuel Oil (HFO),16.6959,464.6326,1467.2936,88.795,1011.0406,9.395,Calm,0.0554,Coastal,Good,7,0.7981,2921.02,13750.13,33.4817
2023-09-18,Container Ship,Steam Turbine,18.4578,1416.2788,7061.1176,81.9922,2256.9153,4.9795,Calm,0.7638,Short-haul,Needs Maintenance,5,0.4205,5997.92,35062.79,91.767
2023-09-19,Tanker,Heavy Fuel Oil (HFO),11.6917,651.0387,4001.3891,79.5453,2458.763,6.8888,Calm,0.901,Long-haul,Good,3,0.8511,4498.2,22530.76,75.6119
2023-09-20,Bulk Carrier,Steam Turbine,10.9865,271.3836,3058.0405,48.4722,2463.1407,10.8232,Moderate,0.2233,Long-haul,Good,1,0.7622,3713.83,17184.05,35.8555
2023-09-21,Container Ship,Heavy Fuel Oil (HFO),14.4742,675.2216,2265.6869,84.2159,2755.6834,8.6101,Rough,0.9775,Coastal,Good,2,0.7362,4508.08,16312.19,61.5403
2023-09-22,Tanker,Heavy Fuel Oil (HFO),16.435,1068.3003,4055.6024,54.0979,1222.2002,5.2951,Rough,0.6149,Long-haul,Good,7,0.5169,4420.57,22518.16,81.5754
2023-09-23,Tanker,Steam Turbine,20.2095,1955.9668,1361.4283,59.1627,2393.9994,7.6382,Moderate,0.3205,Transoceanic,Good,4,0.35,6145.62,15109.36,117.9392
2023-09-24,Bulk Carrier,Steam Turbine,15.4291,2051.0497,973.908,45.8696,2743.2594,10.6817,Rough,0.9537,Long-haul,Fair,4,0.5016,6734.31,13155.38,170.9453
2023-09-25,Container Ship,Diesel,19.1483,467.9391,4577.2052,70.7624,1336.6598,7.1876,Calm,0.917,Short-haul,Good,5,0.5508,3798.45,23753.71,33.5989
2023-09-26,Fish Carrier,Heavy Fuel Oil (HFO),14.3201,1532.5982,1071.9904,95.733,733.1785,8.9734,Calm,0.4257,Long-haul,Good,3,0.8264,4246.36,14751.07,133.4686
2023-09-27,Fish Carrier,Steam Turbine,19.1508,1240.385,565.0611,83.4684,2318.5022,5.1629,Rough,0.2527,Long-haul,Good,6,0.35,4799.92,12279.5,80.3119
2023-09-28,Container Ship,Diesel,15.3038,525.7179,4230.5333,86.9373,1513.7025,6.4425,Calm,0.1839,Transoceanic,Fair,4,0.8816,3690.06,23191.13,41.2908
2023-09-29,Fish Carrier,Steam Turbine,17.7746,1700.2681,646.5085,85.1864,1689.7509,4.6396,Calm,0.7094,Long-haul,Good,1,0.5029,5129.62,12834.71,126.0586
2023-09-30,Fish Carrier,Steam Turbine,9.8035,1941.9383,770.8024,69.8488,1061.2054,6.2557,Moderate,0.1535,Short-haul,Fair,6,0.6983,4948.2,12886.26,249.839
2023-10-01,Fish Carrier,Diesel,16.0404,2159.283,2268.7336,78.338,3139.3603,8.9662,Rough,0.2211,Short-haul,Fair,4,0.5339,7157.56,18699.31,170.6749
2023-10-02,Tanker,Steam Turbine,20.0138,633.9022,3125.8931,68.9742,1438.929,7.2502,Moderate,0.0306,Coastal,Good,5,0.35,3835.6,18786.58,37.5203
2023-10-03,Tanker,Heavy Fuel Oil (HFO),10.3794,107.5452,1870.3226,45.9987,2407.5506,9.6424,Calm,0.6153,Transoceanic,Fair,6,0.7867,3061.16,12698.09,18.1258
2023-10-04,Container Ship,Steam Turbine,17.7484,379.6342,4276.0856,75.1536,3455.4971,8.5355,Calm,0.636,Long-haul,Fair,2,0.4594,4695.04,22699.23,28.9009
2023-10-05,Tanker,Diesel,8.6541,323.6646,2994.579,72.8598,1919.1254,5.271,Rough,0.4453,Long-haul,Good,5,0.6408,3401.08,18144.95,46.4633
2023-10-06,Tanker,Heavy Fuel Oil (HFO),8.2782,2007.7995,4443.9717,83.8684,2360.4249,4.8241,Moderate,0.5436,Coastal,Needs Maintenance,1,0.5896,6541.89,27008.57,277.0871
2023-10-07,Container Ship,Heavy Fuel Oil (HFO),18.7543,1487.5768,5220.246,64.3943,1838.9425,6.2482,Rough,0.4959,Short-haul,Needs Maintenance,5,0.35,5532.91,27225.31,101.4017
2023-10-08,Container Ship,Diesel,21.6019,1028.519,4831.2528,66.398,2238.5784,10.8523,Moderate,0.8489,Short-haul,Good,5,0.35,4944.64,25902.13,56.9032
2023-10-09,Container Ship,Diesel,17.9305,1349.7367,1140.2248,68.7943,2795.3333,4.9093,Calm,0.5076,Long-haul,Good,5,0.5983,5395.08,13293.04,97.9311
2023-10-10,Tanker,Heavy Fuel Oil (HFO),18.4678,1634.0975,7087.532,91.5102,1054.6083,4.7359,Calm,0.9064,Coastal,Fair,3,0.4339,5271.32,35518.05,116.1914
2023-10-11,Tanker,Steam Turbine,10.0375,867.5398,3900.0008,73.1891,993.7575,9.4108,Moderate,0.2582,Short-haul,Fair,2,0.781,3776.46,22181.38,112.3089
2023-10-12,Bulk Carrier,Steam Turbine,11.9839,1323.0241,4921.5895,88.0009,1575.3722,8.7879,Calm,0.6426,Long-haul,Good,3,0.8826,5022.82,26809.0,126.1337
2023-10-13,Container Ship,Steam Turbine,20.9675,698.0994,3716.8045,51.0019,1794.7978,10.5568,Calm,0.7336,Transoceanic,Fair,2,0.35,3685.14,20485.21,43.1425
2023-10-14,Fish Carrier,Steam Turbine,16.4836,1743.9137,2296.7296,86.598,3281.4119,7.4782,Moderate,0.4166,Coastal,Good,7,0.4928,6670.95,18759.67,130.1979
2023-10-15,Bulk Carrier,Heavy Fuel Oil (HFO),14.2,1506.8403,6351.333,93.4089,2621.0302,10.0192,Moderate,0.3163,Long-haul,Good,1,0.8077,6381.76,32700.9,127.0605
2023-10-16,Container Ship,Diesel,11.3081,497.0898,5008.5108,82.5165,821.0105,5.311,Calm,0.087,Short-haul,Good,2,1.1186,3212.98,25561.14,52.7814
2023-10-17,Fish Carrier,Diesel,16.3193,212.6232,758.8741,61.0611,2918.1898,6.3082,Calm,0.0334,Transoceanic,Good,2,0.675,3240.22,9948.22,19.4152
2023-10-18,Bulk Carrier,Diesel,11.5207,508.5793,4710.5724,60.0752,2016.3003,6.7414,Calm,0.766,Transoceanic,Good,1,0.89,3986.91,23778.78,54.7624
2023-10-19,Bulk Carrier,Heavy Fuel Oil (HFO),9.4472,423.0249,6043.2628,84.0547,773.9612,6.7034,Calm,0.2833,Transoceanic,Fair,5,0.7743,3470.3,29361.12,56.7309
2023-10-20,Fish Carrier,Heavy Fuel Oil (HFO),8.7148,2136.0031,537.3486,87.2488,2396.0024,8.7051,Moderate,0.9229,Short-haul,Good,2,0.7032,6453.49,12918.9,285.369
2023-10-21,Fish Carrier,Steam Turbine,10.4912,1657.8436,2118.8257,90.933,3354.5125,6.9686,Moderate,0.9291,Coastal,Good,1,0.6629,6695.51,18395.01,177.8443
2023-10-22,Fish Carrier,Heavy Fuel Oil (HFO),18.8256,177.9651,641.1841,97.5902,2599.0027,5.2085,Moderate,0.0558,Transoceanic,Good,5,0.35,2970.04,9963.86,15.8249
2023-10-23,Bulk Carrier,Heavy Fuel Oil (HFO),10.7109,599.1085,2966.3208,48.9912,2369.5525,8.0459,Calm,0.3779,Coastal,Good,6,0.8292,4151.79,17502.3,68.2232
2023-10-24,Tanker,Diesel,8.7791,1274.3738,2952.2642,60.3851,1971.284,4.379,Calm,0.2861,Transoceanic,Good,5,0.7801,5195.07,19429.49,172.6316
2023-10-25,Container Ship,Diesel,17.2433,1844.2491,1220.9443,68.1764,2315.3801,4.3711,Calm,0.2911,Long-haul,Good,4,0.7494,5844.14,14400.93,131.549
2023-10-26,Fish Carrier,Heavy Fuel Oil (HFO),19.5068,1458.138,979.2833,59.1388,2986.3949,6.3985,Calm,0.3618,Transoceanic,Fair,2,0.35,5762.2,12815.86,87.2032
2023-10-27,Tanker,Diesel,14.6997,1062.1112,5774.7245,73.2672,2398.6583,10.6745,Moderate,0.1532,Short-haul,Good,3,0.8369,5450.75,29031.87,83.242
2023-10-28,Container Ship,Heavy Fuel Oil (HFO),18.5825,640.0308,1295.8195,80.5011,3336.2171,4.2329,Moderate,0.3872,Coastal,Fair,6,0.35,4592.61,13233.61,44.0862
2023-10-29,Tanker,Heavy Fuel Oil (HFO),10.0208,1323.5299,4131.7642,59.438,2258.6043,6.5267,Rough,0.983,Short-haul,Fair,6,0.5996,5464.27,23457.79,159.2934
2023-10-30,Bulk Carrier,Steam Turbine,15.3122,105.8025,5089.3345,82.6835,2060.5168,10.2889,Moderate,0.367,Short-haul,Good,1,0.6845,3458.01,25445.38,10.5853
2023-10-31,Container Ship,Diesel,16.3594,1051.3246,5260.9491,63.0138,888.6462,4.2449,Calm,0.8287,Short-haul,Fair,1,0.8153,4317.74,26688.93,72.9498
2023-11-01,Fish Carrier,Diesel,10.0804,1496.7599,2033.7031,83.6831,2429.7661,4.2294,Moderate,0.012,Coastal,Good,6,0.8524,5828.32,17326.68,177.3109
2023-11-02,Tanker,Steam Turbine,20.1542,986.748,3638.197,90.7279,1167.5952,5.0594,Moderate,0.6631,Short-haul,Fair,6,0.35,4007.29,22027.61,63.8872
2023-11-03,Fish Carrier,Diesel,18.0632,1025.6978,2109.6517,94.5251,3487.0234,5.6685,Calm,0.9374,Coastal,Good,5,0.5214,5169.77,16728.28,75.3656
2023-11-04,Tanker,Heavy Fuel Oil (HFO),8.0672,1213.4085,3877.5461,77.9291,829.9941,6.5422,Moderate,0.2983,Transoceanic,Fair,6,0.6303,4173.0,23377.77,174.7503
2023-11-05,Bulk Carrier,Steam Turbine,10.3928,1642.3899,4719.2513,78.9461,2261.955,5.4637,Calm,0.2584,Short-haul,Good,7,0.8368,6234.14,26859.17,185.4299
2023-11-06,Bulk Carrier,Steam Turbine,11.504,1522.5988,5727.8627,77.805,2991.818,4.5346,Moderate,0.357,Coastal,Needs Maintenance,5,0.6627,6761.0,30548.08,154.8794
2023-11-07,Tanker,Steam Turbine,19.9199,117.4597,4514.3854,59.5583,1669.2631,10.7746,Moderate,0.4953,Short-haul,Fair,2,0.35,3140.46,22755.83,13.4985
2023-11-08,Tanker,Steam Turbine,19.9541,1789.1674,3832.9404,69.5771,1782.4701,6.0628,Rough,0.5839,Long-haul,Needs Maintenance,4,0.35,5744.25,23503.56,116.225
2023-11-09,Tanker,Diesel,10.5643,805.493,5697.7512,94.3381,1886.7052,10.0499,Calm,0.8389,Transoceanic,Good,5,0.9561,4531.05,28871.71,95.0316
2023-11-10,Tanker,Heavy Fuel Oil (HFO),20.3687,1692.8326,7644.0584,95.9412,1081.3392,10.5493,Calm,0.9911,Short-haul,Good,2,0.35,5949.0,37664.73,101.522
2023-11-11,Tanker,Diesel,8.896,1566.4178,3024.1405,51.0984,3052.8294,9.8904,Moderate,0.528,Short-haul,Fair,7,0.7163,6529.9,19604.2,206.4732
2023-11-12,Bulk Carrier,Heavy Fuel Oil (HFO),9.8524,2035.3512,5826.7541,81.1477,1638.806,5.7663,Calm,0.0303,Transoceanic,Good,3,0.8516,6729.17,31500.27,259.5133
2023-11-13,Tanker,Steam Turbine,10.9845,1023.9845,6315.6657,94.9642,888.7362,6.897,Rough,0.6487,Long-haul,Good,3,0.679,4686.1,32273.91,107.5755
2023-11-14,Container Ship,Steam Turbine,19.8641,1270.9614,3552.8062,49.2666,2651.4725,6.0917,Calm,0.6226,Coastal,Good,5,0.35,5601.03,21264.34,75.8299
2023-11-15,Fish Carrier,Diesel,19.9632,1529.3902,2103.9271,73.7821,2212.8246,7.0295,Moderate,0.0415,Coastal,Good,3,0.35,5265.99,16799.27,93.9524
2023-11-16,Container Ship,Steam Turbine,19.7698,2179.3118,1527.5135,81.8417,3051.2582,5.1729,Moderate,0.6169,Long-haul,Needs Maintenance,5,0.35,7268.24,16148.59,139.6236
2023-11-17,Container Ship,Diesel,14.0563,901.4341,3247.8139,86.1935,2226.3922,4.9533,Moderate,0.9447,Coastal,Good,6,0.896,4455.62,20446.99,78.5556
2023-11-18,Container Ship,Diesel,11.171,664.139,6468.4398,74.5319,3006.8613,5.8617,Calm,0.6333,Transoceanic,Good,7,0.8727,5472.66,30815.67,79.3111
2023-11-19,Tanker,Diesel,21.3566,371.0371,3121.4553,47.0103,1413.1307,5.4908,Calm,0.5307,Transoceanic,Good,6,0.35,3084.16,17816.59,28.1693
2023-11-20,Container Ship,Diesel,8.317,1589.2902,1218.3347,63.8201,1512.9905,6.8738,Moderate,0.6036,Transoceanic,Needs Maintenance,7,0.7357,4692.87,13702.68,230.7467
2023-11-21,Tanker,Steam Turbine,14.6735,1271.6269,4176.5615,88.1388,1499.3697,10.0861,Calm,0.4602,Coastal,Good,5,0.7825,5009.56,25263.42,110.4196
2023-11-22,Fish Carrier,Steam Turbine,14.0373,1666.8328,1738.9127,82.9381,1493.5857,8.216,Moderate,0.3522,Short-haul,Fair,4,0.7213,5332.51,16528.03,151.1084
2023-11-23,Container Ship,Diesel,16.1576,1344.9317,5886.3299,67.6919,2481.3041,8.1625,Moderate,0.2063,Short-haul,Needs Maintenance,1,0.7358,6180.56,29827.66,98.8839
2023-11-24,Bulk Carrier,Diesel,18.6289,401.9396,2996.894,94.0101,2234.7204,10.9875,Moderate,0.0382,Transoceanic,Good,6,0.4731,3708.64,18817.49,25.4297
2023-11-25,Fish Carrier,Diesel,16.9024,1044.6887,507.9118,65.9534,2402.8282,8.6204,Calm,0.3681,Transoceanic,Good,6,0.6788,4340.55,10318.18,76.3183
2023-11-26,Fish Carrier,Heavy Fuel Oil (HFO),17.0795,1545.4908,1301.5767,61.5199,1720.7396,10.2306,Calm,0.8398,Short-haul,Good,1,0.6557,5157.72,13827.19,110.8771
2023-11-27,Container Ship,Steam Turbine,21.0624,2079.0488,6417.8396,87.6163,908.0565,8.5508,Rough,0.0963,Short-haul,Good,1,0.35,5897.81,33594.61,112.4646
2023-11-28,Fish Carrier,Heavy Fuel Oil (HFO),19.2957,384.5631,1260.6674,46.4146,2745.8231,7.8285,Calm,0.3002,Long-haul,Good,1,0.35,3588.4,11025.14,28.0508
2023-11-29,Bulk Carrier,Diesel,12.0002,1647.2477,2309.4867,80.4192,2924.0368,4.1544,Moderate,0.2505,Short-haul,Fair,2,0.8559,6190.8,18276.08,161.5096
2023-11-30,Fish Carrier,Heavy Fuel Oil (HFO),11.9524,1816.3288,537.8779,58.0167,1130.8172,6.1174,Moderate,0.0082,Coastal,Fair,5,0.7394,4841.85,11651.76,189.4385
2023-12-01,Fish Carrier,Steam Turbine,15.0328,870.4685,2027.4736,83.0547,3198.9826,6.9926,Rough,0.416,Long-haul,Good,2,0.5001,4965.75,16371.77,68.8953
2023-12-02,Bulk Carrier,Steam Turbine,8.5521,708.9982,5568.7439,78.1288,2256.9624,8.5131,Moderate,0.7114,Coastal,Needs Maintenance,5,0.6073,4708.47,27837.67,97.82
2023-12-03,Bulk Carrier,Steam Turbine,8.9815,555.6121,1901.5451,50.1755,3385.4828,5.6345,Calm,0.431,Coastal,Good,7,0.666,4340.59,13800.86,85.0678
2023-12-04,Bulk Carrier,Heavy Fuel Oil (HFO),20.6268,293.7076,1575.1909,62.6583,3127.0618,4.7841,Calm,0.7222,Long-haul,Fair,7,0.35,3871.55,12714.02,21.9842
2023-12-05,Fish Carrier,Steam Turbine,9.0726,1978.1683,517.1823,69.958,2803.1618,5.0745,Calm,0.7075,Coastal,Needs Maintenance,6,0.5806,6463.25,12395.98,271.4738
2023-12-06,Container Ship,Steam Turbine,21.6139,1510.8596,1387.6196,69.1721,3071.2788,4.2168,Moderate,0.188,Coastal,Good,7,0.35,5957.35,14392.28,85.6875
2023-12-07,Tanker,Heavy Fuel Oil (HFO),11.9331,2019.3945,5477.5035,92.3713,1083.3895,9.3611,Calm,0.2182,Short-haul,Good,4,0.9947,6000.76,30758.3,206.7169
2023-12-08,Tanker,Diesel,10.7706,483.4719,4358.5465,93.9254,2879.2853,6.0521,Calm,0.8817,Coastal,Good,5,0.871,4298.02,23608.5,58.6707
2023-12-09,Container Ship,Heavy Fuel Oil (HFO),14.9004,398.4953,3313.2468,82.7243,2241.147,6.3637,Calm,0.2743,Coastal,Fair,3,0.8456,3720.38,19430.64,34.0844
2023-12-10,Bulk Carrier,Diesel,11.2929,1140.779,4922.9396,93.2919,3055.3261,5.3476,Rough,0.9528,Long-haul,Fair,5,0.7102,5897.03,27278.3,109.9601
2023-12-11,Fish Carrier,Steam Turbine,11.8286,1004.5279,728.5965,87.1698,1064.7544,6.8023,Calm,0.1056,Transoceanic,Fair,3,0.7738,3558.88,12112.96,101.0796
2023-12-12,Fish Carrier,Diesel,11.771,1778.4315,494.31,56.7797,1761.885,4.4791,Moderate,0.4141,Coastal,Fair,4,0.8289,5476.02,11123.72,166.0557
2023-12-13,Tanker,Diesel,18.4768,1743.6576,7901.1622,95.0372,1191.2598,6.7877,Calm,0.9698,Long-haul,Good,4,0.5269,6025.35,38742.02,121.7913
2023-12-14,Tanker,Diesel,20.282,1520.9829,4842.0202,64.4795,1848.76,6.9679,Rough,0.0089,Coastal,Good,1,0.35,5846.55,26322.14,94.0647
2023-12-15,Container Ship,Diesel,21.5614,890.4552,6719.8248,80.8398,2734.9795,9.3617,Moderate,0.7437,Long-haul,Needs Maintenance,7,0.35,5784.54,32474.37,49.4836
2023-12-16,Fish Carrier,Steam Turbine,16.1967,643.1393,762.9008,94.8786,792.8097,4.7945,Moderate,0.189,Coastal,Needs Maintenance,7,0.5207,2951.11,11322.92,50.7562
2023-12-17,Bulk Carrier,Diesel,10.6435,1665.5608,4244.0519,89.5759,3298.2672,6.315,Calm,0.6608,Short-haul,Good,3,0.9384,6879.61,25336.22,195.266
2023-12-18,Tanker,Heavy Fuel Oil (HFO),9.1836,1657.9454,2963.5388,68.9318,2029.0219,5.1799,Moderate,0.0078,Short-haul,Good,1,0.7667,5651.57,19272.38,201.4136
2023-12-19,Bulk Carrier,Steam Turbine,14.4534,1490.7544,2925.5391,82.0787,2985.1211,8.9812,Rough,0.5508,Long-haul,Good,7,0.6175,6226.24,20205.42,129.0413
2023-12-20,Bulk Carrier,Diesel,21.5234,317.2237,4060.2631,67.277,909.6982,9.1691,Calm,0.041,Coastal,Good,3,0.35,3036.76,21542.88,24.7208
2023-12-21,Fish Carrier,Diesel,17.8786,1437.9096,2042.0074,88.2947,3183.5959,10.2436,Moderate,0.202,Short-haul,Good,2,0.4991,6041.68,17604.69,103.7492
2023-12-22,Bulk Carrier,Steam Turbine,12.56,675.2296,3401.2151,73.4709,1063.705,9.1013,Calm,0.9846,Long-haul,Good,7,0.8305,3409.63,20207.34,70.0174
2023-12-23,Fish Carrier,Diesel,16.076,343.5864,1873.9213,66.0004,2518.9803,10.7749,Rough,0.9994,Coastal,Good,7,0.5995,3531.98,13826.93,29.0852
2023-12-24,Fish Carrier,Heavy Fuel Oil (HFO),10.5861,1143.7875,1281.1841,98.4209,2087.6156,4.0331,Calm,0.4688,Short-haul,Needs Maintenance,5,0.8225,4488.49,14643.21,138.4181
2023-12-25,Bulk Carrier,Diesel,10.2879,448.5939,3228.1472,67.3226,2738.436,5.0388,Calm,0.4304,Coastal,Good,6,0.9262,3941.93,19294.96,53.0856
2023-12-26,Tanker,Heavy Fuel Oil (HFO),18.7595,102.4441,1786.9227,86.6357,2362.4368,10.887,Calm,0.447,Long-haul,Needs Maintenance,7,0.35,3197.4,14128.84,11.1237
2023-12-27,Tanker,Steam Turbine,21.1491,572.0721,5034.5124,76.3851,3190.0455,7.6039,Moderate,0.273,Transoceanic,Fair,3,0.35,4810.74,25715.54,37.0935
2023-12-28,Tanker,Steam Turbine,19.9339,1776.731,2123.6186,52.3277,2018.495,6.5232,Calm,0.2762,Transoceanic,Good,7,0.35,6138.69,17598.12,107.2102
2023-12-29,Fish Carrier,Heavy Fuel Oil (HFO),20.8721,184.7522,1665.4008,69.0605,1202.7434,8.2802,Moderate,0.9767,Short-haul,Good,1,0.35,2736.67,13071.99,17.695
2023-12-30,Fish Carrier,Heavy Fuel Oil (HFO),18.0205,169.3159,1211.0175,47.1572,1767.0724,6.3451,Calm,0.4327,Coastal,Fair,3,0.4581,2429.92,10802.01,13.032
2023-12-31,Fish Carrier,Diesel,16.8603,1346.4648,825.349,56.5468,2725.3232,9.3695,Calm,0.6005,Long-haul,Good,2,0.6612,5447.04,12045.66,95.493
2024-01-01,Fish Carrier,Steam Turbine,20.5329,1849.0891,787.3911,76.8852,985.6199,5.6315,Calm,0.2294,Long-haul,Good,4,0.35,4734.91,13178.48,115.8086
2024-01-02,Fish Carrier,Diesel,8.4764,1660.4335,957.4048,82.554,2470.3161,7.7618,Moderate,0.8107,Short-haul,Needs Maintenance,2,0.6291,5641.01,14029.08,238.3557
2024-01-03,Bulk Carrier,Heavy Fuel Oil (HFO),15.3327,1592.8146,5525.1397,97.2213,2299.8271,6.6995,Moderate,0.0166,Transoceanic,Good,6,0.7256,6317.4,29873.96,125.8967
2024-01-04,Fish Carrier,Steam Turbine,14.8525,1563.1294,1028.7382,46.6565,1277.5241,5.0183,Moderate,0.8239,Long-haul,Good,2,0.5858,4208.03,12415.36,128.3223
2024-01-05,Container Ship,Steam Turbine,16.0103,563.9917,6832.2255,81.9672,3115.0237,8.744,Rough,0.0803,Long-haul,Fair,3,0.5371,5075.49,32135.3,40.139
2024-01-06,Tanker,Heavy Fuel Oil (HFO),18.1848,368.3102,5010.0957,73.8204,2486.1101,9.3719,Moderate,0.4033,Coastal,Fair,4,0.3973,4246.47,25166.88,25.5196
2024-01-07,Tanker,Diesel,9.2464,1634.4976,4991.6059,65.9624,1127.5711,6.2768,Calm,0.566,Short-haul,Fair,4,0.8973,5228.88,27597.14,200.2285
2024-01-08,Tanker,Diesel,20.8374,706.9638,4636.0436,67.8117,1919.3433,8.6377,Moderate,0.368,Short-haul,Fair,1,0.35,4317.23,24362.49,39.4194
2024-01-09,Container Ship,Steam Turbine,13.3224,889.6906,7806.4947,88.7101,1273.6857,8.9313,Moderate,0.1859,Transoceanic,Needs Maintenance,6,0.7361,4536.61,36643.85,80.361
2024-01-10,Bulk Carrier,Heavy Fuel Oil (HFO),16.1236,170.1091,1584.6681,84.9991,2793.8117,5.4551,Moderate,0.8589,Coastal,Fair,2,0.5716,3397.45,12962.5,19.3132
2024-01-11,Container Ship,Steam Turbine,16.8214,686.7256,3920.9398,81.8992,2378.5163,7.4695,Moderate,0.9185,Short-haul,Fair,3,0.5507,4341.36,22087.16,56.966
2024-01-12,Bulk Carrier,Diesel,18.0208,978.7805,4403.092,56.7374,3389.1242,5.6367,Calm,0.4405,Transoceanic,Fair,5,0.4934,5557.38,23496.65,73.2404
2024-01-13,Bulk Carrier,Steam Turbine,21.8231,1261.5642,2270.9112,49.9814,2180.2624,9.2756,Calm,0.5025,Transoceanic,Good,4,0.35,4861.41,16792.37,70.7522
2024-01-14,Tanker,Steam Turbine,13.531,1668.5035,4427.1019,77.5431,2584.5857,5.9629,Calm,0.8022,Long-haul,Good,6,0.7891,6699.63,25480.71,144.0778
2024-01-15,Fish Carrier,Diesel,17.6044,916.6394,357.2021,47.4754,1624.3289,6.1724,Rough,0.6219,Long-haul,Fair,4,0.4141,3619.85,9007.38,66.5488
2024-01-16,Tanker,Heavy Fuel Oil (HFO),18.2852,1323.9617,1649.2948,51.3686,1646.4818,10.8951,Calm,0.2377,Short-haul,Good,5,0.5421,4443.11,14567.1,84.6663
2024-01-17,Bulk Carrier,Steam Turbine,19.5997,357.5087,3768.7162,74.9094,2701.0166,8.6306,Moderate,0.0013,Coastal,Good,7,0.35,4008.01,20444.23,23.8504
2024-01-18,Bulk Carrier,Diesel,15.2612,322.4488,4661.1268,64.4601,2003.9537,10.7418,Moderate,0.0926,Transoceanic,Good,3,0.7642,3636.02,23315.09,32.8993
2024-01-19,Bulk Carrier,Diesel,12.9874,353.7097,2294.656,96.0786,1852.9958,7.0662,Rough,0.5017,Short-haul,Good,7,0.8332,3248.45,16532.95,34.6539
2024-01-20,Fish Carrier,Steam Turbine,18.517,2090.2226,2873.0097,99.4076,748.3632,10.4289,Rough,0.702,Long-haul,Fair,5,0.35,5330.21,22120.18,135.113
2024-01-21,Fish Carrier,Steam Turbine,20.2015,1905.1703,411.3697,56.7259,3143.7899,4.5113,Calm,0.9289,Long-haul,Good,4,0.35,6389.82,11668.64,111.2088
2024-01-22,Fish Carrier,Steam Turbine,17.6671,1982.2223,2110.6893,84.6448,2519.0663,10.418,Calm,0.9947,Transoceanic,Good,5,0.4838,6486.48,18334.13,123.3643
2024-01-23,Bulk Carrier,Steam Turbine,20.589,1501.1734,2155.6821,82.3751,3062.5175,10.4832,Calm,0.1957,Coastal,Good,2,0.35,6056.46,17116.76,86.7918
2024-01-24,Container Ship,Diesel,19.07,1813.5876,3746.6531,78.2916,3069.6382,4.7382,Calm,0.0202,Long-haul,Good,5,0.4766,6733.17,22869.47,115.1395
2024-01-25,Fish Carrier,Diesel,18.5635,1869.3517,783.7394,87.6786,3335.9893,10.2297,Calm,0.7687,Coastal,Good,3,0.4668,6691.5,13725.41,117.6509
2024-01-26,Bulk Carrier,Steam Turbine,19.2622,1258.8028,3039.8557,93.1405,783.5439,6.8276,Moderate,0.5906,Coastal,Good,7,0.35,3979.12,20528.55,85.5042
2024-01-27,Tanker,Heavy Fuel Oil (HFO),11.0861,1398.299,1339.9505,59.184,2403.4881,5.9193,Calm,0.305,Transoceanic,Good,6,0.814,5104.71,13551.73,150.1398
2024-01-28,Tanker,Heavy Fuel Oil (HFO),16.7794,704.075,3778.1836,63.9968,825.7094,6.7352,Calm,0.8567,Long-haul,Fair,3,0.5712,3412.44,21677.97,52.0866
2024-01-29,Tanker,Steam Turbine,18.9525,1541.4012,2212.4273,86.7205,1783.4495,9.3811,Calm,0.5401,Coastal,Good,4,0.3833,5085.15,17963.74,88.6624
2024-01-30,Tanker,Steam Turbine,8.6436,931.2515,4495.2643,61.2444,1142.7838,10.2779,Moderate,0.8219,Transoceanic,Good,4,0.6604,4070.68,24166.04,131.456
2024-01-31,Container Ship,Heavy Fuel Oil (HFO),8.0096,774.1611,3777.6606,48.4385,1203.3079,6.5338,Calm,0.8492,Transoceanic,Fair,3,0.7223,3610.18,21185.89,118.4732
2024-02-01,Container Ship,Heavy Fuel Oil (HFO),9.6664,671.6097,993.4048,57.6465,2558.8686,5.6954,Calm,0.1269,Coastal,Good,6,0.8724,3967.44,11375.39,77.0181
2024-02-02,Fish Carrier,Steam Turbine,11.8803,1566.5335,646.9685,95.9431,2059.3371,5.5571,Calm,0.6947,Coastal,Fair,7,0.7694,4923.73,12481.95,167.1686
2024-02-03,Tanker,Steam Turbine,12.2523,1688.2824,1481.5964,50.1001,2077.8414,10.5823,Moderate,0.8655,Long-haul,Fair,6,0.6674,5480.35,14607.2,170.443
2024-02-04,Container Ship,Heavy Fuel Oil (HFO),14.4843,1721.9495,3505.3836,72.7164,1964.6438,5.9757,Calm,0.9442,Transoceanic,Good,3,0.8093,5843.42,22161.28,149.9408
2024-02-05,Container Ship,Diesel,10.0873,752.7144,1241.8995,48.7185,2004.6351,7.6847,Moderate,0.5571,Transoceanic,Fair,2,0.8055,3761.82,11653.62,96.5602
2024-02-06,Container Ship,Steam Turbine,11.6679,933.0912,6255.134,74.7185,3415.6329,6.0946,Rough,0.7068,Long-haul,Good,7,0.6971,5963.12,30600.28,94.4491
2024-02-07,Tanker,Heavy Fuel Oil (HFO),13.4604,855.8062,1502.3533,52.0617,2538.6676,4.2413,Calm,0.8414,Long-haul,Fair,6,0.758,4353.71,13675.4,80.3888
2024-02-08,Bulk Carrier,Heavy Fuel Oil (HFO),16.2723,1921.2562,4011.2329,96.2365,1297.8939,8.1661,Calm,0.6123,Short-haul,Good,4,0.7854,5763.6,25192.82,128.9903
2024-02-09,Container Ship,Heavy Fuel Oil (HFO),14.0499,1392.0546,1425.7645,79.8249,1333.6025,6.1107,Moderate,0.5997,Transoceanic,Good,3,0.8244,4230.27,14692.84,116.3959
2024-02-10,Bulk Carrier,Heavy Fuel Oil (HFO),21.9437,1798.8957,1541.4252,59.032,1977.7647,10.8434,Moderate,0.2196,Coastal,Needs Maintenance,2,0.35,5866.6,14651.17,97.8586
2024-02-11,Container Ship,Diesel,20.1932,775.1353,4778.7698,56.3707,1029.4463,6.1854,Calm,0.9418,Long-haul,Good,6,0.3599,3704.14,24469.86,51.7617
2024-02-12,Tanker,Heavy Fuel Oil (HFO),13.3899,1905.2194,4440.1135,69.7104,3394.5941,4.9747,Calm,0.8548,Coastal,Good,5,0.8235,7762.01,25801.15,176.3826
2024-02-13,Container Ship,Diesel,15.0482,1916.9445,2700.0978,52.3515,1431.9984,9.5331,Moderate,0.5987,Long-haul,Fair,2,0.8595,5305.61,18742.29,156.3096
2024-02-14,Container Ship,Steam Turbine,21.5327,168.1692,2477.1817,58.8806,3259.6084,5.4391,Moderate,0.3401,Transoceanic,Good,7,0.35,3822.08,15533.39,14.8057
2024-02-15,Fish Carrier,Heavy Fuel Oil (HFO),10.5384,161.0875,1678.7849,86.6428,753.1358,7.9138,Calm,0.7258,Long-haul,Needs Maintenance,2,0.7778,2049.18,13518.36,21.5225
2024-02-16,Fish Carrier,Heavy Fuel Oil (HFO),11.6121,253.8281,933.6936,86.9684,1848.3169,10.3671,Moderate,0.3939,Short-haul,Good,5,0.8162,2634.09,11356.37,30.0558
2024-02-17,Tanker,Heavy Fuel Oil (HFO),15.826,250.9955,4161.1178,49.0136,1668.9288,9.421,Calm,0.9959,Long-haul,Good,1,0.747,3226.82,21365.64,22.2634
2024-02-18,Container Ship,Diesel,14.8601,952.6888,1416.8381,78.5384,1636.0744,7.6798,Moderate,0.0002,Coastal,Fair,3,0.8272,4096.13,13860.46,72.8608
2024-02-19,Container Ship,Diesel,20.0961,1201.6064,6790.7505,90.2823,3011.4519,8.9283,Calm,0.0185,Coastal,Good,7,0.3524,6108.62,33232.0,77.7255
2024-02-20,Container Ship,Steam Turbine,16.5834,1301.8213,2553.2198,77.1218,1804.3297,4.3154,Moderate,0.1812,Coastal,Good,2,0.6814,4842.07,18661.47,94.2127
2024-02-21,Fish Carrier,Steam Turbine,20.5413,2013.4602,1427.2165,65.022,3262.0152,7.1075,Moderate,0.1955,Transoceanic,Needs Maintenance,7,0.35,6937.16,15246.18,111.3329
2024-02-22,Tanker,Steam Turbine,19.9007,109.6649,4393.8473,82.8323,3128.9546,8.8067,Moderate,0.4201,Long-haul,Fair,1,0.35,3804.02,23315.99,12.3618
2024-02-23,Container Ship,Heavy Fuel Oil (HFO),19.45,1844.2439,2920.44,92.0467,1466.6586,10.186,Moderate,0.0511,Transoceanic,Fair,4,0.35,5685.82,21645.95,121.431
2024-02-24,Fish Carrier,Steam Turbine,15.2554,1477.2276,2527.3463,98.4846,2784.8284,6.4421,Calm,0.842,Short-haul,Fair,7,0.6374,5764.45,19531.48,119.6232
2024-02-25,Fish Carrier,Steam Turbine,18.8451,606.8088,505.1346,82.3574,2794.5041,8.278,Calm,0.3148,Long-haul,Good,2,0.35,3841.59,10336.52,42.8831
2024-02-26,Bulk Carrier,Heavy Fuel Oil (HFO),11.0228,1631.734,2120.4523,51.6476,1839.8289,6.6584,Moderate,0.976,Short-haul,Good,5,0.7852,5342.07,16598.74,164.2176
2024-02-27,Container Ship,Heavy Fuel Oil (HFO),8.0183,1947.8135,4733.4053,62.2824,828.4908,9.1667,Calm,0.1412,Short-haul,Good,3,0.8066,5445.32,26925.31,282.5131
2024-02-28,Tanker,Heavy Fuel Oil (HFO),21.7683,1756.2335,3313.3811,91.7921,3364.6014,10.324,Calm,0.1966,Transoceanic,Good,7,0.35,7146.15,22730.59,98.7631
2024-02-29,Bulk Carrier,Steam Turbine,8.9774,1941.9641,1435.4512,74.3326,2609.7724,8.1743,Rough,0.115,Short-haul,Fair,3,0.6006,6355.69,15486.82,270.1085
2024-03-01,Container Ship,Diesel,11.6902,551.422,5667.5102,71.0182,2352.1179,9.9851,Rough,0.0229,Coastal,Good,7,0.8894,4506.9,27360.79,64.1372
2024-03-02,Tanker,Diesel,13.6488,1208.5004,2337.6666,91.5376,2658.8753,8.7614,Calm,0.1198,Transoceanic,Good,2,0.8863,5192.02,18314.44,113.2327
2024-03-03,Container Ship,Diesel,17.0245,1193.9263,6245.8581,95.0075,1395.6893,6.8786,Moderate,0.5005,Short-haul,Good,1,0.739,5017.43,31789.53,84.4881
2024-03-04,Bulk Carrier,Diesel,13.0871,1961.5402,5089.7121,74.0241,2831.7851,8.7651,Moderate,0.3014,Transoceanic,Fair,5,0.7967,7074.54,28420.03,165.325
2024-03-05,Fish Carrier,Heavy Fuel Oil (HFO),17.6614,115.2016,438.5565,48.1766,727.6945,4.8238,Calm,0.4517,Short-haul,Fair,7,0.5679,1775.68,7673.48,11.3867
2024-03-06,Fish Carrier,Diesel,18.4189,783.8063,2699.658,93.8817,2242.3125,8.6129,Moderate,0.901,Coastal,Good,6,0.4577,4262.89,19057.07,60.9881
2024-03-07,Fish Carrier,Heavy Fuel Oil (HFO),16.6704,1740.5996,516.0275,47.077,1064.9201,10.6331,Calm,0.6584,Short-haul,Good,4,0.6966,4863.37,10946.08,120.9052
2024-03-08,Container Ship,Diesel,21.5667,2154.7902,3619.8705,60.1348,2925.5804,4.4208,Calm,0.18,Transoceanic,Good,4,0.35,7509.51,22957.17,114.454
2024-03-09,Bulk Carrier,Steam Turbine,12.0909,521.0036,4918.8705,83.1077,1776.6265,7.6203,Rough,0.8077,Short-haul,Good,1,0.711,3938.44,25487.0,55.0857
2024-03-10,Container Ship,Diesel,12.0304,1041.4037,2961.6864,69.5889,1272.8059,9.6794,Rough,0.9412,Short-haul,Good,2,0.9238,4326.12,19036.67,105.9042
2024-03-11,Bulk Carrier,Steam Turbine,10.6291,1181.9617,2463.3892,92.744,975.7065,6.4031,Calm,0.8708,Long-haul,Fair,3,0.8006,4047.21,17976.62,137.2525
2024-03-12,Bulk Carrier,Heavy Fuel Oil (HFO),21.116,360.2603,2728.8511,61.6832,2776.8755,7.1744,Rough,0.1033,Coastal,Good,7,0.35,4110.51,16760.93,25.5898
2024-03-13,Fish Carrier,Steam Turbine,12.0335,1594.8753,449.7731,67.7135,3304.7864,6.4267,Calm,0.3523,Long-haul,Fair,6,0.743,6030.75,11513.64,167.9719
2024-03-14,Bulk Carrier,Diesel,14.2529,1729.5248,2639.8437,72.1238,1741.8909,10.1172,Moderate,0.3699,Long-haul,Fair,6,0.8398,5577.01,19331.0,145.3792
2024-03-15,Container Ship,Heavy Fuel Oil (HFO),8.8697,698.5478,2666.3171,62.0797,2626.3691,6.9124,Moderate,0.8964,Coastal,Good,6,0.6997,4288.56,17351.1,98.6442
2024-03-16,Fish Carrier,Heavy Fuel Oil (HFO),12.6185,1330.8591,699.2019,69.5713,2447.3828,9.5386,Moderate,0.3756,Transoceanic,Good,1,0.7645,4700.29,11648.42,136.4801
2024-03-17,Container Ship,Diesel,17.708,524.1124,5287.1596,63.6442,3389.0704,6.3547,Rough,0.2407,Short-haul,Needs Maintenance,3,0.4031,4870.09,26660.54,38.9029
2024-03-18,Tanker,Diesel,21.3884,1493.48,5060.4084,98.3797,2840.0116,6.9033,Rough,0.054,Transoceanic,Needs Maintenance,7,0.35,6262.12,28337.87,81.3578
2024-03-19,Tanker,Steam Turbine,9.2431,2012.5072,2203.5145,84.5009,1979.0166,5.6206,Calm,0.391,Long-haul,Good,4,0.7341,5809.74,18273.58,273.92
2024-03-20,Bulk Carrier,Steam Turbine,21.3793,1955.0415,3935.6487,49.8397,1731.9507,9.5304,Moderate,0.5519,Coastal,Good,5,0.35,6139.82,23667.61,114.4422
2024-03-21,Bulk Carrier,Steam Turbine,21.166,1010.2011,4600.817,93.9211,2221.361,8.454,Moderate,0.5188,Long-haul,Fair,6,0.35,4899.56,25666.81,61.9815
2024-03-22,Fish Carrier,Heavy Fuel Oil (HFO),18.5377,965.6497,2188.2112,91.3828,1078.3208,4.0553,Rough,0.2326,Transoceanic,Good,5,0.35,3603.76,16780.13,63.2327
2024-03-23,Container Ship,Steam Turbine,8.4198,1072.5101,5669.2985,77.9599,1915.4631,5.6773,Moderate,0.5939,Short-haul,Good,6,0.7309,5024.07,28682.96,144.6432
2024-03-24,Fish Carrier,Heavy Fuel Oil (HFO),15.3706,1493.878,1507.2234,99.0517,2293.3026,8.922,Moderate,0.2493,Long-haul,Good,7,0.6727,5579.17,16011.88,115.8123
2024-03-25,Container Ship,Steam Turbine,21.1424,1790.9281,8649.0427,99.78,2154.2099,10.7112,Calm,0.1217,Coastal,Fair,5,0.35,7044.21,41322.43,94.8623
2024-03-26,Container Ship,Heavy Fuel Oil (HFO),20.6464,575.7685,5142.5908,98.9687,2591.3718,4.4503,Calm,0.5147,Transoceanic,Good,4,0.35,4467.49,26774.73,42.5815
2024-03-27,Fish Carrier,Heavy Fuel Oil (HFO),20.7871,783.6587,1915.1417,88.4942,1741.152,9.608,Calm,0.5024,Transoceanic,Fair,5,0.35,3770.57,15800.27,47.0134
2024-03-28,Container Ship,Heavy Fuel Oil (HFO),11.6559,636.4413,2254.5089,70.6791,1729.4061,4.7516,Moderate,0.9621,Transoceanic,Fair,3,0.8029,3719.96,15976.72,62.3513
2024-03-29,Tanker,Heavy Fuel Oil (HFO),9.922,624.0766,4446.3969,81.8868,2540.7121,9.6313,Calm,0.4088,Coastal,Fair,6,0.8208,4646.25,23791.69,70.6598
2024-03-30,Bulk Carrier,Steam Turbine,20.7742,1849.2069,4190.2401,67.5916,3486.2891,5.3032,Calm,0.49,Short-haul,Needs Maintenance,5,0.35,7383.86,24844.09,101.6784
2024-03-31,Bulk Carrier,Steam Turbine,14.8749,180.1367,2586.5742,94.5099,2532.0788,9.8342,Moderate,0.2955,Coastal,Fair,7,0.6843,3268.78,17028.12,18.7435
2024-04-01,Container Ship,Heavy Fuel Oil (HFO),16.6861,300.9333,3378.0514,90.1897,825.2922,10.5952,Calm,0.0062,Long-haul,Good,4,0.7478,2762.32,20137.64,24.2731
2024-04-02,Container Ship,Diesel,19.2501,522.4492,1975.3995,53.5249,1493.5718,4.5788,Calm,0.1263,Transoceanic,Good,3,0.4736,3093.23,14386.92,32.3702
2024-04-03,Tanker,Diesel,20.6606,2132.8458,2283.1759,62.9225,1647.4419,6.9469,Calm,0.9402,Long-haul,Good,1,0.35,5894.12,18830.02,133.2879
2024-04-04,Bulk Carrier,Diesel,19.8364,2026.7605,4707.042,62.5564,3379.411,9.4082,Calm,0.9715,Short-haul,Needs Maintenance,1,0.35,7546.17,27218.14,124.0901
2024-04-05,Container Ship,Diesel,10.6267,1787.272,5040.1648,59.9954,1489.2531,8.0793,Rough,0.3197,Short-haul,Fair,1,0.8746,5714.46,27222.08,194.8454
2024-04-06,Container Ship,Diesel,11.7997,931.4841,5907.0009,82.626,2769.8036,8.0148,Moderate,0.1427,Long-haul,Good,1,0.947,5446.15,29653.27,94.8342
2024-04-07,Fish Carrier,Steam Turbine,16.4951,499.7588,671.0864,56.1695,1366.7249,6.21,Moderate,0.7087,Short-haul,Good,3,0.5493,2781.07,9383.93,38.3749
2024-04-08,Fish Carrier,Diesel,21.0071,169.3102,1471.6019,86.068,1934.3412,4.7792,Calm,0.1839,Short-haul,Good,6,0.35,2600.4,12822.95,15.3255
2024-04-09,Container Ship,Diesel,16.9872,1878.3847,3619.7865,65.6237,1692.8967,4.6608,Rough,0.9518,Transoceanic,Good,2,0.6235,5837.49,22940.57,127.9712
2024-04-10,Fish Carrier,Steam Turbine,16.4921,1251.2121,1663.7075,93.915,1505.0627,7.497,Calm,0.5191,Coastal,Fair,6,0.6151,4495.66,15936.83,98.388
2024-04-11,Fish Carrier,Heavy Fuel Oil (HFO),21.0395,874.0775,1865.0873,65.2769,2314.3381,6.7437,Moderate,0.8693,Short-haul,Good,4,0.35,4284.5,14826.86,53.0715
2024-04-12,Container Ship,Heavy Fuel Oil (HFO),19.6227,1481.0608,5607.1858,73.1893,3122.3151,9.1765,Calm,0.0264,Long-haul,Needs Maintenance,5,0.35,6682.6,29362.13,99.3551
2024-04-13,Bulk Carrier,Steam Turbine,8.9414,1081.4421,1718.17,81.6724,2176.6687,6.4131,Calm,0.844,Coastal,Fair,6,0.6891,4415.11,15222.92,143.1874
2024-04-14,Fish Carrier,Steam Turbine,15.0913,1949.9767,1387.803,85.4387,3244.5292,6.1414,Moderate,0.0282,Long-haul,Fair,4,0.5637,7051.4,15789.93,153.1058
2024-04-15,Bulk Carrier,Steam Turbine,20.1145,1993.3154,2165.9499,85.1133,2293.0143,9.1697,Moderate,0.4596,Long-haul,Good,3,0.35,6067.23,18916.56,120.2499
2024-04-16,Tanker,Heavy Fuel Oil (HFO),10.6479,1236.8138,3817.986,73.0276,3342.8425,5.9751,Moderate,0.4511,Transoceanic,Fair,2,0.6702,6277.8,22452.08,138.5569
2024-04-17,Fish Carrier,Steam Turbine,13.2198,1369.262,482.0058,46.9853,924.7105,5.401,Moderate,0.697,Long-haul,Good,3,0.6751,3990.82,10395.0,118.6949
2024-04-18,Tanker,Steam Turbine,17.4954,547.0638,2135.7102,62.6515,1801.2816,4.9282,Moderate,0.7978,Long-haul,Good,6,0.4324,3515.24,15727.48,41.9722
2024-04-19,Container Ship,Heavy Fuel Oil (HFO),17.4575,1728.6593,2632.3775,75.7192,1829.0467,9.9815,Moderate,0.5892,Coastal,Good,3,0.6175,5497.63,19526.12,116.3833
2024-04-20,Container Ship,Diesel,12.6991,2058.6738,5302.9492,91.4196,1745.8607,9.3062,Calm,0.6484,Transoceanic,Good,3,1.0136,6407.13,29558.47,185.6706
2024-04-21,Bulk Carrier,Heavy Fuel Oil (HFO),17.3704,544.5341,2840.5161,49.207,2631.8156,7.4647,Calm,0.0317,Coastal,Needs Maintenance,5,0.535,4441.45,16658.96,39.6192
2024-04-22,Container Ship,Heavy Fuel Oil (HFO),12.9327,977.1813,2605.531,74.4712,3191.7541,9.5369,Moderate,0.9765,Short-haul,Good,7,0.8559,5454.88,18025.44,91.1002
2024-04-23,Fish Carrier,Diesel,9.4862,1750.2837,2064.145,77.6153,1429.2391,5.3507,Moderate,0.2784,Short-haul,Good,5,0.8717,5456.88,17700.84,200.8908
2024-04-24,Tanker,Steam Turbine,10.1787,1879.7977,4635.5032,56.5575,1558.7215,7.5196,Rough,0.6342,Coastal,Good,1,0.6213,6057.22,26132.8,203.5057
2024-04-25,Tanker,Heavy Fuel Oil (HFO),19.7196,701.2139,3833.2763,96.7444,3244.0561,5.9868,Calm,0.9891,Coastal,Fair,1,0.35,4796.13,22563.47,47.2938
2024-04-26,Container Ship,Diesel,19.7115,275.0561,6219.1408,95.2188,3271.3142,9.6101,Moderate,0.9259,Short-haul,Good,7,0.3921,4849.01,30230.21,22.0703
2024-04-27,Tanker,Diesel,15.3569,2169.0933,1499.3714,55.4437,1073.6926,5.8183,Moderate,0.7625,Long-haul,Needs Maintenance,1,0.6601,5441.97,15806.2,156.8699
2024-04-28,Bulk Carrier,Heavy Fuel Oil (HFO),17.3024,280.3774,5201.9681,82.0761,1917.3015,6.5176,Moderate,0.8036,Short-haul,Good,2,0.5774,3387.24,25696.3,26.5763
2024-04-29,Fish Carrier,Heavy Fuel Oil (HFO),14.1494,1386.5109,1604.9053,83.7139,1197.5015,9.621,Moderate,0.5926,Short-haul,Good,2,0.8462,4439.62,15439.11,111.2798
2024-04-30,Fish Carrier,Steam Turbine,18.5151,554.4381,1760.7196,76.9594,2325.3657,5.9916,Calm,0.1684,Coastal,Good,3,0.3736,3897.71,13864.68,39.7983
2024-05-01,Bulk Carrier,Diesel,16.6699,1162.7864,3596.7303,97.8196,1794.8105,6.5479,Moderate,0.2973,Coastal,Good,1,0.709,4696.7,22918.47,82.6404
2024-05-02,Tanker,Steam Turbine,12.3704,673.5324,3583.6474,88.7743,2714.1046,7.9182,Calm,0.0254,Coastal,Needs Maintenance,1,0.7742,4522.74,21512.06,60.6105
2024-05-03,Bulk Carrier,Heavy Fuel Oil (HFO),11.3015,484.3646,3135.5838,93.4774,3154.8702,10.448,Calm,0.3945,Long-haul,Fair,4,0.8329,4415.98,19782.19,53.7638
2024-05-04,Container Ship,Heavy Fuel Oil (HFO),8.551,1041.1959,2180.0229,55.8847,3479.9948,10.5356,Calm,0.6607,Transoceanic,Good,7,0.7546,5641.12,15790.54,146.7256
2024-05-05,Tanker,Heavy Fuel Oil (HFO),9.8773,183.4062,2985.6915,46.1255,3031.1681,8.8927,Calm,0.8825,Transoceanic,Good,3,0.7444,3721.66,16406.94,28.8203
2024-05-06,Container Ship,Heavy Fuel Oil (HFO),10.5599,827.3459,3749.961,77.5936,1280.6295,5.2452,Moderate,0.9981,Long-haul,Good,4,0.8288,3869.04,21617.87,101.7774
2024-05-07,Fish Carrier,Steam Turbine,10.3696,2048.6019,1712.7359,79.4607,2875.7857,7.2159,Calm,0.6509,Coastal,Fair,5,0.7716,6883.4,17222.13,238.8176
2024-05-08,Fish Carrier,Heavy Fuel Oil (HFO),16.5987,871.153,1817.2817,77.6244,2588.4939,8.5556,Moderate,0.3187,Long-haul,Good,3,0.608,4352.04,15598.99,68.849
2024-05-09,Bulk Carrier,Heavy Fuel Oil (HFO),15.7221,1726.0859,3470.192,95.2119,1253.8953,6.4255,Moderate,0.3779,Coastal,Fair,4,0.6891,5106.56,23587.44,135.5813
2024-05-10,Fish Carrier,Diesel,18.3579,683.5984,1114.9096,55.7879,3069.1015,5.3225,Moderate,0.0346,Short-haul,Good,3,0.4084,4487.89,11761.46,47.7657
2024-05-11,Fish Carrier,Diesel,13.7501,748.1071,1535.6628,57.6158,2817.6675,9.1389,Rough,0.0098,Coastal,Good,7,0.7343,4421.76,13721.17,61.2579
2024-05-12,Container Ship,Diesel,14.8161,1154.8892,4488.9054,55.9297,3376.3635,8.749,Calm,0.2165,Transoceanic,Fair,7,0.793,6114.19,24299.81,93.1815
2024-05-13,Container Ship,Heavy Fuel Oil (HFO),18.3841,1888.3792,1416.0785,53.8677,2797.7726,10.6359,Rough,0.4231,Short-haul,Fair,7,0.3916,6182.27,14156.36,114.8472
2024-05-14,Container Ship,Diesel,11.3703,1814.4637,3342.0652,82.0333,773.7714,5.6441,Rough,0.9278,Transoceanic,Good,1,0.8202,4942.79,22092.17,185.9289
2024-05-15,Fish Carrier,Steam Turbine,9.8058,1151.6796,312.09,47.5048,2149.8284,10.8076,Calm,0.0627,Coastal,Needs Maintenance,6,0.6593,4364.95,9372.23,144.184
2024-05-16,Tanker,Diesel,11.9215,1452.8772,2082.2922,52.134,821.4856,6.5286,Calm,0.8708,Long-haul,Needs Maintenance,7,0.8456,4262.98,16228.46,135.5323
2024-05-17,Fish Carrier,Diesel,12.6754,1664.9173,2327.8902,99.9179,2616.9711,4.8953,Calm,0.232,Long-haul,Good,3,0.868,6180.87,19393.05,158.8912
2024-05-18,Bulk Carrier,Steam Turbine,20.6871,1828.6599,2349.5743,48.4962,2100.283,7.253,Moderate,0.0765,Transoceanic,Fair,7,0.35,5722.62,17631.74,101.8053
2024-05-19,Tanker,Steam Turbine,15.0935,572.1318,3062.7054,72.571,3302.2996,9.6594,Moderate,0.0845,Long-haul,Good,6,0.643,4379.36,18360.41,44.1752
2024-05-20,Tanker,Steam Turbine,8.5607,1415.395,2575.6605,63.2298,1239.5762,7.9811,Moderate,0.7672,Short-haul,Fair,5,0.6239,4526.16,18379.64,198.1161
2024-05-21,Fish Carrier,Heavy Fuel Oil (HFO),16.1694,1040.9224,495.2537,73.4109,3072.832,10.2748,Moderate,0.0084,Long-haul,Fair,1,0.5556,4531.2,10252.46,72.6874
2024-05-22,Container Ship,Diesel,17.0843,1609.8758,6040.4558,91.7181,1960.4916,10.5735,Moderate,0.5161,Short-haul,Good,5,0.7735,6036.42,31412.97,116.4478
2024-05-23,Container Ship,Steam Turbine,19.1868,1700.8006,858.3602,45.5032,1476.2491,9.3832,Moderate,0.6186,Long-haul,Needs Maintenance,4,0.35,4867.97,11783.6,98.3317
2024-05-24,Fish Carrier,Steam Turbine,11.9128,2079.4827,963.2591,71.5911,2161.0866,5.7998,Moderate,0.2734,Coastal,Fair,4,0.7202,6318.21,13436.02,191.4418
2024-05-25,Bulk Carrier,Steam Turbine,9.6097,132.9105,1356.1042,53.6367,1997.0831,4.329,Calm,0.2853,Transoceanic,Good,3,0.7425,3016.55,11599.07,18.6123
2024-05-26,Tanker,Steam Turbine,16.9472,219.7988,5004.1626,69.3271,2365.4432,9.1848,Rough,0.9335,Coastal,Fair,5,0.356,3677.81,24727.32,18.412
2024-05-27,Bulk Carrier,Heavy Fuel Oil (HFO),21.0885,502.4636,1393.8217,58.6103,2979.4004,10.4563,Rough,0.6893,Coastal,Good,7,0.35,4146.96,11803.8,30.3942
2024-05-28,Tanker,Diesel,18.625,668.7048,5125.1353,70.7948,779.3364,9.6876,Calm,0.9675,Short-haul,Good,6,0.5332,3443.59,26681.0,44.3524
2024-05-29,Container Ship,Diesel,16.9178,338.4396,3772.9172,45.6369,986.8901,9.159,Calm,0.6496,Short-haul,Good,2,0.8274,2958.49,20167.26,27.5498
2024-05-30,Container Ship,Steam Turbine,21.2472,1671.3518,2699.8522,87.6225,1035.7735,9.8276,Rough,0.1087,Transoceanic,Fair,6,0.35,4669.16,19847.1,94.1009
2024-05-31,Fish Carrier,Steam Turbine,19.9143,791.8459,2944.8701,98.4174,1824.133,4.8908,Calm,0.6412,Coastal,Good,3,0.35,4084.81,19831.92,54.0058
2024-06-01,Bulk Carrier,Diesel,15.7722,1345.6399,5916.5513,85.5245,2460.0275,10.1313,Moderate,0.1714,Long-haul,Good,5,0.7501,6043.4,30377.85,92.2672
2024-06-02,Tanker,Steam Turbine,20.3553,1423.9494,4366.9203,61.208,1068.2275,5.2658,Moderate,0.7037,Coastal,Good,4,0.35,4803.55,24274.07,84.9023
2024-06-03,Container Ship,Diesel,8.6833,118.2891,6053.4464,75.0485,1052.5366,9.192,Calm,0.4575,Short-haul,Fair,7,0.9368,2947.88,28576.87,18.5455
2024-06-04,Fish Carrier,Steam Turbine,9.4095,354.6952,1015.1906,58.9305,3437.7363,9.118,Rough,0.6031,Transoceanic,Good,1,0.5302,4040.92,11090.02,51.8539
2024-06-05,Container Ship,Steam Turbine,15.8913,933.9917,4663.0358,71.2308,1263.6171,8.7995,Moderate,0.7739,Transoceanic,Good,2,0.6356,4332.59,24550.44,65.6127
2024-06-06,Fish Carrier,Diesel,21.1296,1065.8513,2487.8942,88.2497,2098.2513,10.3723,Moderate,0.5699,Short-haul,Needs Maintenance,6,0.35,4971.15,18590.08,62.2476
2024-06-07,Fish Carrier,Heavy Fuel Oil (HFO),18.1519,1623.8604,1989.9851,89.0561,1930.4569,4.7453,Moderate,0.2286,Coastal,Good,7,0.4098,5436.3,17402.27,102.6246
2024-06-08,Container Ship,Heavy Fuel Oil (HFO),9.4331,958.1755,3238.4472,47.2239,2739.5226,6.7261,Rough,0.6638,Long-haul,Good,1,0.692,5117.28,19250.64,113.8328
2024-06-09,Bulk Carrier,Diesel,16.4434,179.5082,3588.5717,54.3339,3349.6709,7.6812,Moderate,0.7182,Long-haul,Good,2,0.6228,3879.11,19450.46,20.0159
2024-06-10,Fish Carrier,Diesel,11.7099,2012.3727,2395.6099,88.3145,2703.2644,7.6402,Calm,0.2159,Long-haul,Good,4,0.9158,6555.67,19631.84,190.9387
2024-06-11,Tanker,Diesel,10.7119,1418.8672,6270.0544,76.3088,2904.4327,10.7988,Moderate,0.9264,Long-haul,Good,3,0.8383,6440.03,31885.64,149.7971
2024-06-12,Container Ship,Diesel,15.8444,1274.8077,4921.2003,99.3479,844.8709,8.3589,Rough,0.8413,Short-haul,Good,4,0.7578,4585.18,26810.85,96.0398
2024-06-13,Fish Carrier,Diesel,21.7019,435.809,2713.5651,90.6201,2650.8212,7.6784,Moderate,0.412,Short-haul,Good,6,0.35,3838.83,17985.9,26.8051
2024-06-14,Tanker,Diesel,19.8338,2148.5069,5000.164,76.3629,2862.7921,4.9198,Rough,0.2097,Coastal,Good,7,0.35,7789.45,28411.82,136.3787
2024-06-15,Bulk Carrier,Heavy Fuel Oil (HFO),10.7526,1820.0078,4887.9419,93.7294,1492.4263,4.4693,Calm,0.3362,Coastal,Good,2,0.8613,5932.59,28311.2,216.4517
2024-06-16,Bulk Carrier,Diesel,12.8937,1571.4025,2174.929,45.2687,1648.5827,9.2714,Calm,0.3037,Transoceanic,Good,1,0.9201,5356.56,16201.36,146.0449
2024-06-17,Tanker,Diesel,9.4614,2013.6712,6836.6367,95.5372,2523.6428,5.8927,Calm,0.6621,Transoceanic,Needs Maintenance,1,0.7727,7470.26,35303.28,258.6341
2024-06-18,Tanker,Heavy Fuel Oil (HFO),16.4668,522.4991,7489.7333,97.1138,2806.0393,6.6436,Calm,0.2564,Long-haul,Needs Maintenance,1,0.5189,5156.97,34739.78,44.1312
2024-06-19,Fish Carrier,Steam Turbine,21.4083,280.6905,1628.5726,98.8085,1511.1513,4.6415,Calm,0.4476,Short-haul,Fair,2,0.35,2680.54,13995.1,20.1796
2024-06-20,Tanker,Heavy Fuel Oil (HFO),10.9787,1871.3717,5879.2696,99.9088,3293.6461,5.8108,Calm,0.2468,Long-haul,Good,4,0.813,7579.87,31803.59,181.3074
2024-06-21,Fish Carrier,Diesel,19.0092,474.7119,1830.4691,90.8524,2865.6755,10.5833,Moderate,0.2206,Transoceanic,Good,6,0.35,4227.2,14824.2,34.7327
2024-06-22,Bulk Carrier,Diesel,21.8461,424.0283,2435.9519,72.8271,2313.1003,9.5137,Calm,0.1151,Transoceanic,Needs Maintenance,2,0.35,3750.97,16730.34,26.0319
2024-06-23,Bulk Carrier,Heavy Fuel Oil (HFO),16.4805,1565.3453,2922.5279,95.0618,1388.4915,8.4581,Rough,0.3384,Long-haul,Good,2,0.5901,4685.42,21158.5,107.1991
2024-06-24,Fish Carrier,Steam Turbine,19.2378,1814.3709,510.2105,72.4296,3328.1958,4.6952,Rough,0.278,Transoceanic,Fair,2,0.35,6731.04,12073.83,124.4599
2024-06-25,Tanker,Heavy Fuel Oil (HFO),15.8375,273.1411,3374.4874,95.0734,1983.6086,5.3052,Rough,0.0793,Short-haul,Good,3,0.6158,3449.66,19590.61,27.433
2024-06-26,Fish Carrier,Heavy Fuel Oil (HFO),15.3293,709.9869,554.1706,72.8247,3170.6603,8.3944,Rough,0.2507,Transoceanic,Good,6,0.535,4198.75,10149.55,57.4958
2024-06-27,Container Ship,Diesel,11.0632,1925.9897,2835.0798,51.747,2276.9234,4.1667,Moderate,0.461,Long-haul,Good,7,0.8638,6465.92,20054.86,194.2405
2024-06-28,Fish Carrier,Steam Turbine,12.9155,1052.0966,1323.9345,51.0755,3361.722,8.5493,Calm,0.3799,Short-haul,Needs Maintenance,1,0.6707,5440.04,12933.14,98.5147
2023-01-01,Fish Carrier,Heavy Fuel Oil (HFO),19.0167,1501.4601,2399.7055,84.5767,1777.6273,10.0293,Calm,0.4807,Transoceanic,Good,4,0.3789,5335.46,18585.45,87.7592
2023-01-02,Fish Carrier,Steam Turbine,20.3265,2045.8044,949.0516,73.5674,2181.8153,8.153,Calm,0.5013,Transoceanic,Good,2,0.35,6129.73,13663.92,114.2324
2023-01-03,Fish Carrier,Steam Turbine,15.5069,1745.6363,1202.2411,48.3937,2941.1378,4.9778,Calm,0.4149,Long-haul,Good,4,0.6296,6405.83,14056.77,124.9761
2023-01-04,Fish Carrier,Diesel,10.6589,1290.0083,619.7049,95.6979,2942.7198,7.5582,Calm,0.6686,Coastal,Good,4,0.883,5446.3,12272.25,140.0442
2023-01-05,Fish Carrier,Heavy Fuel Oil (HFO),9.0475,505.0004,1056.1396,73.7805,1588.6675,10.5622,Calm,0.9576,Transoceanic,Good,5,0.7797,3076.14,11561.84,65.8471
2023-01-06,Container Ship,Heavy Fuel Oil (HFO),20.7941,1007.255,5438.7341,84.1627,2310.4697,8.9741,Calm,0.7445,Transoceanic,Needs Maintenance,4,0.35,5160.54,28082.88,64.7312
2023-01-07,Bulk Carrier,Steam Turbine,20.8258,1007.5465,2341.0604,68.1498,3357.1381,8.1434,Calm,0.3933,Coastal,Fair,6,0.35,5115.34,17140.36,63.5578
2023-01-08,Bulk Carrier,Heavy Fuel Oil (HFO),14.7394,1626.4602,2902.148,52.2114,3466.5378,9.7172,Rough,0.4945,Transoceanic,Good,1,0.5798,6719.5,19717.46,138.9465
2023-01-09,Container Ship,Diesel,20.8115,360.8201,2585.1182,60.0709,1685.1601,9.5756,Calm,0.1715,Transoceanic,Good,3,0.35,3105.83,16394.78,27.371
2023-01-10,Bulk Carrier,Diesel,16.8504,595.2256,1725.0272,55.3736,1068.1344,4.8976,Calm,0.2406,Transoceanic,Good,5,0.7275,3092.19,13265.33,44.61
2023-01-11,Fish Carrier,Diesel,20.378,1211.3611,328.9331,45.7965,3373.336,8.2017,Moderate,0.7375,Long-haul,Good,2,0.35,5554.72,9095.86,78.7049
2023-01-12,Tanker,Diesel,20.9902,524.6445,1985.9879,75.6494,1359.707,6.2998,Calm,0.6895,Short-haul,Good,2,0.35,2973.16,14789.82,32.7155
2023-01-13,Tanker,Heavy Fuel Oil (HFO),14.6614,573.008,2539.2894,50.3528,3245.5847,6.844,Calm,0.1058,Long-haul,Good,6,0.7439,4557.33,15690.03,46.271
2023-01-14,Container Ship,Steam Turbine,19.6518,2119.6111,7716.3749,90.6779,1323.2336,5.7469,Calm,0.0505,Transoceanic,Fair,2,0.35,6755.45,38763.38,130.5697
2023-01-15,Fish Carrier,Heavy Fuel Oil (HFO),19.6513,246.7286,2555.6918,95.5427,2628.2365,4.7675,Moderate,0.9864,Long-haul,Fair,3,0.35,3578.72,16979.25,20.0925
2023-01-16,Bulk Carrier,Heavy Fuel Oil (HFO),9.254,2074.8662,2725.4721,92.1006,2720.6047,6.2764,Moderate,0.0888,Coastal,Fair,1,0.7029,6660.16,21048.16,247.4321
2023-01-17,Fish Carrier,Diesel,11.5404,428.2513,491.8975,79.6088,1162.42,10.2243,Moderate,0.4414,Transoceanic,Good,6,0.8995,2556.91,9800.91,46.5919
2023-01-18,Tanker,Steam Turbine,16.4222,558.4285,1082.0127,47.3863,867.9918,6.961,Calm,0.6341,Transoceanic,Good,2,0.5748,2930.13,11517.98,46.3332
2023-01-19,Fish Carrier,Heavy Fuel Oil (HFO),10.3198,1481.9471,803.7791,68.1637,1306.4747,5.2867,Calm,0.287,Transoceanic,Good,4,0.794,4438.81,12057.44,167.6751
2023-01-20,Fish Carrier,Diesel,12.6606,1077.6327,2954.0374,99.4134,1726.0625,9.5133,Calm,0.8431,Transoceanic,Fair,4,0.862,4605.53,20004.71,102.3863
2023-01-21,Fish Carrier,Heavy Fuel Oil (HFO),14.2678,761.0311,1895.9717,80.0585,947.172,7.9477,Calm,0.184,Long-haul,Fair,2,0.8262,3145.23,15599.17,65.8784
2023-01-22,Fish Carrier,Steam Turbine,13.551,194.6551,899.8815,55.1687,3069.5112,4.3237,Calm,0.0775,Long-haul,Good,7,0.707,3420.22,9784.59,19.4216
2023-01-23,Container Ship,Heavy Fuel Oil (HFO),10.3267,1439.7189,4265.1768,61.8087,1803.5446,4.9316,Rough,0.2603,Long-haul,Fair,4,0.705,5229.51,23707.81,174.902
2023-01-24,Container Ship,Steam Turbine,10.9738,2197.3149,2527.4719,47.7664,3435.5718,7.5405,Calm,0.3107,Transoceanic,Good,4,0.7645,7816.03,19094.08,240.7014
2023-01-25,Bulk Carrier,Steam Turbine,13.7186,433.4151,3825.8943,63.4465,1206.1491,9.5099,Rough,0.4272,Short-haul,Good,5,0.782,3054.61,21233.0,39.2912
2023-01-26,Container Ship,Diesel,18.2817,433.5632,8226.8652,95.6997,2996.1054,8.2402,Moderate,0.1656,Long-haul,Good,1,0.5477,5012.58,37326.22,32.4259
2023-01-27,Fish Carrier,Heavy Fuel Oil (HFO),9.4018,2108.4694,532.196,65.8136,2136.9654,5.1816,Calm,0.8138,Coastal,Good,4,0.7547,5972.85,11755.97,275.9391
2023-01-28,Container Ship,Heavy Fuel Oil (HFO),18.5548,1528.3798,4718.3161,73.6078,1896.2834,8.9509,Rough,0.4171,Short-haul,Fair,1,0.3755,5792.29,25893.59,92.6337
2023-01-29,Container Ship,Diesel,16.1102,500.2894,5248.1921,88.4492,1269.775,10.7589,Moderate,0.6025,Coastal,Good,7,0.8496,3628.96,26858.42,41.9637
2023-01-30,Container Ship,Diesel,11.0109,1152.4659,923.546,50.4673,1125.327,4.5124,Rough,0.1948,Coastal,Good,7,0.8991,3603.44,11565.64,130.3276
2023-01-31,Container Ship,Diesel,9.7107,1349.0891,1914.7032,64.1226,750.87,9.9372,Calm,0.2449,Coastal,Good,6,1.0311,3859.65,16461.49,172.2763
2023-02-01,Bulk Carrier,Diesel,16.944,1678.8144,2144.2342,93.5966,2998.3204,5.2191,Moderate,0.294,Coastal,Fair,3,0.5826,6319.03,18592.27,115.5518
2023-02-02,Fish Carrier,Diesel,16.6633,338.4898,1056.5319,45.5937,2051.3716,7.7313,Calm,0.1864,Transoceanic,Good,1,0.6456,2939.65,10096.13,27.0765
2023-02-03,Bulk Carrier,Steam Turbine,17.9875,1447.1764,1328.8153,45.694,1749.0421,8.2021,Rough,0.7102,Long-haul,Good,2,0.35,4866.28,13360.07,94.3327
2023-02-04,Tanker,Heavy Fuel Oil (HFO),8.601,444.4542,2591.3547,60.9573,2181.57,10.3375,Calm,0.2151,Long-haul,Fair,4,0.7062,3633.71,16378.03,61.5242
2023-02-05,Tanker,Steam Turbine,14.5559,1841.6066,1280.5653,62.5922,1632.6597,7.5504,Calm,0.8747,Transoceanic,Needs Maintenance,7,0.6475,5499.45,14866.38,155.5988
2023-02-06,Bulk Carrier,Heavy Fuel Oil (HFO),19.9998,694.1178,3613.432,60.4557,907.9277,8.6532,Moderate,0.0275,Short-haul,Good,3,0.35,3408.25,20775.34,43.9781
2023-02-07,Fish Carrier,Heavy Fuel Oil (HFO),18.9434,1158.836,582.4493,81.0278,1336.2211,4.1659,Rough,0.4495,Transoceanic,Good,3,0.35,3655.79,11252.02,73.4487
2023-02-08,Bulk Carrier,Diesel,14.3639,1349.3803,2109.5935,46.4189,3070.9023,7.83,Moderate,0.2363,Long-haul,Good,1,0.8129,5933.32,16406.66,107.9625
2023-02-09,Fish Carrier,Diesel,15.4783,253.2916,449.8417,67.0676,879.8047,8.7209,Calm,0.638,Long-haul,Fair,7,0.7743,2517.36,8445.45,26.1214
2023-02-10,Fish Carrier,Steam Turbine,20.773,1267.9164,718.7791,88.1986,1412.926,4.3921,Calm,0.7383,Transoceanic,Good,5,0.35,4091.17,12352.16,70.2049
2023-02-11,Container Ship,Steam Turbine,20.7948,309.5767,5288.7881,67.3781,2928.0393,6.8148,Rough,0.439,Coastal,Good,1,0.35,4262.77,26265.6,20.8241
2023-02-12,Container Ship,Diesel,21.0478,1114.659,5885.1198,81.6014,2254.3327,5.7611,Calm,0.9852,Short-haul,Good,2,0.35,5524.01,30244.14,63.8692
2023-02-13,Container Ship,Heavy Fuel Oil (HFO),20.8437,1435.833,2097.8626,71.0866,1360.0172,8.9613,Rough,0.4989,Long-haul,Good,4,0.35,4573.46,16726.31,87.5455
2023-02-14,Tanker,Steam Turbine,11.5691,1977.9876,4005.8254,84.2627,2939.7482,6.1583,Moderate,0.3841,Long-haul,Fair,5,0.659,6988.16,25141.26,192.1115
2023-02-15,Container Ship,Heavy Fuel Oil (HFO),12.8552,1591.2367,3830.6121,67.2894,2909.2953,5.0886,Moderate,0.2489,Transoceanic,Fair,7,0.7664,6520.2,22990.61,139.7054
2023-02-16,Bulk Carrier,Heavy Fuel Oil (HFO),8.8274,649.7868,6771.7012,93.5231,3457.8577,5.2394,Calm,0.8737,Long-haul,Good,2,0.7426,5413.44,32588.76,89.9947
2023-02-17,Container Ship,Diesel,11.7288,862.4465,3976.5539,56.1862,3139.5359,10.5381,Calm,0.0841,Coastal,Good,1,0.9949,5280.2,21625.18,89.4359
2023-02-18,Fish Carrier,Diesel,15.4407,728.4935,1424.9486,94.4577,908.8642,8.3683,Moderate,0.123,Coastal,Fair,4,0.7587,2827.01,13690.99,57.0629
2023-02-19,Tanker,Heavy Fuel Oil (HFO),14.173,529.0246,5073.9733,65.6061,2506.4124,9.6839,Calm,0.3601,Transoceanic,Good,7,0.8225,4433.58,25939.7,48.8024
2023-02-20,Container Ship,Heavy Fuel Oil (HFO),20.5676,202.305,6526.2351,85.7083,3493.398,4.18,Moderate,0.5032,Long-haul,Needs Maintenance,2,0.35,4776.58,30580.2,18.6998
2023-02-21,Tanker,Steam Turbine,12.3195,1664.032,2792.8153,45.7285,1878.0114,9.2041,Moderate,0.3893,Transoceanic,Needs Maintenance,6,0.6752,5579.23,18870.41,162.3774
2023-02-22,Bulk Carrier,Diesel,14.8752,2107.0795,4986.4311,87.5009,1925.7579,6.45,Moderate,0.009,Coastal,Good,1,0.7872,7011.23,29512.29,178.1519
2023-02-23,Bulk Carrier,Heavy Fuel Oil (HFO),10.6214,2163.974,2815.6393,99.7267,3108.1445,10.7335,Calm,0.6389,Short-haul,Fair,1,0.8753,7430.93,21733.88,232.3394
2023-02-24,Fish Carrier,Diesel,18.68,1397.5616,910.9148,54.016,3308.0185,8.5313,Calm,0.2859,Transoceanic,Fair,3,0.35,5665.93,12363.61,93.9164
2023-02-25,Container Ship,Heavy Fuel Oil (HFO),21.7166,1315.512,5722.4732,83.9778,2378.9427,7.1987,Calm,0.3237,Transoceanic,Good,4,0.35,5751.29,29868.98,77.673
2023-02-26,Container Ship,Diesel,14.5692,1823.6687,3614.6713,45.8728,1573.2723,8.3801,Calm,0.0404,Transoceanic,Good,5,0.9088,5666.72,21915.58,140.5351
2023-02-27,Bulk Carrier,Heavy Fuel Oil (HFO),21.6534,816.1003,5941.4583,87.2124,2471.4855,8.3328,Moderate,0.9638,Long-haul,Good,4,0.35,4785.73,29525.09,46.8766
2023-02-28,Tanker,Diesel,19.1608,282.8524,4158.1065,65.8829,3047.6889,6.0,Rough,0.1038,Short-haul,Fair,1,0.35,4116.0,22259.02,20.8717
2023-03-01,Bulk Carrier,Steam Turbine,13.229,806.3689,5761.5774,85.1443,2353.9872,4.2665,Calm,0.4473,Long-haul,Good,4,0.8598,4782.46,29371.85,77.3677
2023-03-02,Fish Carrier,Steam Turbine,18.4988,793.5418,2584.2096,90.6197,1874.0643,9.5518,Moderate,0.8457,Short-haul,Fair,1,0.35,3988.56,18308.12,50.6985
2023-03-03,Container Ship,Heavy Fuel Oil (HFO),15.8765,1697.6492,2691.2734,66.8575,1413.4267,10.114,Moderate,0.9502,Long-haul,Fair,5,0.6937,5142.9,19270.72,135.7982
2023-03-04,Bulk Carrier,Diesel,18.003,2076.8242,2224.989,62.609,3044.0385,7.8035,Moderate,0.0692,Coastal,Good,2,0.518,6897.53,18269.78,142.3677
2023-03-05,Fish Carrier,Diesel,9.8318,1012.2109,1221.7467,66.883,1388.99,5.8442,Moderate,0.4076,Transoceanic,Good,1,0.7594,3781.88,12507.76,123.0071
2023-03-06,Fish Carrier,Steam Turbine,17.6816,186.2404,710.0464,93.6371,1776.8575,10.9467,Rough,0.2023,Long-haul,Fair,7,0.35,2871.0,10804.35,18.6785
2023-03-07,Fish Carrier,Heavy Fuel Oil (HFO),17.1377,1916.5399,357.0853,55.9569,1323.0507,10.3742,Calm,0.5403,Short-haul,Good,6,0.6778,5330.6,10742.44,121.5679
2023-03-08,Tanker,Heavy Fuel Oil (HFO),19.9464,818.343,3112.7917,78.9614,862.8832,5.7514,Rough,0.9627,Transoceanic,Good,1,0.35,3452.83,19441.45,54.9471
2023-03-09,Bulk Carrier,Diesel,10.8605,761.7817,1611.8456,52.4412,2635.213,5.3201,Rough,0.9462,Long-haul,Good,1,0.7427,4524.48,13201.22,91.3134
2023-03-10,Bulk Carrier,Heavy Fuel Oil (HFO),14.0503,1780.5895,3526.0078,79.7733,1045.229,9.7743,Calm,0.3057,Transoceanic,Good,5,0.8609,5477.86,22570.78,148.1122
2023-03-11,Tanker,Heavy Fuel Oil (HFO),11.5697,385.2005,1976.0232,54.5846,1489.2461,7.0575,Moderate,0.3272,Long-haul,Fair,4,0.7755,2932.3,13989.08,42.3442
2023-03-12,Fish Carrier,Steam Turbine,9.5632,885.9029,2794.3004,94.1706,2356.8742,10.2324,Moderate,0.7183,Transoceanic,Good,3,0.6281,4749.02,19394.75,116.7985
2023-03-13,Fish Carrier,Steam Turbine,19.431,1479.3038,699.2312,58.1041,2335.7006,4.2112,Moderate,0.0726,Short-haul,Good,3,0.35,5466.74,11620.7,102.1066
2023-03-14,Fish Carrier,Heavy Fuel Oil (HFO),15.0295,1086.8447,2012.7748,82.6671,1752.1015,10.5722,Calm,0.7486,Coastal,Fair,5,0.7464,4080.7,16425.85,89.1222
2023-03-15,Fish Carrier,Diesel,17.6767,1498.6658,395.0186,58.2722,2662.9497,6.9635,Moderate,0.6729,Coastal,Good,1,0.4827,5487.33,10486.04,100.5545
2023-03-16,Bulk Carrier,Heavy Fuel Oil (HFO),19.8024,1124.371,3340.4201,93.0686,3133.7713,9.322,Rough,0.7544,Short-haul,Good,4,0.35,5960.82,21108.57,72.4356
2023-03-17,Bulk Carrier,Heavy Fuel Oil (HFO),15.1133,829.8049,5268.2258,82.2539,926.6624,6.9496,Rough,0.5597,Transoceanic,Good,5,0.7017,3670.0,27304.36,68.3862
2023-03-18,Tanker,Steam Turbine,17.7384,344.7909,2600.4586,55.3334,1068.7568,10.3441,Calm,0.9311,Short-haul,Good,5,0.5202,2628.08,16387.04,25.3566
2023-03-19,Bulk Carrier,Diesel,14.3147,1652.059,2678.3688,71.7346,1551.6831,7.3721,Moderate,0.7537,Transoceanic,Needs Maintenance,5,0.6758,4904.62,19168.2,140.7619
2023-03-20,Fish Carrier,Diesel,10.8681,1298.4774,2070.3257,85.2476,1881.4776,4.932,Moderate,0.0043,Coastal,Good,1,0.8801,4587.31,16820.28,132.3444
2023-03-21,Bulk Carrier,Diesel,18.544,290.0013,5592.3755,80.8372,3043.1936,6.5397,Moderate,0.3459,Long-haul,Needs Maintenance,7,0.35,4519.85,27187.25,20.0452
2023-03-22,Tanker,Diesel,13.232,1402.7177,3248.5305,45.1027,1534.3121,4.0588,Moderate,0.9743,Short-haul,Good,1,0.8684,4886.84,19984.63,122.3797
2023-03-23,Container Ship,Heavy Fuel Oil (HFO),12.2645,1559.0047,4111.2092,57.6098,1656.3138,6.8921,Moderate,0.1159,Long-haul,Fair,5,0.8266,5340.96,23269.09,165.022
2023-03-24,Tanker,Steam Turbine,21.7896,2129.8255,5073.7828,81.5544,879.4099,4.7208,Moderate,0.6559,Short-haul,Good,2,0.35,5656.77,28986.16,114.9278
2023-03-25,Container Ship,Steam Turbine,13.492,1612.0882,2767.7856,53.7101,3364.6397,6.2846,Calm,0.5154,Transoceanic,Good,3,0.7865,6625.71,18877.51,147.4684
2023-03-26,Fish Carrier,Diesel,12.8305,1545.8398,927.1327,85.6802,1053.2043,8.8249,Moderate,0.9529,Transoceanic,Good,3,0.8207,4235.07,13390.89,143.4776
2023-03-27,Container Ship,Diesel,14.3851,240.8238,6732.7668,91.9874,1517.9078,7.7927,Calm,0.0722,Transoceanic,Good,3,1.0068,3841.71,31535.06,24.2075
2023-03-28,Bulk Carrier,Steam Turbine,14.5353,1142.9686,3190.9802,92.1415,1933.2977,9.874,Calm,0.1377,Coastal,Good,2,0.8359,4819.51,20671.57,103.8637
2023-03-29,Fish Carrier,Steam Turbine,21.3979,1281.7186,2268.5253,91.8851,2980.3142,9.1825,Calm,0.3198,Coastal,Fair,4,0.35,5233.34,18456.74,75.6992
2023-03-30,Tanker,Heavy Fuel Oil (HFO),21.3926,2022.8265,2811.772,64.0673,1820.7813,7.1052,Moderate,0.1875,Coastal,Fair,2,0.35,6077.96,19715.61,115.8642
2023-03-31,Container Ship,Heavy Fuel Oil (HFO),11.9869,423.892,3827.1084,81.9245,1847.3353,8.9383,Moderate,0.4927,Coastal,Good,1,0.9415,3611.01,22055.37,39.9754
2023-04-01,Container Ship,Steam Turbine,10.2112,1692.5386,2717.1021,57.0912,1158.897,4.1222,Rough,0.6469,Coastal,Needs Maintenance,2,0.6045,5042.55,19684.02,187.3294
2023-04-02,Fish Carrier,Heavy Fuel Oil (HFO),16.1103,1562.6908,1259.9324,91.1446,3070.2381,8.1227,Moderate,0.4891,Transoceanic,Fair,1,0.5215,6158.98,15115.43,116.1973
2023-04-03,Bulk Carrier,Steam Turbine,13.9599,1254.4779,4415.1879,86.5279,2148.9557,7.5183,Rough,0.5338,Short-haul,Good,1,0.6944,5418.02,25220.35,113.6129
2023-04-04,Container Ship,Heavy Fuel Oil (HFO),11.8097,1140.2095,937.9801,47.8462,739.562,4.6344,Moderate,0.2939,Transoceanic,Good,1,0.8686,3319.63,11620.74,116.7905
2023-04-05,Bulk Carrier,Diesel,14.1744,1692.3803,2172.2221,67.1037,2302.8742,9.742,Moderate,0.6362,Short-haul,Good,1,0.874,5859.47,17877.89,142.2651
2023-04-06,Fish Carrier,Steam Turbine,10.0083,522.3685,1672.2143,58.9216,2920.2611,5.226,Calm,0.6303,Coastal,Good,1,0.768,4234.98,13201.95,64.831
2023-04-07,Bulk Carrier,Steam Turbine,10.5402,1285.9058,3253.5592,57.5548,2860.4799,5.7283,Calm,0.5422,Short-haul,Good,4,0.8102,5588.85,20420.58,152.6009
2023-04-08,Tanker,Diesel,19.7254,1977.9118,2659.2511,78.6542,3426.5674,7.8508,Moderate,0.5338,Short-haul,Fair,3,0.35,7574.26,19814.26,114.3532
2023-04-09,Container Ship,Steam Turbine,20.2164,1819.7842,1589.8982,54.1764,712.3616,4.8569,Moderate,0.9334,Long-haul,Fair,5,0.35,4668.34,15788.1,99.9078
2023-04-10,Bulk Carrier,Diesel,14.128,1043.0604,6180.7405,88.0229,2975.8249,7.9108,Moderate,0.6068,Transoceanic,Good,7,0.8175,5897.56,31413.96,96.317
2023-04-11,Tanker,Heavy Fuel Oil (HFO),19.7034,539.3498,2528.3525,92.9552,1175.2935,9.3174,Calm,0.4721,Long-haul,Good,2,0.35,3191.61,17498.94,34.8611
2023-04-12,Tanker,Heavy Fuel Oil (HFO),11.6227,863.3255,2364.3454,54.7734,1941.5268,6.1031,Moderate,0.8068,Transoceanic,Good,6,0.7611,3894.28,16033.86,93.7929
2023-04-13,Bulk Carrier,Steam Turbine,18.6666,316.354,1441.8498,57.7723,3120.883,4.522,Calm,0.4599,Short-haul,Needs Maintenance,3,0.35,3906.89,12204.32,25.2565
2023-04-14,Tanker,Steam Turbine,10.9333,242.1929,2076.7369,86.7671,1596.1072,10.6715,Calm,0.0516,Long-haul,Good,6,0.8543,3085.14,15252.85,28.0005
2023-04-15,Container Ship,Diesel,18.7703,1049.3477,2795.6147,70.878,2185.3049,10.6689,Calm,0.1335,Short-haul,Good,2,0.6349,4545.33,18237.18,66.7317
2023-04-16,Fish Carrier,Steam Turbine,13.2855,1496.6944,720.7247,73.1187,2469.4242,8.06,Moderate,0.4627,Long-haul,Good,6,0.7,5493.74,12700.23,144.1524
2023-04-17,Bulk Carrier,Diesel,11.9075,1276.5594,3477.5884,76.3939,3129.8799,10.426,Moderate,0.7965,Short-haul,Fair,2,0.8591,5884.76,22149.48,121.8327
2023-04-18,Container Ship,Steam Turbine,18.7001,1896.1193,1697.6383,50.2136,2105.0403,5.922,Calm,0.3681,Coastal,Fair,1,0.4069,5744.48,16121.24,120.3062
2023-04-19,Bulk Carrier,Heavy Fuel Oil (HFO),12.8602,571.7818,1697.3997,55.4931,2569.6662,10.0975,Moderate,0.0091,Coastal,Fair,4,0.7477,4074.92,13326.81,58.3682
2023-04-20,Bulk Carrier,Heavy Fuel Oil (HFO),9.2933,410.2942,4767.5055,74.6942,3240.2245,6.1961,Moderate,0.2922,Transoceanic,Fair,6,0.6425,4770.22,24861.25,52.8837
2023-04-21,Container Ship,Diesel,15.6212,471.896,5977.093,93.1317,1297.7116,5.4654,Calm,0.3966,Long-haul,Fair,2,0.8278,3688.93,29619.79,37.143
2023-04-22,Container Ship,Steam Turbine,8.1999,2083.8324,4117.9602,89.5468,2892.0905,8.6724,Calm,0.2813,Long-haul,Good,1,0.7217,7235.59,25674.94,321.1204
2023-04-23,Bulk Carrier,Diesel,17.6554,915.1973,1722.595,52.9023,1467.5403,9.8596,Rough,0.306,Coastal,Fair,3,0.4752,3698.6,14389.77,67.4058
2023-04-24,Tanker,Diesel,19.7255,1431.0952,4443.8586,99.0336,1860.8017,4.3063,Calm,0.6598,Short-haul,Good,1,0.3999,5562.18,26235.32,80.78
2023-04-25,Fish Carrier,Steam Turbine,16.8788,322.4998,1548.416,60.2601,3400.3307,6.9149,Moderate,0.6265,Long-haul,Good,5,0.4225,3624.92,12735.94,26.0589
2023-04-26,Container Ship,Diesel,20.7565,674.9917,6291.1599,85.8395,3071.9856,4.0979,Calm,0.0763,Coastal,Fair,1,0.35,5257.49,30672.66,40.193
2023-04-27,Container Ship,Steam Turbine,18.4864,1865.1204,1314.9975,57.2306,1257.7614,4.8544,Moderate,0.764,Short-haul,Fair,3,0.3865,4939.36,14845.93,121.6809
2023-04-28,Bulk Carrier,Diesel,18.6181,473.3236,1380.3604,75.1881,1698.3062,8.575,Moderate,0.0476,Long-haul,Good,5,0.5036,2990.84,13078.51,34.4675
2023-04-29,Bulk Carrier,Diesel,21.508,1887.1788,3925.2524,60.3207,3270.5084,4.4435,Calm,0.8874,Transoceanic,Good,3,0.35,7516.8,23635.09,99.7997
2023-04-30,Fish Carrier,Diesel,16.405,1809.576,706.268,61.2628,2824.3114,10.5213,Moderate,0.9729,Long-haul,Good,6,0.6394,6035.18,12042.79,128.0331
2023-05-01,Container Ship,Steam Turbine,8.2682,572.0055,3508.933,75.6144,2535.0099,9.8064,Moderate,0.5908,Short-haul,Fair,1,0.6521,4218.61,20546.78,86.6436
2023-05-02,Fish Carrier,Steam Turbine,12.6841,158.2367,1515.4129,54.3717,866.1909,4.3639,Moderate,0.2531,Transoceanic,Fair,3,0.6347,2233.6,11651.92,20.667
2023-05-03,Fish Carrier,Steam Turbine,12.9916,1208.5339,1765.5284,63.1255,3313.6079,9.2802,Calm,0.4789,Long-haul,Fair,7,0.7128,5622.26,15084.88,107.1201
2023-05-04,Container Ship,Diesel,19.9168,1769.3488,1498.7938,55.6128,2146.9224,5.4749,Calm,0.6394,Coastal,Fair,3,0.35,5629.93,14856.38,110.422
2023-05-05,Container Ship,Steam Turbine,8.255,931.4399,3344.1706,82.9467,1905.5647,7.9245,Calm,0.9471,Short-haul,Good,1,0.7831,4284.09,20918.06,129.816
2023-05-06,Bulk Carrier,Heavy Fuel Oil (HFO),15.7487,621.8364,3093.2802,93.3553,2142.3999,9.2911,Calm,0.2202,Short-haul,Fair,2,0.8138,3936.54,20018.89,49.8821
2023-05-07,Tanker,Diesel,16.4012,1273.5935,1089.8939,49.6248,2434.3236,8.2169,Moderate,0.8358,Short-haul,Good,3,0.6967,4968.96,12144.6,92.5801
2023-05-08,Tanker,Heavy Fuel Oil (HFO),13.8382,1221.4198,5301.3043,63.5016,2041.9694,7.155,Calm,0.6096,Coastal,Good,1,0.8371,5324.24,27810.79,102.3415
2023-05-09,Tanker,Steam Turbine,15.2644,1666.2183,5155.8142,62.2574,2449.7187,5.9454,Rough,0.2146,Coastal,Needs Maintenance,4,0.4661,6529.12,27120.8,140.7626
2023-05-10,Tanker,Steam Turbine,13.9408,2038.7141,2146.208,67.5599,1562.9678,4.491,Moderate,0.032,Coastal,Fair,5,0.7187,5653.09,17416.59,176.096
2023-05-11,Container Ship,Heavy Fuel Oil (HFO),15.689,240.0193,7175.9138,91.7223,2822.7917,8.3665,Calm,0.8479,Transoceanic,Fair,5,0.7471,4462.47,34004.89,23.0776
2023-05-12,Bulk Carrier,Steam Turbine,12.0908,1609.9897,2200.5529,55.6316,2697.1341,4.432,Rough,0.7948,Coastal,Fair,2,0.5824,6027.6,16315.55,147.0425
2023-05-13,Bulk Carrier,Heavy Fuel Oil (HFO),19.6845,636.0649,2807.1598,45.2628,2789.7692,5.9021,Moderate,0.7843,Transoceanic,Fair,3,0.35,4470.16,16091.53,39.4742
2023-05-14,Bulk Carrier,Steam Turbine,21.8859,1121.1614,3941.3336,72.6816,3215.4516,9.2441,Calm,0.3055,Coastal,Good,4,0.35,5674.65,22300.82,61.9708
2023-05-15,Container Ship,Heavy Fuel Oil (HFO),19.3743,956.5175,2593.0585,65.1424,3223.7407,7.2301,Calm,0.5603,Transoceanic,Fair,6,0.35,5077.24,17007.22,64.8528
2023-05-16,Bulk Carrier,Steam Turbine,17.9953,215.8011,2489.3432,55.7272,1823.646,9.375,Calm,0.1068,Long-haul,Good,3,0.5238,2910.91,15711.36,20.9866
2023-05-17,Bulk Carrier,Diesel,13.7261,933.3762,3360.0916,69.08,3473.7154,10.1694,Calm,0.5757,Long-haul,Needs Maintenance,6,0.8201,5412.12,20435.75,86.208
2023-05-18,Fish Carrier,Diesel,17.7482,430.2967,1690.4482,75.1267,981.937,10.3591,Calm,0.4072,Short-haul,Good,4,0.7078,2935.76,13992.12,34.1999
2023-05-19,Container Ship,Diesel,12.4599,748.8593,7375.1507,90.4389,1775.0603,7.2718,Calm,0.8913,Long-haul,Good,2,1.0432,4810.9,35226.67,77.1681
2023-05-20,Tanker,Steam Turbine,17.8411,168.9105,3070.0307,83.5864,3138.3736,7.2989,Rough,0.0936,Short-haul,Fair,2,0.35,4007.41,18181.12,16.9294
2023-05-21,Tanker,Heavy Fuel Oil (HFO),18.3024,475.3959,7513.1143,98.781,1477.1147,6.3446,Calm,0.7013,Coastal,Good,5,0.5276,3918.6,35202.09,38.6266
2023-05-22,Fish Carrier,Steam Turbine,15.2701,2102.4998,788.7574,69.397,2262.1821,10.5476,Rough,0.6535,Long-haul,Needs Maintenance,4,0.4523,6372.18,13444.42,159.2761
2023-05-23,Bulk Carrier,Steam Turbine,8.1176,2124.4414,1997.0927,72.0992,2933.9616,6.0251,Calm,0.1267,Short-haul,Needs Maintenance,2,0.6006,6828.18,17547.2,298.8243
2023-05-24,Tanker,Steam Turbine,16.3538,1935.9377,3939.6733,63.4099,1668.3477,6.5634,Calm,0.4826,Short-haul,Good,7,0.705,5930.12,24346.78,142.5867
2023-05-25,Tanker,Steam Turbine,19.6916,462.5823,4593.3597,63.3827,2509.824,8.6833,Calm,0.6244,Short-haul,Good,4,0.35,4267.52,23852.34,29.6109
2023-05-26,Bulk Carrier,Heavy Fuel Oil (HFO),10.0818,1569.8164,3889.9589,52.0129,2590.414,5.832,Calm,0.8787,Transoceanic,Good,4,0.8064,6187.48,23048.3,174.383
2023-05-27,Bulk Carrier,Diesel,15.8172,672.1861,3864.6456,58.5442,2850.5515,10.6388,Moderate,0.5538,Transoceanic,Good,7,0.7196,4821.65,20722.31,58.306
2023-05-28,Container Ship,Heavy Fuel Oil (HFO),16.4206,117.4005,6132.4571,77.6023,3143.3452,6.3079,Moderate,0.6544,Transoceanic,Fair,5,0.5787,4272.15,28875.15,10.8298
2023-05-29,Bulk Carrier,Steam Turbine,20.5046,812.1166,6670.8188,84.6362,2540.4155,9.6725,Moderate,0.5913,Coastal,Fair,1,0.35,5348.75,31093.45,54.3837
2023-05-30,Bulk Carrier,Heavy Fuel Oil (HFO),20.4559,2117.6841,2219.1721,97.9535,3022.4882,9.4305,Moderate,0.1442,Short-haul,Good,1,0.35,7370.42,19705.21,129.1536
2023-05-31,Container Ship,Diesel,19.5302,1745.1847,7575.8419,91.5979,1788.6199,10.0339,Moderate,0.1486,Short-haul,Fair,2,0.4074,6449.13,37681.56,104.1751
2023-06-01,Tanker,Steam Turbine,13.4704,1131.0342,2123.893,98.8985,2446.1407,9.9456,Calm,0.3032,Coastal,Fair,5,0.7679,4819.47,17419.91,95.6469
2023-06-02,Tanker,Diesel,20.4276,1714.6129,7959.8909,94.134,3441.1603,7.8681,Rough,0.4892,Short-haul,Good,3,0.35,7896.41,38862.78,92.8293
2023-06-03,Fish Carrier,Heavy Fuel Oil (HFO),9.66,1666.3279,1011.5747,93.6482,801.183,5.5347,Moderate,0.2713,Short-haul,Good,7,0.8439,4226.21,13937.76,209.2645
2023-06-04,Bulk Carrier,Steam Turbine,13.2205,1387.7719,2825.413,97.353,1919.655,5.1426,Calm,0.24,Transoceanic,Fair,5,0.775,5000.16,20334.99,122.0111
2023-06-05,Fish Carrier,Diesel,16.8869,1087.6289,2821.9175,97.9045,3299.2753,9.9514,Moderate,0.1342,Short-haul,Needs Maintenance,5,0.6064,5616.64,19917.16,80.0983
2023-06-06,Fish Carrier,Heavy Fuel Oil (HFO),13.412,1692.641,1485.3695,60.2665,3483.1462,9.8726,Rough,0.2819,Coastal,Good,2,0.6599,6712.77,15572.91,150.3787
2023-06-07,Bulk Carrier,Steam Turbine,19.9944,1438.0118,5180.7218,70.8882,2508.519,4.9502,Calm,0.0517,Transoceanic,Needs Maintenance,1,0.35,6212.3,27476.5,85.0718
2023-06-08,Tanker,Steam Turbine,16.9938,1038.6274,3425.9169,55.3614,3312.9458,10.527,Calm,0.1425,Coastal,Fair,3,0.5161,5548.99,20190.77,70.1182
2023-06-09,Container Ship,Heavy Fuel Oil (HFO),18.7795,1057.5748,2492.2556,50.8658,2952.6711,7.6788,Rough,0.3443,Transoceanic,Good,1,0.35,5422.22,17368.23,69.6512
2023-06-10,Container Ship,Steam Turbine,15.4792,1238.2421,3276.2594,86.1443,2568.0278,7.2348,Calm,0.9002,Transoceanic,Fair,6,0.6929,5279.08,21104.16,100.5908
2023-06-11,Fish Carrier,Heavy Fuel Oil (HFO),16.0672,2099.577,535.7099,52.1941,2489.1129,5.0515,Moderate,0.9733,Coastal,Fair,3,0.5317,6446.09,11735.6,154.168
2023-06-12,Fish Carrier,Heavy Fuel Oil (HFO),15.3547,1765.523,1554.4213,84.4669,2789.6183,4.549,Moderate,0.2248,Transoceanic,Fair,5,0.5591,6249.87,15812.08,134.5301
2023-06-13,Container Ship,Steam Turbine,12.6944,1020.2778,4963.9707,79.0325,1989.7536,7.4603,Rough,0.5709,Coastal,Fair,2,0.701,4978.62,26684.62,104.6037
2023-06-14,Tanker,Steam Turbine,15.7554,1426.4919,4486.6172,80.4642,765.0758,4.2111,Moderate,0.7424,Coastal,Fair,2,0.5892,4544.46,25639.07,108.6513
2023-06-15,Container Ship,Heavy Fuel Oil (HFO),12.7627,632.052,4993.1163,69.4918,2470.9063,9.4915,Calm,0.9909,Transoceanic,Good,1,0.8962,4560.68,25267.12,64.8501
2023-06-16,Container Ship,Heavy Fuel Oil (HFO),17.4274,1446.3318,4452.9147,64.2264,2545.844,8.3341,Calm,0.8161,Long-haul,Good,2,0.6475,5885.51,25210.19,109.0068
2023-06-17,Tanker,Diesel,11.04,2011.1796,5736.8611,70.4813,2591.437,8.7589,Moderate,0.4977,Coastal,Good,2,0.863,7495.43,30800.9,225.5132
2023-06-18,Tanker,Heavy Fuel Oil (HFO),17.924,1339.6069,4063.2634,79.6251,2620.0252,5.2763,Calm,0.51,Coastal,Good,7,0.4907,5976.06,23897.48,92.2896
2023-06-19,Tanker,Heavy Fuel Oil (HFO),21.7109,1368.9202,6756.848,94.3858,2799.9447,7.2162,Rough,0.7507,Transoceanic,Fair,2,0.35,6552.77,34108.45,76.1263
2023-06-20,Bulk Carrier,Diesel,21.8449,2026.0231,3489.7822,85.0206,3190.4701,7.4273,Calm,0.3202,Long-haul,Good,1,0.35,7431.07,23392.99,111.547
2023-06-21,Tanker,Diesel,12.1655,1068.6286,6196.9086,96.6788,1213.5591,6.6521,Moderate,0.2603,Long-haul,Fair,6,0.851,4516.26,31539.99,109.7834
2023-06-22,Tanker,Diesel,17.7725,636.8998,1889.4636,78.2836,1643.3047,10.2207,Rough,0.4009,Transoceanic,Good,1,0.5162,3310.4,15300.62,42.4332
2023-06-23,Bulk Carrier,Diesel,8.7908,1171.877,3457.1683,48.051,1541.2879,10.3665,Calm,0.1081,Coastal,Good,2,0.8972,4439.1,20712.18,169.5184
2023-06-24,Tanker,Steam Turbine,13.1085,436.1923,4517.9974,76.941,2223.5509,7.0847,Moderate,0.4688,Long-haul,Fair,1,0.6589,3794.1,23529.82,40.9557
2023-06-25,Bulk Carrier,Heavy Fuel Oil (HFO),20.8791,906.7793,3605.1691,55.0694,3001.8587,7.3478,Calm,0.0496,Long-haul,Fair,2,0.35,5130.79,20974.34,54.2712
2023-06-26,Container Ship,Heavy Fuel Oil (HFO),8.9007,1012.5736,2759.8601,49.5976,1079.1413,8.2527,Moderate,0.0674,Transoceanic,Good,3,0.7743,3702.62,18058.95,129.1346
2023-06-27,Fish Carrier,Heavy Fuel Oil (HFO),21.8278,865.6336,1055.6145,93.56,2634.2494,6.2621,Moderate,0.4902,Transoceanic,Good,1,0.35,4158.5,13125.96,49.8896
2023-06-28,Container Ship,Steam Turbine,10.0121,1893.1096,3397.2211,64.2912,3235.2606,8.5424,Rough,0.3003,Long-haul,Good,2,0.6699,7264.03,21763.42,220.0471
2023-06-29,Tanker,Heavy Fuel Oil (HFO),17.5823,1983.4191,2107.1199,75.2845,1689.5839,8.7901,Moderate,0.5263,Short-haul,Good,1,0.5674,5719.5,18336.26,131.4063
2023-06-30,Bulk Carrier,Steam Turbine,12.4808,122.1286,1232.6337,68.1257,2364.7141,9.626,Moderate,0.26,Coastal,Fair,4,0.7372,2678.13,11599.05,16.656
2023-07-01,Tanker,Heavy Fuel Oil (HFO),12.1395,1701.8671,2942.5812,60.2076,2307.4115,10.8185,Calm,0.1986,Transoceanic,Fair,4,0.7729,5831.62,19730.98,158.7743
2023-07-02,Container Ship,Steam Turbine,10.5385,1118.3389,5075.8178,62.2272,1604.7705,5.1521,Calm,0.6003,Coastal,Good,1,0.8253,4829.9,26615.0,124.007
2023-07-03,Tanker,Diesel,9.0645,846.3459,2139.5685,45.8841,2191.373,9.1904,Moderate,0.3171,Transoceanic,Good,1,0.7374,4212.32,15063.35,116.9771
2023-07-04,Fish Carrier,Diesel,19.2873,1162.5268,1934.4711,69.8976,1385.2728,9.5985,Moderate,0.6121,Short-haul,Good,3,0.3575,4233.03,15417.49,78.4343
2023-07-05,Tanker,Diesel,12.4819,811.7897,2603.9028,53.6796,1096.489,7.5531,Rough,0.5152,Long-haul,Fair,4,0.7168,3778.84,16454.8,76.3784
2023-07-06,Tanker,Heavy Fuel Oil (HFO),10.6236,1348.7625,3648.4354,62.5829,1681.9039,4.7932,Calm,0.2301,Long-haul,Good,3,0.8073,4924.87,22236.38,150.9924
2023-07-07,Container Ship,Heavy Fuel Oil (HFO),9.7596,1481.1867,1384.4917,58.583,3173.3683,4.3873,Calm,0.979,Long-haul,Good,4,0.8067,6059.65,13968.8,189.1527
2023-07-08,Tanker,Heavy Fuel Oil (HFO),21.9655,428.5041,5878.6265,73.8941,2268.3927,9.3473,Rough,0.3252,Coastal,Good,4,0.35,4392.94,28803.75,29.6083
2023-07-09,Tanker,Diesel,16.2319,1084.6119,2490.9036,69.054,1777.4979,4.1906,Moderate,0.4995,Transoceanic,Good,5,0.6919,4428.91,18202.95,78.5262
2023-07-10,Bulk Carrier,Steam Turbine,17.2646,1031.7498,2273.4429,85.1134,3418.1802,9.1829,Moderate,0.6863,Short-haul,Needs Maintenance,1,0.4043,5406.54,16848.13,79.5264
2023-07-11,Container Ship,Heavy Fuel Oil (HFO),12.8388,910.2033,4238.084,68.3945,1038.9876,7.2117,Calm,0.3195,Transoceanic,Good,5,0.8979,3869.13,23641.31,91.4508
2023-07-12,Fish Carrier,Steam Turbine,21.7511,1509.6384,1915.6977,82.9875,2957.9589,6.552,Calm,0.7417,Transoceanic,Fair,3,0.35,5858.13,16907.29,86.3255
2023-07-13,Fish Carrier,Diesel,19.1651,1889.3164,770.8994,74.4101,1589.2018,7.8326,Moderate,0.5528,Coastal,Good,7,0.4258,5369.19,13400.54,120.7093
2023-07-14,Container Ship,Diesel,11.1177,317.1924,3776.1011,46.9437,3380.6983,6.6039,Calm,0.2158,Long-haul,Good,4,0.9287,3930.15,19920.66,39.2489
2023-07-15,Tanker,Steam Turbine,10.7853,928.7982,3327.7439,65.4266,3315.2957,7.9489,Rough,0.4489,Transoceanic,Good,2,0.5785,5134.72,20827.8,98.6602
2023-07-16,Tanker,Heavy Fuel Oil (HFO),8.1671,182.1084,5331.3691,85.5564,2234.7432,4.1805,Rough,0.5406,Long-haul,Good,3,0.5635,3784.63,26705.63,32.1782
2023-07-17,Fish Carrier,Heavy Fuel Oil (HFO),8.2979,705.0731,569.3676,70.6803,3359.9471,9.3391,Moderate,0.5799,Long-haul,Good,1,0.5991,4506.82,10173.16,105.192
2023-07-18,Fish Carrier,Steam Turbine,9.2507,1460.5979,1037.4095,47.3151,3140.7075,6.1832,Calm,0.552,Transoceanic,Needs Maintenance,1,0.5285,5983.44,12736.54,201.0748
2023-07-19,Bulk Carrier,Heavy Fuel Oil (HFO),13.382,1374.6623,3088.091,83.2807,3207.7749,9.7708,Rough,0.9454,Coastal,Needs Maintenance,6,0.6244,6322.42,20653.66,115.5047
2023-07-20,Container Ship,Heavy Fuel Oil (HFO),15.3357,563.9554,6039.5978,81.7336,1429.7772,8.5283,Calm,0.872,Coastal,Good,5,0.8883,3891.84,29645.86,49.5124
2023-07-21,Bulk Carrier,Diesel,16.2838,2091.0456,3915.1928,75.2575,2829.6922,9.5932,Moderate,0.4171,Short-haul,Good,6,0.7395,7388.95,24250.29,148.7037
2023-07-22,Bulk Carrier,Steam Turbine,14.9694,129.2144,5335.5799,97.7586,3250.8854,4.7185,Moderate,0.8933,Transoceanic,Good,2,0.644,4139.96,26927.31,15.818
2023-07-23,Container Ship,Steam Turbine,11.5334,648.329,4797.6973,53.5133,1677.7067,6.9519,Calm,0.1272,Coastal,Good,4,0.8793,3965.89,24496.28,68.1618
2023-07-24,Fish Carrier,Heavy Fuel Oil (HFO),13.094,1266.2833,1469.7745,70.6436,1348.3124,5.5433,Moderate,0.7584,Short-haul,Good,7,0.7474,4352.81,14451.54,118.7332
2023-07-25,Tanker,Diesel,20.5532,799.2337,1902.6299,59.368,3411.9283,8.7753,Calm,0.5002,Short-haul,Good,6,0.35,5201.02,14636.75,49.6273
2023-07-26,Bulk Carrier,Steam Turbine,21.0484,1817.3824,2756.4931,52.427,2388.2331,9.6741,Moderate,0.808,Coastal,Fair,4,0.35,6164.08,19414.23,99.2706
2023-07-27,Container Ship,Heavy Fuel Oil (HFO),14.8018,1485.7811,2182.7772,45.1871,1176.9995,8.8565,Moderate,0.1903,Coastal,Fair,2,0.7882,4713.04,16574.98,114.7708
2023-07-28,Tanker,Steam Turbine,11.5816,358.0501,3693.9795,64.3365,3303.2529,10.0951,Calm,0.6284,Coastal,Good,7,0.8412,4512.35,20337.86,38.2226
2023-07-29,Bulk Carrier,Steam Turbine,14.1404,1088.7074,1509.7066,55.1382,2431.2491,7.421,Rough,0.9363,Long-haul,Fair,6,0.5572,4646.04,13697.3,92.7852
2023-07-30,Container Ship,Heavy Fuel Oil (HFO),14.0818,1390.2542,6832.9125,91.4488,2834.4856,7.762,Calm,0.4463,Transoceanic,Good,6,0.9184,6366.33,33365.91,116.4679
2023-07-31,Fish Carrier,Heavy Fuel Oil (HFO),10.8176,1126.8659,2563.4868,86.2646,1829.2015,7.5324,Moderate,0.7093,Long-haul,Fair,5,0.7379,4551.06,18140.59,127.0657
2023-08-01,Container Ship,Diesel,20.6272,1593.6063,1397.7121,58.3829,815.4463,5.4516,Calm,0.6806,Coastal,Good,2,0.35,4157.1,15035.08,86.658
2023-08-02,Bulk Carrier,Steam Turbine,15.5677,123.7961,2605.193,77.8345,2102.0527,9.8558,Calm,0.7376,Transoceanic,Good,5,0.6845,2924.69,16463.56,11.3203
2023-08-03,Container Ship,Steam Turbine,11.445,1799.1511,5161.2576,87.6195,734.474,6.9417,Moderate,0.1833,Coastal,Good,6,0.9285,4956.28,29312.5,179.3666
2023-08-04,Tanker,Steam Turbine,21.3267,1259.609,3356.3583,80.108,2240.7345,8.8742,Calm,0.8688,Long-haul,Good,4,0.35,5207.0,21618.04,74.8403
2023-08-05,Bulk Carrier,Diesel,20.1303,1873.1391,6147.1869,84.0003,3175.9696,4.4501,Moderate,0.5643,Coastal,Good,5,0.35,7673.66,32093.92,110.7148
2023-08-06,Tanker,Heavy Fuel Oil (HFO),11.0019,1259.9243,4132.9046,51.2541,817.5221,10.6767,Rough,0.471,Coastal,Needs Maintenance,2,0.7057,4387.82,23037.89,138.1695
2023-08-07,Container Ship,Steam Turbine,8.7287,1875.59,2040.5127,45.4,1196.3597,8.5638,Calm,0.2845,Long-haul,Good,3,0.7628,5067.95,16262.52,251.6535
2023-08-08,Container Ship,Diesel,9.6409,793.3666,4605.4353,76.6193,2577.7389,5.2226,Calm,0.7709,Transoceanic,Good,3,0.9282,4893.34,24029.64,103.5023
2023-08-09,Fish Carrier,Heavy Fuel Oil (HFO),16.9724,1162.3059,976.6466,47.8662,2031.5455,8.4042,Moderate,0.8302,Short-haul,Good,2,0.5204,4338.04,11817.37,85.6106
2023-08-10,Container Ship,Heavy Fuel Oil (HFO),17.0939,1461.4803,5443.3569,64.8479,738.1107,9.1918,Moderate,0.7477,Short-haul,Needs Maintenance,1,0.5769,4760.04,28711.83,97.6542
2023-08-11,Bulk Carrier,Diesel,10.9327,330.9817,3335.791,51.3542,933.5091,6.8399,Moderate,0.0906,Coastal,Good,5,0.9351,2939.98,18437.79,43.8224
2023-08-12,Bulk Carrier,Heavy Fuel Oil (HFO),13.365,1541.8087,2042.9713,66.2481,3046.0621,5.587,Calm,0.117,Long-haul,Fair,1,0.7697,6419.21,17084.67,146.2691
2023-08-13,Tanker,Diesel,20.8974,625.1022,2665.7936,46.5863,906.0878,10.2719,Moderate,0.0116,Short-haul,Good,7,0.35,3000.06,16754.04,43.2577
2023-08-14,Container Ship,Steam Turbine,13.1072,875.0685,2792.0854,58.1894,3346.6518,5.0505,Calm,0.1857,Transoceanic,Needs Maintenance,5,0.7078,5065.04,17459.95,85.702
2023-08-15,Bulk Carrier,Diesel,13.1287,1036.0775,3226.8063,70.895,2095.452,5.3415,Calm,0.1285,Long-haul,Needs Maintenance,4,0.8697,4499.32,19754.52,102.2402
2023-08-16,Fish Carrier,Diesel,14.5043,2016.6366,2375.7629,84.2811,1822.9238,9.1009,Calm,0.8619,Coastal,Good,1,0.8809,6015.03,19558.15,172.7443
2023-08-17,Fish Carrier,Diesel,20.4157,2128.9213,1087.1896,49.0895,2775.0019,10.2699,Calm,0.8848,Short-haul,Needs Maintenance,3,0.35,6942.65,13856.41,118.7679
2023-08-18,Fish Carrier,Heavy Fuel Oil (HFO),15.5985,1098.7305,611.2203,98.9261,954.1323,7.4504,Rough,0.8829,Short-haul,Fair,1,0.5795,3565.81,12418.5,84.1275
2023-08-19,Tanker,Diesel,15.3129,1839.3271,5860.7752,70.8571,1765.9058,10.6851,Moderate,0.4219,Coastal,Fair,1,0.7935,6140.29,30297.34,132.2771
2023-08-20,Fish Carrier,Heavy Fuel Oil (HFO),17.9345,1933.6121,1802.449,68.163,1484.4472,5.8986,Rough,0.6885,Transoceanic,Fair,3,0.35,5420.58,16651.05,138.3876
2023-08-21,Fish Carrier,Heavy Fuel Oil (HFO),20.734,1209.1555,746.899,99.6034,1522.7866,9.1964,Moderate,0.7966,Transoceanic,Good,4,0.35,4311.69,12899.21,75.5406
2023-08-22,Fish Carrier,Diesel,11.3329,2030.6348,458.8382,60.7643,1419.9375,5.3183,Moderate,0.9254,Short-haul,Fair,1,0.8658,5256.41,11966.28,204.582
2023-08-23,Fish Carrier,Steam Turbine,20.3431,1099.1906,1729.0131,60.983,1890.8174,10.1936,Moderate,0.2421,Coastal,Good,1,0.35,4199.17,14673.75,66.9851
2023-08-24,Bulk Carrier,Steam Turbine,17.583,774.5824,3701.049,57.5082,738.3342,4.7453,Moderate,0.6737,Transoceanic,Good,6,0.4456,3348.48,20639.47,52.5918
2023-08-25,Container Ship,Heavy Fuel Oil (HFO),18.6268,1103.4126,4628.8702,97.3141,3042.7126,4.5355,Rough,0.8087,Transoceanic,Good,6,0.35,6164.77,26352.5,75.1059
2023-08-26,Container Ship,Heavy Fuel Oil (HFO),16.6993,1269.7186,1948.4728,54.3034,759.4891,9.0698,Calm,0.6572,Coastal,Good,3,0.7813,3918.95,15721.27,96.7711
2023-08-27,Container Ship,Heavy Fuel Oil (HFO),10.8769,1945.4041,6554.9625,79.9496,953.079,6.4243,Calm,0.2694,Coastal,Good,7,0.9871,6132.5,33406.95,218.8243
2023-08-28,Tanker,Diesel,15.4584,1644.9852,1334.4898,51.7506,3388.0746,9.7518,Moderate,0.4603,Coastal,Good,5,0.7101,6514.13,14093.65,130.205
2023-08-29,Bulk Carrier,Diesel,12.847,1831.5844,5824.2529,94.0556,1045.2019,5.224,Calm,0.4605,Transoceanic,Good,1,0.9563,5773.14,31966.71,180.5798
2023-08-30,Tanker,Steam Turbine,12.4177,1132.9853,5834.3246,82.1929,1566.6518,5.0574,Moderate,0.6092,Long-haul,Good,2,0.7889,5007.81,29592.23,115.7243
2023-08-31,Bulk Carrier,Steam Turbine,8.7058,1904.8026,2425.9707,63.1504,3366.5044,10.3267,Moderate,0.8067,Short-haul,Good,1,0.6693,6932.7,19081.37,272.9718
2023-09-01,Tanker,Heavy Fuel Oil (HFO),17.3997,482.4834,2918.8231,84.6913,978.726,10.7263,Moderate,0.7849,Long-haul,Good,1,0.5707,3071.15,18319.15,33.0653
2023-09-02,Container Ship,Steam Turbine,12.5944,883.2069,1479.3624,76.7225,3373.1003,9.826,Calm,0.8125,Coastal,Good,6,0.8382,5072.33,14494.35,86.517
2023-09-03,Container Ship,Diesel,15.808,1749.2395,1921.1376,48.2579,2850.7803,9.3489,Calm,0.5755,Long-haul,Needs Maintenance,2,0.7002,6166.38,15785.52,123.7603
2023-09-04,Tanker,Steam Turbine,21.2981,334.3734,2131.3207,47.9747,718.2664,10.9686,Calm,0.5961,Long-haul,Good,4,0.35,2521.65,14919.73,19.3372
2023-09-05,Fish Carrier,Heavy Fuel Oil (HFO),10.7628,1439.6937,1230.8637,51.7816,1325.3298,5.4621,Moderate,0.0612,Long-haul,Good,3,0.7464,4384.04,13095.64,152.8434
2023-09-06,Tanker,Diesel,12.5067,2080.9845,2824.6183,50.5615,1048.0928,7.5782,Calm,0.6677,Long-haul,Needs Maintenance,7,0.872,5577.33,20833.43,186.5834
2023-09-07,Bulk Carrier,Diesel,16.2818,1262.0005,1995.7941,70.5473,3477.891,6.9832,Moderate,0.2948,Short-haul,Good,3,0.7178,5716.4,16174.98,91.487
2023-09-08,Tanker,Heavy Fuel Oil (HFO),20.4623,1566.0199,5683.7631,99.2804,2712.1742,8.8787,Moderate,0.9989,Transoceanic,Good,5,0.35,6655.28,30722.78,91.9075
2023-09-09,Container Ship,Steam Turbine,8.799,1124.0987,6308.1726,71.7105,2466.8688,5.4785,Calm,0.4142,Long-haul,Good,7,0.7466,5662.45,31399.48,137.527
2023-09-10,Container Ship,Diesel,19.5938,1042.4084,1810.7656,71.3,1112.8076,10.1535,Moderate,0.921,Coastal,Good,1,0.4235,3870.76,14870.81,71.7005
2023-09-11,Bulk Carrier,Heavy Fuel Oil (HFO),20.8127,1026.4303,5446.3818,94.8589,2794.5063,4.2394,Moderate,0.3456,Long-haul,Good,5,0.35,5218.31,28572.8,55.4121
2023-09-12,Bulk Carrier,Steam Turbine,19.2103,2061.5901,3428.8534,99.9394,2783.5284,9.0349,Calm,0.7798,Transoceanic,Good,7,0.35,7134.35,23707.78,131.9142
2023-09-13,Fish Carrier,Heavy Fuel Oil (HFO),21.6324,2034.5568,971.5193,60.4334,2279.1343,5.22,Calm,0.117,Short-haul,Needs Maintenance,4,0.35,5959.03,13708.83,115.6471
2023-09-14,Bulk Carrier,Diesel,9.0981,1933.5666,1825.6875,46.0508,902.0505,5.7839,Calm,0.7852,Short-haul,Fair,4,0.9114,5040.9,15985.42,243.5385
2023-09-15,Bulk Carrier,Heavy Fuel Oil (HFO),11.5682,853.4487,5563.8655,98.2273,2967.2403,6.457,Calm,0.3613,Short-haul,Fair,1,0.8506,5720.31,28884.62,88.8883
2023-09-16,Fish Carrier,Heavy Fuel Oil (HFO),15.4248,1563.0288,442.7081,54.3851,3198.8636,9.5483,Calm,0.3841,Coastal,Needs Maintenance,2,0.6456,5907.03,10713.94,124.4426
2023-09-17,Fish Carrier,Steam Turbine,21.1612,1022.3041,1963.7226,79.7574,2614.5355,7.3672,Calm,0.804,Long-haul,Good,7,0.35,4584.94,16074.83,57.6
2023-09-18,Bulk Carrier,Steam Turbine,10.1883,619.7601,5311.3316,97.9875,978.9926,7.5693,Rough,0.9206,Long-haul,Fair,3,0.605,3410.85,28181.19,73.0081
2023-09-19,Container Ship,Heavy Fuel Oil (HFO),15.5914,488.9627,1223.4919,58.3143,1943.0115,4.889,Moderate,0.9417,Coastal,Needs Maintenance,6,0.6223,3083.66,11574.07,44.3586
2023-09-20,Tanker,Steam Turbine,11.7262,1852.2878,3744.0965,93.8989,2308.411,6.1668,Moderate,0.3398,Coastal,Fair,7,0.6862,6121.48,24572.94,196.6842
2023-09-21,Container Ship,Steam Turbine,17.0163,1100.8408,3086.9005,67.9934,1413.0014,8.0052,Moderate,0.9252,Transoceanic,Good,4,0.5318,4281.61,19770.49,74.3638
2023-09-22,Tanker,Diesel,14.093,1061.235,3216.0132,49.4888,1037.3759,5.3281,Calm,0.3648,Transoceanic,Good,4,0.881,3808.17,19196.87,94.454
2023-09-23,Container Ship,Diesel,19.8556,1214.9894,3327.3242,46.4387,1749.3502,8.5682,Calm,0.7337,Transoceanic,Fair,2,0.35,4547.2,19878.17,79.1769
2023-09-24,Fish Carrier,Heavy Fuel Oil (HFO),20.8338,2188.1514,1629.5023,96.9552,855.1343,10.7848,Moderate,0.996,Transoceanic,Needs Maintenance,6,0.35,5224.95,17714.95,113.1773
2023-09-25,Fish Carrier,Diesel,12.5328,877.4246,1175.5824,96.3586,2238.8089,6.4986,Moderate,0.7326,Short-haul,Good,6,0.8624,4017.6,13470.63,94.3413
2023-09-26,Fish Carrier,Steam Turbine,20.6656,801.3257,2386.347,82.7204,1149.5359,10.4998,Calm,0.4701,Long-haul,Good,5,0.35,3614.62,17422.73,51.735
2023-09-27,Fish Carrier,Steam Turbine,18.0434,1320.2442,968.8106,99.0383,2987.3384,4.16,Moderate,0.4097,Transoceanic,Good,4,0.35,5283.9,13291.03,91.4843
2023-09-28,Fish Carrier,Heavy Fuel Oil (HFO),13.045,218.9291,1447.0798,57.3164,2088.0451,9.4665,Moderate,0.6808,Short-haul,Good,3,0.803,2875.62,12083.93,23.036
2023-09-29,Bulk Carrier,Steam Turbine,13.9966,800.7131,3880.9673,54.6763,801.0101,6.7174,Calm,0.074,Long-haul,Needs Maintenance,4,0.6955,3436.11,21527.27,70.622
2023-09-30,Bulk Carrier,Diesel,19.8995,746.5352,3915.8082,61.4808,1197.9799,10.9106,Moderate,0.5742,Long-haul,Good,6,0.35,3694.5,21605.65,47.3886
2023-10-01,Bulk Carrier,Diesel,16.5844,347.7656,2879.3723,47.1685,890.8797,4.7489,Moderate,0.1557,Short-haul,Needs Maintenance,4,0.6797,2728.3,16741.0,30.6106
2023-10-02,Bulk Carrier,Steam Turbine,15.8804,2002.4553,5422.3586,68.7722,1911.5972,8.0577,Calm,0.1542,Long-haul,Fair,5,0.6486,6689.35,29907.11,160.0356
2023-10-03,Tanker,Heavy Fuel Oil (HFO),15.4186,729.8102,4843.0439,79.6455,1608.6101,9.1458,Rough,0.0097,Short-haul,Fair,6,0.6502,4302.1,25841.77,63.2843
2023-10-04,Container Ship,Diesel,19.7801,840.2507,4457.4931,91.3045,2474.3252,8.729,Calm,0.703,Short-haul,Good,2,0.4627,5080.5,24673.64,53.3356
2023-10-05,Tanker,Steam Turbine,9.1096,460.0801,3057.2129,59.1411,2907.6675,6.6848,Rough,0.6166,Short-haul,Fair,1,0.5155,4350.27,18246.31,67.2925
2023-10-06,Tanker,Heavy Fuel Oil (HFO),12.4344,562.8435,1049.8841,49.2621,3208.2874,7.2213,Calm,0.1023,Short-haul,Good,1,0.8633,4163.25,11430.02,55.4008
2023-10-07,Container Ship,Heavy Fuel Oil (HFO),14.1292,2038.6417,2234.1458,49.3421,1286.6373,5.4632,Calm,0.0631,Long-haul,Good,1,0.9129,5571.32,17258.14,164.6419
2023-10-08,Bulk Carrier,Diesel,18.0216,2172.9121,4256.0064,69.8056,1861.588,4.1944,Moderate,0.4997,Coastal,Fair,2,0.5259,6574.74,25302.77,134.428
2023-10-09,Tanker,Diesel,14.735,1430.5984,2462.8222,93.4624,1510.3888,5.2026,Moderate,0.1565,Long-haul,Fair,7,0.7961,4619.89,19226.6,126.0188
2023-10-10,Fish Carrier,Diesel,15.3391,802.7428,2692.5387,95.3552,1576.6585,4.5951,Rough,0.9501,Transoceanic,Good,2,0.6833,4008.23,18220.39,64.8544
2023-10-11,Bulk Carrier,Diesel,8.4556,735.9492,1784.3078,83.9252,2302.0889,6.2958,Moderate,0.967,Coastal,Needs Maintenance,7,0.6631,4034.59,14849.67,113.063
2023-10-12,Fish Carrier,Heavy Fuel Oil (HFO),19.8628,639.0039,965.2774,64.2466,3044.6995,5.184,Rough,0.3096,Transoceanic,Good,7,0.35,4136.0,11150.77,37.7996
2023-10-13,Tanker,Diesel,11.6099,322.377,4401.7847,61.506,2262.6103,9.5212,Moderate,0.3827,Transoceanic,Good,3,0.8483,3790.65,22698.95,34.5711
2023-10-14,Tanker,Diesel,15.6776,1885.5834,3674.3638,94.627,3237.1834,5.953,Moderate,0.1374,Transoceanic,Good,3,0.6654,6986.14,24083.03,151.198
2023-10-15,Bulk Carrier,Steam Turbine,19.468,577.3943,4020.394,67.5889,1405.786,8.322,Calm,0.994,Coastal,Good,1,0.35,3737.76,21725.68,38.9601
2023-10-16,Bulk Carrier,Heavy Fuel Oil (HFO),8.1485,1001.2647,1220.6103,53.4789,3309.2802,8.1718,Rough,0.6506,Coastal,Good,4,0.543,5085.63,12208.85,145.0633
2023-10-17,Bulk Carrier,Heavy Fuel Oil (HFO),19.1515,1008.0811,1174.2603,51.0985,2779.2475,10.164,Moderate,0.0054,Short-haul,Good,4,0.3511,4672.07,11989.58,60.8574
2023-10-18,Bulk Carrier,Steam Turbine,8.6404,998.5261,1430.3804,54.7282,2827.2252,6.0958,Moderate,0.8641,Transoceanic,Good,3,0.5878,4761.9,13125.48,133.7927
2023-10-19,Fish Carrier,Diesel,16.7102,1222.946,1510.8226,88.183,852.278,7.6671,Moderate,0.5762,Long-haul,Fair,2,0.6215,3767.2,15239.16,92.3751
2023-10-20,Tanker,Steam Turbine,17.3964,446.8612,1712.183,50.282,740.7609,7.9155,Moderate,0.0383,Coastal,Good,3,0.4608,2667.3,12492.94,35.4423
2023-10-21,Container Ship,Steam Turbine,14.4075,575.6182,2080.1897,50.8085,1045.0992,7.0668,Calm,0.3788,Transoceanic,Fair,1,0.7515,3106.34,14689.26,54.2367
2023-10-22,Tanker,Steam Turbine,13.0364,2159.7165,5738.7769,79.0356,1197.809,10.1116,Calm,0.3596,Coastal,Good,7,0.8606,6508.94,31290.39,199.8321
2023-10-23,Bulk Carrier,Steam Turbine,19.513,2002.6226,6810.0378,95.3122,2480.798,6.0126,Calm,0.1173,Transoceanic,Fair,1,0.35,7315.27,35210.08,120.6676
2023-10-24,Container Ship,Steam Turbine,18.5905,680.9718,4602.9751,67.7749,2684.9768,8.2645,Moderate,0.8526,Long-haul,Needs Maintenance,6,0.35,4684.47,24797.67,44.3278
2023-10-25,Container Ship,Heavy Fuel Oil (HFO),14.5447,1382.2623,4518.3105,58.342,1435.8531,4.1033,Calm,0.4886,Coastal,Good,5,0.8806,4994.74,24990.52,112.0212
2023-10-26,Bulk Carrier,Heavy Fuel Oil (HFO),9.6558,1408.6863,4269.1596,56.5363,2217.9246,9.4236,Rough,0.5419,Coastal,Fair,2,0.6613,5677.37,24108.33,169.4746
2023-10-27,Fish Carrier,Diesel,10.573,877.9479,731.7899,94.4101,1027.7857,6.3063,Calm,0.2529,Short-haul,Good,1,0.9978,3349.32,12220.04,101.6959
2023-10-28,Fish Carrier,Diesel,16.8914,284.3658,1188.6714,46.2136,2696.9178,9.7737,Calm,0.4926,Coastal,Fair,6,0.623,3396.74,10500.77,28.6564
2023-10-29,Fish Carrier,Heavy Fuel Oil (HFO),18.8036,1092.926,2314.0446,94.1309,2334.9639,7.1365,Moderate,0.5109,Long-haul,Good,7,0.35,4785.25,17949.31,77.9525
2023-10-30,Bulk Carrier,Heavy Fuel Oil (HFO),13.7605,195.2704,1639.9974,71.245,2407.2831,6.0795,Rough,0.0865,Short-haul,Good,6,0.7395,3259.36,13174.94,23.7191
2023-10-31,Tanker,Heavy Fuel Oil (HFO),10.9059,997.7959,7722.1883,98.2801,2640.3544,8.1733,Moderate,0.7922,Long-haul,Good,3,0.8119,5778.2,36509.79,100.4037
2023-11-01,Bulk Carrier,Heavy Fuel Oil (HFO),21.0072,326.357,2633.7129,57.5546,3432.0467,9.3176,Calm,0.1287,Long-haul,Fair,1,0.35,4254.59,16852.06,24.0486
2023-11-02,Container Ship,Diesel,10.0325,156.8988,3000.7272,46.3338,1568.937,9.4235,Moderate,0.5463,Transoceanic,Good,4,0.9157,2791.03,16733.86,19.6101
2023-11-03,Bulk Carrier,Steam Turbine,15.0874,978.7764,4434.2053,99.7561,1241.8897,4.4052,Calm,0.5548,Short-haul,Good,5,0.8138,4342.38,25820.47,83.6658
2023-11-04,Tanker,Diesel,14.9998,1424.8998,2321.2916,50.7372,2277.6417,8.6216,Calm,0.8763,Long-haul,Good,6,0.8274,5216.06,17383.41,108.0808
2023-11-05,Bulk Carrier,Heavy Fuel Oil (HFO),13.2976,1956.8513,3980.2454,93.1384,1146.9618,8.116,Moderate,0.3116,Transoceanic,Good,7,0.8175,5554.78,24955.36,162.3571
2023-11-06,Bulk Carrier,Heavy Fuel Oil (HFO),16.355,429.2439,2793.449,78.2477,723.4866,4.8632,Moderate,0.5576,Coastal,Fair,5,0.635,2934.74,18155.86,32.8572
2023-11-07,Fish Carrier,Heavy Fuel Oil (HFO),8.6234,1821.8438,1277.6982,67.9062,2928.5645,7.7743,Rough,0.9179,Transoceanic,Good,4,0.4752,6319.35,14752.33,266.3419
2023-11-08,Container Ship,Diesel,13.915,1626.973,2826.5195,71.2094,2614.5049,5.558,Moderate,0.0243,Coastal,Good,4,0.9088,6043.09,20194.14,143.8719
2023-11-09,Fish Carrier,Steam Turbine,9.7741,1643.4009,323.923,49.4163,2902.2543,6.2402,Rough,0.5405,Long-haul,Good,6,0.5966,5650.16,10497.34,185.6452
2023-11-10,Fish Carrier,Diesel,17.3612,914.1648,1204.0124,58.8617,1249.9012,4.7785,Rough,0.976,Coastal,Fair,2,0.4134,3630.2,12191.22,61.5951
2023-11-11,Container Ship,Diesel,14.1674,675.9077,2407.3397,69.322,1524.047,10.7937,Moderate,0.1389,Coastal,Needs Maintenance,5,0.8598,3421.19,16077.35,60.8716
2023-11-12,Fish Carrier,Steam Turbine,12.2098,652.4297,1293.1486,76.4905,853.53,7.2426,Calm,0.1353,Short-haul,Fair,6,0.8001,2999.08,13610.56,62.5707
2023-11-13,Fish Carrier,Diesel,20.9382,590.1054,589.6062,52.4227,1268.0883,7.7547,Calm,0.7506,Long-haul,Good,5,0.35,2872.85,9277.94,34.723
2023-11-14,Tanker,Diesel,8.8455,856.8449,3504.532,62.1686,2073.7151,10.4824,Moderate,0.706,Transoceanic,Needs Maintenance,7,0.6641,4349.46,20196.28,107.9236
2023-11-15,Bulk Carrier,Diesel,13.7763,699.274,2560.0334,60.6609,2892.9271,7.966,Moderate,0.8571,Long-haul,Fair,1,0.7931,4312.6,17198.49,56.4123
2023-11-16,Fish Carrier,Heavy Fuel Oil (HFO),11.4807,214.8254,1008.4667,80.9989,3133.7153,9.0903,Calm,0.8622,Short-haul,Needs Maintenance,6,0.7437,3254.31,11450.98,25.5437
2023-11-17,Fish Carrier,Steam Turbine,19.5434,218.6475,564.7331,65.5434,2867.558,6.799,Moderate,0.8866,Transoceanic,Fair,1,0.35,3060.81,9074.61,15.7789
2023-11-18,Bulk Carrier,Diesel,20.78,101.9517,1439.801,53.1232,1983.4704,6.9437,Moderate,0.7891,Coastal,Good,2,0.35,2905.61,11228.54,11.4812
2023-11-19,Fish Carrier,Diesel,20.4427,1511.0135,1040.6035,65.5705,2304.4374,6.4665,Moderate,0.717,Long-haul,Good,5,0.35,5156.81,13488.47,90.5471
2023-11-20,Tanker,Heavy Fuel Oil (HFO),18.1309,1513.522,4796.4311,88.15,3267.3663,9.3389,Moderate,0.0497,Long-haul,Good,7,0.4607,6919.31,27287.71,95.6081
2023-11-21,Container Ship,Steam Turbine,12.1288,1726.5297,4550.9059,61.9995,2601.4947,7.6771,Rough,0.9487,Transoceanic,Fair,4,0.6246,6576.82,25636.78,175.5924
2023-11-22,Tanker,Heavy Fuel Oil (HFO),20.7892,1109.7358,2952.103,87.5455,987.7686,9.5656,Calm,0.4101,Transoceanic,Fair,6,0.35,3861.01,19549.01,59.0378
2023-11-23,Fish Carrier,Diesel,11.4668,896.4676,1315.6905,72.8256,3389.1384,7.2888,Moderate,0.7748,Long-haul,Good,7,0.771,5004.18,13257.7,97.7783
2023-11-24,Fish Carrier,Heavy Fuel Oil (HFO),19.8807,1210.4622,1909.4008,64.2653,1027.5339,5.0317,Moderate,0.7706,Coastal,Good,3,0.35,4103.06,15482.08,71.8261
2023-11-25,Bulk Carrier,Heavy Fuel Oil (HFO),18.2725,1340.9345,4814.8729,86.2235,2536.302,5.8864,Rough,0.3261,Long-haul,Good,1,0.35,5746.29,26254.79,91.2071
2023-11-26,Container Ship,Steam Turbine,10.5548,747.9915,5227.1326,59.4417,2088.2009,7.8754,Calm,0.5836,Coastal,Fair,7,0.7653,4659.67,26422.2,77.4949
2023-11-27,Fish Carrier,Steam Turbine,13.3876,556.357,1054.7787,86.9641,3466.8193,4.91,Moderate,0.3347,Transoceanic,Needs Maintenance,2,0.5344,4326.14,12175.81,50.277
2023-11-28,Tanker,Diesel,20.9445,1147.391,2507.6622,77.3904,1917.0427,9.8403,Moderate,0.3888,Long-haul,Good,7,0.35,4756.72,18413.85,65.0934
2023-11-29,Container Ship,Steam Turbine,20.4641,422.5853,5161.8623,68.0675,3270.2297,4.7326,Rough,0.6033,Transoceanic,Needs Maintenance,5,0.35,4664.37,26282.85,27.868
2023-11-30,Tanker,Diesel,10.7029,530.0353,3083.9218,88.6138,1296.8597,6.0913,Calm,0.4951,Short-haul,Fair,4,0.9694,3171.28,19072.38,58.7569
2023-12-01,Bulk Carrier,Diesel,19.0025,460.2127,4762.5226,93.8293,3000.7171,8.6923,Calm,0.7553,Coastal,Fair,4,0.4369,4615.45,25387.92,27.7326
2023-12-02,Fish Carrier,Diesel,18.998,505.8902,2509.7918,90.9077,1772.6138,8.1866,Moderate,0.1706,Coastal,Fair,5,0.35,3509.08,17892.01,35.3765
2023-12-03,Fish Carrier,Steam Turbine,10.5058,2012.7387,997.2842,93.4974,1157.8524,5.821,Moderate,0.7932,Transoceanic,Fair,5,0.6312,5314.96,14929.58,227.17
2023-12-04,Container Ship,Steam Turbine,16.5219,1799.3459,3737.3359,62.3566,2599.8901,10.7984,Calm,0.7598,Short-haul,Good,6,0.679,6664.55,23393.96,134.2438
2023-12-05,Container Ship,Heavy Fuel Oil (HFO),14.3065,2039.2565,2249.5235,48.2336,2586.9376,10.2699,Calm,0.1561,Coastal,Fair,1,0.8556,6770.01,17769.45,170.8039
2023-12-06,Tanker,Heavy Fuel Oil (HFO),16.1067,675.1665,6266.8354,79.0582,2956.8561,9.0974,Calm,0.6863,Coastal,Good,7,0.7076,5202.95,30510.33,53.1034
2023-12-07,Bulk Carrier,Diesel,12.7903,894.8292,3356.3224,91.0706,1805.467,9.2223,Rough,0.8824,Transoceanic,Fair,6,0.847,4166.37,21077.59,81.2656
2023-12-08,Bulk Carrier,Heavy Fuel Oil (HFO),19.0918,1783.6994,2549.3863,92.9848,2830.1192,5.3007,Calm,0.3106,Short-haul,Fair,4,0.35,6243.35,20145.83,120.7807
2023-12-09,Tanker,Diesel,18.8644,1934.8661,3230.4344,48.8666,3194.6978,6.925,Moderate,0.5788,Coastal,Good,1,0.35,7074.1,21193.54,133.6847
2023-12-10,Bulk Carrier,Heavy Fuel Oil (HFO),9.7046,1368.1914,1526.5413,48.2232,1031.5577,7.2208,Calm,0.8399,Coastal,Good,6,0.8633,4035.81,14305.3,171.247
2023-12-11,Fish Carrier,Heavy Fuel Oil (HFO),15.6931,669.4047,920.1676,96.1587,1313.1662,7.5918,Calm,0.751,Transoceanic,Fair,5,0.7094,2972.44,12405.02,55.4731
2023-12-12,Container Ship,Heavy Fuel Oil (HFO),13.6458,1215.161,3938.1747,58.95,2106.22,10.5717,Moderate,0.2343,Transoceanic,Good,7,0.8386,5112.64,22377.59,108.591
2023-12-13,Fish Carrier,Steam Turbine,21.9196,1889.2542,1368.4051,81.1827,883.7819,6.2927,Rough,0.4461,Coastal,Good,6,0.35,4915.64,15551.16,101.8926
2023-12-14,Container Ship,Heavy Fuel Oil (HFO),16.5278,1842.6991,5187.7138,68.1077,1612.9467,7.9753,Moderate,0.6701,Transoceanic,Good,2,0.6308,5821.87,27970.37,136.0395
2023-12-15,Tanker,Steam Turbine,17.1513,1383.6315,3190.0032,89.3932,2949.3215,4.1843,Calm,0.9027,Long-haul,Good,5,0.4981,5876.56,21665.36,90.0762
2023-12-16,Bulk Carrier,Heavy Fuel Oil (HFO),16.4679,567.7517,3380.1106,99.9812,2669.3044,10.8392,Moderate,0.6222,Coastal,Good,6,0.6822,4522.81,20439.34,42.2145
2023-12-17,Tanker,Steam Turbine,15.3169,1974.332,5358.8568,68.4653,2723.0412,4.6721,Calm,0.4769,Transoceanic,Fair,4,0.5746,7162.37,29989.32,160.0103
2023-12-18,Tanker,Heavy Fuel Oil (HFO),15.2643,2155.1815,2948.1821,80.6143,2056.6768,8.7892,Calm,0.975,Coastal,Good,3,0.7773,6454.73,21636.32,178.6463
2023-12-19,Bulk Carrier,Steam Turbine,12.8657,1272.6106,3591.9411,79.8517,2011.0896,5.8478,Moderate,0.9597,Transoceanic,Good,5,0.7254,5016.92,22450.44,117.0034
2023-12-20,Container Ship,Diesel,8.5306,121.0468,6017.2779,79.252,1074.9005,5.0145,Rough,0.9193,Coastal,Good,4,0.7708,2902.6,28658.53,21.8712
2023-12-21,Container Ship,Diesel,11.6949,1557.662,3360.603,45.2301,1038.0019,8.5357,Moderate,0.3389,Short-haul,Fair,4,0.9424,4731.28,20394.06,162.5604
2023-12-22,Bulk Carrier,Diesel,19.2838,621.6788,4216.5209,56.8639,2085.9204,4.8218,Moderate,0.3196,Short-haul,Needs Maintenance,2,0.35,4092.88,22326.08,43.4954
2023-12-23,Container Ship,Diesel,14.7557,1309.8204,4791.5304,55.8503,1323.5345,4.133,Moderate,0.4203,Short-haul,Fair,3,0.8852,4800.23,25907.0,112.3684
2023-12-24,Fish Carrier,Steam Turbine,20.0109,1236.2132,2036.3168,86.1674,2314.3124,10.071,Calm,0.7492,Short-haul,Good,1,0.35,4693.96,17370.18,72.6473
2023-12-25,Container Ship,Heavy Fuel Oil (HFO),15.5389,1835.482,1319.3107,49.5482,1844.5517,7.2213,Calm,0.8492,Coastal,Good,1,0.7626,5764.45,14693.25,129.2086
2023-12-26,Bulk Carrier,Diesel,20.2418,2068.1437,3412.2135,74.9651,2650.4644,6.95,Moderate,0.7361,Coastal,Fair,1,0.35,7150.42,22864.41,124.5621
2023-12-27,Fish Carrier,Diesel,17.8624,1474.9054,2430.7564,90.5202,1968.1225,9.2343,Moderate,0.845,Coastal,Fair,7,0.504,5012.01,19180.07,104.1059
2023-12-28,Fish Carrier,Diesel,10.1656,454.9677,1902.9491,87.4386,3027.1397,8.7363,Calm,0.8,Short-haul,Needs Maintenance,2,0.7736,3930.79,15150.72,53.7124
2023-12-29,Tanker,Diesel,19.1642,525.078,4124.3823,91.6901,1259.1069,9.0431,Rough,0.6164,Transoceanic,Good,1,0.35,3227.5,23039.96,38.7035
2023-12-30,Bulk Carrier,Heavy Fuel Oil (HFO),17.8154,1769.4844,1122.0505,45.6857,1754.491,6.3314,Moderate,0.9535,Transoceanic,Good,7,0.4069,5357.36,13022.93,122.8553
2023-12-31,Container Ship,Diesel,21.2054,1968.125,2653.4834,48.7724,3176.3083,4.0254,Calm,0.0995,Coastal,Fair,5,0.35,7160.6,19327.81,118.7582
2024-01-01,Container Ship,Heavy Fuel Oil (HFO),17.2728,701.0286,3174.768,87.8764,3053.1567,5.2165,Moderate,0.8589,Short-haul,Needs Maintenance,6,0.4768,4290.91,19258.36,52.8188
2024-01-02,Bulk Carrier,Steam Turbine,11.2611,1973.0055,6024.2658,98.271,1622.4603,9.3995,Moderate,0.5126,Coastal,Fair,7,0.7658,6601.95,32925.92,195.8298
2024-01-03,Bulk Carrier,Diesel,10.3258,292.1418,5110.0342,66.2546,2433.5287,7.0854,Moderate,0.3876,Transoceanic,Good,2,0.851,4054.27,24907.94,32.7447
2024-01-04,Bulk Carrier,Heavy Fuel Oil (HFO),14.915,760.9003,4640.1428,89.655,767.6926,5.5305,Calm,0.857,Long-haul,Fair,1,0.7802,3316.36,25424.78,60.2362
2024-01-05,Bulk Carrier,Steam Turbine,12.8177,303.4141,1676.3883,81.2346,1206.4425,6.267,Rough,0.2255,Coastal,Good,7,0.7207,2578.62,13827.48,29.5348
2024-01-06,Bulk Carrier,Diesel,12.3643,256.9735,6263.0845,83.7484,2984.6906,4.251,Calm,0.4654,Coastal,Fair,2,0.9286,4361.67,29633.52,28.4811
2024-01-07,Bulk Carrier,Steam Turbine,19.7948,529.8643,3927.2971,64.9331,1013.698,6.8157,Moderate,0.1875,Coastal,Good,2,0.35,3337.0,21373.9,36.7794
2024-01-08,Tanker,Diesel,19.3419,2089.9805,4055.4501,69.3722,854.3085,10.0536,Calm,0.5865,Short-haul,Fair,7,0.4926,5722.72,24884.26,134.3528
2024-01-09,Container Ship,Heavy Fuel Oil (HFO),11.344,1283.2765,4325.2304,97.3976,2045.4425,5.4043,Moderate,0.605,Transoceanic,Good,5,0.8424,5454.62,25225.52,136.8411
2024-01-10,Container Ship,Steam Turbine,17.9872,1004.1017,2264.4417,90.6701,749.8163,8.0428,Calm,0.7685,Short-haul,Good,3,0.5999,3488.39,16934.04,72.4615
2024-01-11,Fish Carrier,Heavy Fuel Oil (HFO),8.8212,1154.2095,293.7414,45.1205,1750.8464,6.4364,Rough,0.6,Short-haul,Fair,5,0.5664,4127.44,9448.89,163.9195
2024-01-12,Fish Carrier,Diesel,21.7637,1314.5756,1521.9811,89.1327,1485.5784,4.659,Moderate,0.3915,Short-haul,Good,2,0.35,4600.49,15081.36,77.4598
2024-01-13,Fish Carrier,Diesel,15.531,1661.2921,1153.3341,54.0567,1098.1119,4.0245,Moderate,0.8453,Transoceanic,Good,5,0.705,4602.97,13475.21,116.3176
2024-01-14,Fish Carrier,Heavy Fuel Oil (HFO),12.0806,399.578,1328.9541,77.0124,1925.95,6.068,Calm,0.2179,Short-haul,Good,7,0.8645,2942.29,13160.71,42.1747
2024-01-15,Bulk Carrier,Diesel,18.0646,835.1931,2473.445,52.4377,1957.4197,4.973,Calm,0.2542,Coastal,Needs Maintenance,4,0.4937,4106.0,16320.38,57.9374
2024-01-16,Fish Carrier,Diesel,14.0285,723.9678,820.9226,51.179,865.896,6.9952,Moderate,0.1674,Coastal,Good,3,0.8348,3121.97,10244.91,59.8779
2024-01-17,Bulk Carrier,Diesel,10.6107,492.0899,1290.39,65.3487,2601.1086,4.6735,Calm,0.2473,Coastal,Good,4,0.9088,3652.18,11881.86,59.1182
2024-01-18,Container Ship,Diesel,20.6533,155.2304,5593.8334,77.1773,2524.826,10.8292,Moderate,0.4341,Transoceanic,Fair,1,0.35,3951.19,26810.94,10.4626
2024-01-19,Tanker,Heavy Fuel Oil (HFO),14.4895,1814.8508,2383.1073,64.4145,2785.1009,4.5443,Moderate,0.8669,Transoceanic,Good,3,0.6618,6891.72,18551.28,161.17
2024-01-20,Bulk Carrier,Steam Turbine,9.6773,402.9342,2915.0003,74.0792,3103.3009,6.2563,Moderate,0.3336,Long-haul,Good,1,0.6906,4070.51,17594.42,53.4015
2024-01-21,Tanker,Heavy Fuel Oil (HFO),21.5033,1908.3099,3164.7549,74.1546,1274.4417,8.2331,Moderate,0.9997,Coastal,Good,1,0.35,5396.74,21616.99,98.0488
2024-01-22,Container Ship,Diesel,18.3267,1438.4279,2222.0828,48.5842,3122.1844,4.8611,Calm,0.0174,Short-haul,Good,1,0.597,5969.38,16528.93,102.9576
2024-01-23,Fish Carrier,Heavy Fuel Oil (HFO),17.8933,151.4477,1750.0187,58.5979,1972.8741,7.0379,Calm,0.2073,Short-haul,Good,6,0.5217,2927.13,12939.7,15.8607
2024-01-24,Tanker,Heavy Fuel Oil (HFO),15.8847,478.1185,1838.834,59.5459,1339.4135,9.2923,Moderate,0.1907,Transoceanic,Fair,7,0.5932,3011.61,13806.1,37.8981
2024-01-25,Tanker,Heavy Fuel Oil (HFO),11.7178,1538.9787,4943.886,92.0759,1120.8767,8.0411,Moderate,0.507,Coastal,Needs Maintenance,4,0.7854,4944.4,28070.82,161.2303
2024-01-26,Bulk Carrier,Steam Turbine,11.7524,1917.9658,3135.9477,70.4373,2195.5158,4.4717,Calm,0.97,Coastal,Good,5,0.8282,6411.59,21518.74,207.0011
2024-01-27,Tanker,Steam Turbine,10.0004,361.1039,4358.0417,54.3816,1946.6558,5.7874,Calm,0.5387,Transoceanic,Fair,7,0.6914,3422.33,22984.08,43.8511
2024-01-28,Tanker,Heavy Fuel Oil (HFO),9.368,932.4973,2804.646,80.0398,752.7347,7.8181,Moderate,0.6471,Long-haul,Good,5,0.7462,3650.77,18867.12,115.1569
2024-01-29,Fish Carrier,Heavy Fuel Oil (HFO),20.6276,120.5245,2100.711,94.3385,2123.1152,8.3457,Moderate,0.7511,Coastal,Good,6,0.35,3042.33,14879.63,12.8986
2024-01-30,Tanker,Diesel,8.4758,2072.6252,3660.1947,49.3006,2279.1283,8.8268,Moderate,0.5163,Short-haul,Fair,2,0.7001,6864.8,23167.31,281.6417
2024-01-31,Bulk Carrier,Heavy Fuel Oil (HFO),20.5734,1201.7802,3874.3432,60.7426,1854.7736,8.0644,Calm,0.7254,Long-haul,Good,2,0.35,4783.22,22841.68,70.3934
2024-02-01,Tanker,Steam Turbine,19.3376,1739.9933,2574.7385,76.8802,1722.1222,7.527,Calm,0.2491,Long-haul,Fair,2,0.35,5540.97,19372.2,100.4541
2024-02-02,Container Ship,Diesel,14.6299,1194.3184,1256.3058,45.7904,1147.6197,10.3935,Moderate,0.6857,Coastal,Needs Maintenance,5,0.8259,3934.24,12941.72,100.5512
2024-02-03,Bulk Carrier,Diesel,16.8718,1363.6484,5135.6623,99.7547,2875.8632,10.2493,Moderate,0.9655,Long-haul,Good,7,0.6667,6268.36,28383.11,92.525
2024-02-04,Tanker,Steam Turbine,18.8359,1339.1267,2165.867,69.1269,2470.5501,9.6995,Calm,0.4143,Short-haul,Good,7,0.3729,5196.14,17029.24,92.0531
2024-02-05,Container Ship,Diesel,8.411,1526.262,5187.8287,99.0994,3076.5323,7.9295,Moderate,0.9953,Transoceanic,Good,3,0.7327,6965.21,28814.98,203.8648
2024-02-06,Bulk Carrier,Steam Turbine,15.679,745.8983,3791.7842,98.6338,1892.0398,4.4916,Calm,0.9267,Transoceanic,Good,7,0.6997,3924.63,22332.3,58.7642
2024-02-07,Container Ship,Steam Turbine,17.8826,956.042,3606.5543,61.0478,2654.5064,8.1556,Rough,0.251,Short-haul,Fair,2,0.35,5130.17,20886.92,70.8704
2024-02-08,Container Ship,Heavy Fuel Oil (HFO),9.1987,1907.3296,2340.7805,72.2782,2168.8255,7.94,Moderate,0.688,Short-haul,Good,3,0.8473,6065.64,18428.34,240.0973
2024-02-09,Container Ship,Heavy Fuel Oil (HFO),16.6726,2177.8991,1650.5768,64.3274,3072.2602,7.4757,Calm,0.0622,Long-haul,Good,1,0.6457,7302.3,16687.69,169.7935
2024-02-10,Bulk Carrier,Heavy Fuel Oil (HFO),14.1342,963.1731,4767.9396,72.936,2994.4265,10.6984,Moderate,0.304,Coastal,Needs Maintenance,4,0.6927,5696.23,25434.53,84.8601
2024-02-11,Tanker,Heavy Fuel Oil (HFO),13.7849,1891.7541,1460.106,72.2815,2731.0568,7.5171,Calm,0.6246,Coastal,Good,2,0.8231,6360.73,15491.91,166.1259
2024-02-12,Tanker,Heavy Fuel Oil (HFO),8.5993,1963.4369,3747.3319,73.6785,1294.1273,5.0392,Moderate,0.0712,Long-haul,Good,1,0.693,5512.02,23792.68,276.8478
2024-02-13,Fish Carrier,Heavy Fuel Oil (HFO),16.0114,113.9219,1409.9901,93.3232,2951.4357,10.0304,Moderate,0.66,Short-haul,Good,2,0.6275,3062.03,13208.54,13.5132
2024-02-14,Container Ship,Heavy Fuel Oil (HFO),14.4823,1338.7295,3519.4936,93.3354,1783.7855,8.3386,Calm,0.4515,Short-haul,Good,4,0.9248,5278.03,22348.76,108.6324
2024-02-15,Container Ship,Heavy Fuel Oil (HFO),15.3485,430.5427,4087.3257,67.0141,2732.6173,7.8271,Calm,0.7814,Long-haul,Good,6,0.8028,4089.05,21981.58,36.7059
2024-02-16,Bulk Carrier,Heavy Fuel Oil (HFO),21.7358,2069.1221,3365.9442,66.4688,3241.908,10.1588,Calm,0.8666,Coastal,Good,5,0.35,7523.17,22348.04,119.7866
2024-02-17,Fish Carrier,Heavy Fuel Oil (HFO),9.1867,514.3248,1094.7287,78.5957,785.5538,4.2864,Calm,0.1855,Coastal,Fair,4,0.7854,2616.04,11662.74,70.2339
2024-02-18,Container Ship,Diesel,12.8784,1913.3886,2484.519,51.0038,2905.0037,5.9937,Calm,0.2361,Long-haul,Needs Maintenance,4,0.8049,6860.49,18572.41,191.2579
2024-02-19,Container Ship,Steam Turbine,16.4207,1106.824,4163.0341,69.8353,3449.0558,9.6634,Calm,0.0301,Long-haul,Good,5,0.6312,6057.05,23533.95,78.4799
2024-02-20,Fish Carrier,Heavy Fuel Oil (HFO),16.2321,947.7328,1328.2344,59.8245,2228.5235,6.985,Calm,0.5062,Long-haul,Good,5,0.6042,4500.88,12605.03,72.2441
2024-02-21,Bulk Carrier,Heavy Fuel Oil (HFO),8.5344,1622.1506,3360.0274,59.3227,1480.7448,7.2063,Calm,0.4527,Long-haul,Good,3,0.7832,5363.06,21568.37,215.0477
2024-02-22,Bulk Carrier,Diesel,17.0892,1254.1752,2771.2632,78.7504,2410.6629,10.5211,Moderate,0.3818,Short-haul,Good,1,0.6812,5422.16,19468.81,99.1108
2024-02-23,Bulk Carrier,Steam Turbine,14.7243,100.8913,5133.0314,81.9791,1303.3792,9.6186,Rough,0.6279,Short-haul,Good,3,0.694,3182.73,24926.11,15.4256
2024-02-24,Tanker,Steam Turbine,9.2879,2163.0894,3954.7982,85.2115,2757.4998,9.9559,Moderate,0.4112,Transoceanic,Fair,4,0.6544,7197.21,25256.41,284.5537
2024-02-25,Bulk Carrier,Diesel,17.5878,1391.4415,3949.401,89.5038,1475.0546,7.4056,Calm,0.0303,Transoceanic,Good,3,0.655,5241.41,23838.16,90.4117
2024-02-26,Fish Carrier,Steam Turbine,9.5251,1076.6627,1808.6589,83.5347,3119.3032,8.3102,Moderate,0.8967,Short-haul,Good,5,0.67,5269.68,15722.41,125.2632
2024-02-27,Container Ship,Heavy Fuel Oil (HFO),13.5914,995.2643,1763.3306,93.2105,1226.8024,9.4994,Calm,0.3161,Short-haul,Fair,7,0.9793,3828.55,15629.35,88.9868
2024-02-28,Fish Carrier,Steam Turbine,10.0355,988.6252,1508.2558,69.6986,3268.1151,10.6839,Moderate,0.5706,Short-haul,Fair,7,0.6664,5243.15,14382.24,112.1204
2024-02-29,Container Ship,Diesel,12.4868,926.8503,2548.8094,54.6386,2310.7897,9.8196,Calm,0.7149,Short-haul,Good,3,1.0206,4643.97,17084.55,83.2121
2024-03-01,Fish Carrier,Diesel,17.3571,1440.7252,792.6692,65.32,3200.9916,6.534,Moderate,0.4295,Transoceanic,Fair,1,0.4688,5970.01,11679.93,94.742
2024-03-02,Tanker,Heavy Fuel Oil (HFO),17.4481,259.8648,3099.127,99.2116,3214.9142,4.8017,Moderate,0.3001,Transoceanic,Good,2,0.4459,3867.96,19753.31,25.9952
2024-03-03,Fish Carrier,Diesel,21.7962,1503.5378,442.7843,73.1151,3039.9277,5.7364,Calm,0.9574,Transoceanic,Good,5,0.35,5973.47,11331.61,90.4808
2024-03-04,Bulk Carrier,Heavy Fuel Oil (HFO),18.2933,138.758,2934.3455,47.8485,1668.1489,10.5364,Moderate,0.7688,Coastal,Good,4,0.4868,3068.08,16846.32,11.5137
2024-03-05,Tanker,Diesel,14.3607,1442.2719,2063.5922,74.433,1760.037,5.5953,Calm,0.7638,Short-haul,Fair,7,0.8695,5255.91,16836.5,125.9706
2024-03-06,Bulk Carrier,Diesel,18.2388,542.4792,3879.2864,72.3081,742.2589,9.9638,Moderate,0.6845,Long-haul,Fair,5,0.4807,3138.41,21160.07,33.6184
2024-03-07,Container Ship,Diesel,9.9906,1976.5734,7003.5526,96.0655,3479.5395,9.7327,Moderate,0.8881,Long-haul,Fair,3,0.8231,8083.2,35502.13,245.6568
2024-03-08,Container Ship,Steam Turbine,8.4128,1532.2813,4198.7902,75.082,2186.1135,5.3076,Calm,0.8807,Short-haul,Good,7,0.7833,5755.09,24741.31,198.8741
2024-03-09,Container Ship,Steam Turbine,19.9551,1277.7945,6643.6831,87.1782,2163.3638,6.8295,Calm,0.7935,Long-haul,Good,6,0.35,5507.65,32713.66,80.936
2024-03-10,Tanker,Steam Turbine,14.2651,2072.5169,3113.4777,63.0515,2925.0738,7.8652,Moderate,0.0319,Long-haul,Needs Maintenance,2,0.5952,7504.26,21258.84,157.6023
2024-03-11,Bulk Carrier,Heavy Fuel Oil (HFO),21.7322,537.13,1377.5971,71.4006,2085.8067,8.2971,Calm,0.0414,Coastal,Fair,3,0.35,3431.66,12696.42,33.9948
2024-03-12,Bulk Carrier,Steam Turbine,10.5322,1690.3092,5241.2757,80.6927,2757.9283,8.3287,Moderate,0.6302,Coastal,Good,2,0.7283,6452.27,28061.09,199.6788
2024-03-13,Tanker,Steam Turbine,8.4087,1558.1959,4355.9801,99.3756,2680.2963,7.806,Calm,0.1064,Transoceanic,Good,6,0.7129,6118.22,26292.75,207.6267
2024-03-14,Container Ship,Diesel,21.0885,224.7714,2488.9028,65.7653,2648.0541,5.4756,Calm,0.0377,Long-haul,Needs Maintenance,4,0.35,3300.69,15764.37,15.0236
2024-03-15,Bulk Carrier,Heavy Fuel Oil (HFO),21.8777,902.1681,3042.5799,47.6534,1801.6747,7.0104,Moderate,0.9594,Long-haul,Good,2,0.35,4254.29,18578.42,53.3947
2024-03-16,Bulk Carrier,Diesel,8.3559,1487.4761,4009.5426,84.9528,2534.8465,7.1927,Calm,0.7348,Long-haul,Fair,7,0.7717,6072.48,23952.7,205.6148
2024-03-17,Fish Carrier,Steam Turbine,14.2981,144.7054,1323.6885,85.0527,2473.0456,9.2525,Moderate,0.9213,Transoceanic,Fair,7,0.5787,3068.53,12581.52,18.6318
2024-03-18,Container Ship,Steam Turbine,15.5591,1891.5208,2000.4342,62.3699,1299.2195,5.8519,Moderate,0.212,Transoceanic,Good,3,0.6446,5456.44,17143.7,147.7932
2024-03-19,Bulk Carrier,Diesel,14.5606,808.8578,4079.1537,89.2719,2911.7261,4.6255,Calm,0.4244,Transoceanic,Needs Maintenance,5,0.7628,5068.65,23539.24,70.4745
2024-03-20,Bulk Carrier,Diesel,9.2562,1783.166,1345.3658,46.6052,2846.6808,4.3705,Moderate,0.946,Short-haul,Good,3,0.7403,6441.26,13219.53,231.4387
2024-03-21,Bulk Carrier,Steam Turbine,9.107,449.1589,1969.5949,48.3042,3448.404,8.7699,Rough,0.7788,Transoceanic,Fair,4,0.4774,4361.54,13880.85,62.3918
2024-03-22,Bulk Carrier,Steam Turbine,21.6385,2017.0045,2352.3254,90.5468,1964.4788,4.5088,Rough,0.452,Transoceanic,Needs Maintenance,1,0.35,5964.34,19480.94,120.5289
2024-03-23,Tanker,Steam Turbine,20.4092,834.8275,3344.2488,79.9688,1517.0965,5.3001,Moderate,0.1724,Coastal,Good,4,0.35,4045.41,20344.16,53.1365
2024-03-24,Container Ship,Steam Turbine,16.7708,910.0672,1994.1594,71.4232,3020.3911,4.6989,Moderate,0.6764,Short-haul,Good,1,0.5361,4874.14,15532.23,70.6664
2024-03-25,Tanker,Steam Turbine,18.7469,1404.0685,1974.6266,57.2978,2521.4003,7.4136,Moderate,0.4913,Short-haul,Fair,3,0.35,5285.92,16344.69,93.325
2024-03-26,Fish Carrier,Steam Turbine,18.8888,1724.4811,1857.6349,76.8815,3422.4359,10.3106,Moderate,0.0173,Long-haul,Good,2,0.35,6920.57,17045.57,112.4424
2024-03-27,Tanker,Heavy Fuel Oil (HFO),21.0217,1223.8078,2077.6044,56.0019,2983.8894,5.4338,Calm,0.2497,Long-haul,Good,4,0.35,5436.67,15431.35,76.9809
2024-03-28,Container Ship,Heavy Fuel Oil (HFO),11.6482,1578.0472,1626.1293,60.9627,757.6537,6.8495,Moderate,0.4998,Short-haul,Needs Maintenance,2,0.7881,4212.8,15305.13,161.7854
2024-03-29,Fish Carrier,Steam Turbine,12.6984,983.3119,415.3062,59.5647,2910.9419,6.6434,Moderate,0.4381,Long-haul,Good,2,0.6818,4975.85,10158.14,89.3349
2024-03-30,Tanker,Heavy Fuel Oil (HFO),11.5855,319.0003,5643.4757,70.7186,1655.0127,5.2747,Rough,0.7692,Long-haul,Good,3,0.7401,3518.05,27274.44,36.7843
2024-03-31,Bulk Carrier,Heavy Fuel Oil (HFO),9.0101,319.0554,2434.7451,59.3303,1971.9785,8.9818,Moderate,0.834,Coastal,Good,1,0.7201,3164.28,15490.65,47.0053
2024-04-01,Bulk Carrier,Heavy Fuel Oil (HFO),15.2472,341.5657,3744.4726,72.2471,2864.4699,5.3756,Calm,0.6066,Short-haul,Good,5,0.7983,4140.38,20087.61,31.8164
2024-04-02,Fish Carrier,Diesel,8.2165,496.8966,778.4808,90.6347,1571.929,4.7464,Calm,0.262,Coastal,Good,1,0.8007,2861.87,11153.14,70.7447
2024-04-03,Container Ship,Steam Turbine,19.5964,1163.534,6489.3706,75.8029,3206.4538,4.0574,Moderate,0.0991,Coastal,Fair,4,0.35,6157.43,32083.41,70.795
2024-04-04,Bulk Carrier,Heavy Fuel Oil (HFO),19.6732,109.439,5191.783,95.053,1406.7421,10.385,Calm,0.002,Short-haul,Good,2,0.4504,3133.12,26176.48,12.0449
2024-04-05,Bulk Carrier,Heavy Fuel Oil (HFO),18.6938,784.165,4390.3647,68.143,1601.4662,9.75,Calm,0.64,Coastal,Fair,5,0.4248,4248.06,23679.09,50.6198
2024-04-06,Tanker,Heavy Fuel Oil (HFO),8.1873,117.1142,6640.2685,87.2623,2132.0812,4.0485,Calm,0.2474,Transoceanic,Good,1,0.6982,3855.25,30713.94,21.8359
2024-04-07,Tanker,Steam Turbine,18.5806,500.3297,2093.5003,86.9976,2299.0891,5.1904,Calm,0.1663,Long-haul,Good,7,0.4029,3854.95,15671.03,36.8889
2024-04-08,Bulk Carrier,Heavy Fuel Oil (HFO),17.7555,2148.632,7491.036,94.2123,1972.1603,4.9386,Calm,0.6632,Short-haul,Fair,7,0.5701,7095.24,37722.37,155.201
2024-04-09,Fish Carrier,Steam Turbine,10.3449,1952.2533,1974.2726,71.803,2534.0244,8.3104,Moderate,0.3511,Long-haul,Good,1,0.6688,6440.49,17222.81,202.9978
2024-04-10,Container Ship,Heavy Fuel Oil (HFO),21.5291,1973.6792,3184.3758,89.8823,972.8493,7.0427,Calm,0.6626,Short-haul,Good,1,0.35,5667.15,22767.57,110.6304
2024-04-11,Tanker,Diesel,20.2535,1902.3908,4516.1918,79.4969,1139.1136,4.295,Calm,0.4642,Coastal,Needs Maintenance,7,0.35,5619.64,26379.67,121.5326
2024-04-12,Fish Carrier,Heavy Fuel Oil (HFO),15.8739,1393.5492,1344.3893,73.3847,2200.8955,7.3855,Rough,0.5869,Coastal,Fair,1,0.5346,4898.64,14589.29,98.3415
2024-04-13,Tanker,Heavy Fuel Oil (HFO),14.9055,489.3383,1505.0917,70.1257,757.8566,7.9889,Moderate,0.4977,Coastal,Needs Maintenance,7,0.6542,2560.71,12875.99,42.428
2024-04-14,Fish Carrier,Steam Turbine,21.9224,1999.7457,1335.0036,82.8164,1451.8983,9.7257,Calm,0.7289,Long-haul,Good,1,0.35,5614.38,15813.99,108.8018
2024-04-15,Fish Carrier,Steam Turbine,17.4974,109.8045,1860.5992,94.2951,1955.7231,4.9729,Calm,0.6944,Short-haul,Fair,7,0.5461,2553.05,15102.11,12.8516
2024-04-16,Tanker,Diesel,14.4131,609.9137,2339.4004,69.1708,2574.2168,8.2225,Moderate,0.9447,Transoceanic,Good,1,0.7817,3951.97,16001.27,50.89
2024-04-17,Tanker,Heavy Fuel Oil (HFO),19.4796,1967.6915,1847.1837,87.9542,2278.2796,10.1294,Moderate,0.4567,Coastal,Good,2,0.35,6471.42,17561.5,132.9014
2024-04-18,Container Ship,Steam Turbine,14.2905,1628.1026,2682.0741,66.1296,2213.6981,4.1713,Moderate,0.9565,Transoceanic,Good,7,0.6555,6010.54,18990.99,136.1908
2024-04-19,Tanker,Diesel,12.8077,648.5067,3054.6146,79.1937,1677.5416,8.0948,Calm,0.6354,Coastal,Good,5,0.9489,3726.4,19276.79,60.7946
2024-04-20,Fish Carrier,Heavy Fuel Oil (HFO),10.7416,184.781,433.4456,50.7446,1802.9243,4.8444,Calm,0.5348,Transoceanic,Good,4,0.8034,2465.82,8091.2,24.1389
2024-04-21,Bulk Carrier,Steam Turbine,16.624,1390.5435,3196.0671,45.3195,1002.2448,8.8548,Calm,0.4415,Long-haul,Good,7,0.6498,4499.26,19867.0,103.1828
2024-04-22,Fish Carrier,Steam Turbine,15.2767,1367.591,992.1185,87.331,2016.9207,10.9917,Moderate,0.2055,Coastal,Fair,6,0.638,4977.37,13077.29,111.5814
2024-04-23,Tanker,Diesel,15.3702,1109.0798,2596.9572,48.067,1520.1603,4.5691,Calm,0.6183,Coastal,Fair,6,0.7654,4444.3,17084.81,86.7096
2024-04-24,Bulk Carrier,Steam Turbine,8.907,2184.9393,1013.356,52.6968,2459.0086,9.5986,Moderate,0.7525,Short-haul,Good,3,0.7095,6506.49,13458.39,291.7647
2024-04-25,Fish Carrier,Steam Turbine,13.8206,289.9818,1480.0711,87.9711,2645.7865,5.6924,Rough,0.5815,Coastal,Fair,3,0.5869,3484.86,12383.7,28.9082
2024-04-26,Fish Carrier,Steam Turbine,13.1769,1184.2972,706.5063,49.2658,984.5479,6.6825,Moderate,0.1791,Long-haul,Good,6,0.6799,3757.45,10796.82,107.8176
2024-04-27,Tanker,Diesel,9.3949,638.5142,2431.2454,97.926,708.0599,8.4193,Calm,0.4846,Coastal,Good,2,0.9582,3048.35,18022.85,86.2927
2024-04-28,Bulk Carrier,Diesel,10.9128,1621.5782,3809.6173,89.2581,2559.1151,7.4672,Moderate,0.8115,Transoceanic,Needs Maintenance,3,0.7642,6300.96,23548.12,180.0108
2024-04-29,Container Ship,Heavy Fuel Oil (HFO),17.0947,1503.9542,3499.7486,81.2509,2200.7559,5.1863,Rough,0.0513,Coastal,Good,7,0.4973,5645.63,22546.85,101.2048
2024-04-30,Tanker,Diesel,12.4738,1620.9792,6562.2551,94.2178,3391.3554,10.9539,Rough,0.6128,Short-haul,Good,1,0.8094,7558.41,33404.21,162.9818
2024-05-01,Container Ship,Heavy Fuel Oil (HFO),13.2367,1281.0586,8699.6441,97.2512,1825.1663,7.5638,Calm,0.5901,Transoceanic,Good,1,0.9573,5907.11,40863.92,114.721
2024-05-02,Tanker,Heavy Fuel Oil (HFO),8.5928,1935.8832,6721.9333,91.2501,3240.8313,4.0231,Moderate,0.6237,Transoceanic,Good,6,0.6461,7814.51,34643.24,259.5206
2024-05-03,Tanker,Heavy Fuel Oil (HFO),8.2173,965.986,4616.4945,78.657,3405.9254,4.2724,Calm,0.3977,Transoceanic,Fair,5,0.6332,5485.52,25160.02,152.5817
2024-05-04,Container Ship,Diesel,11.5288,138.1005,6067.8501,90.4639,3087.2143,7.2853,Calm,0.8458,Short-haul,Good,6,1.0294,4127.24,29191.89,18.7083
2024-05-05,Bulk Carrier,Heavy Fuel Oil (HFO),21.6628,423.3712,2885.0432,67.6137,3097.4974,10.803,Rough,0.1206,Long-haul,Fair,1,0.35,4180.97,17987.19,26.1083
2024-05-06,Container Ship,Diesel,11.358,412.1933,4065.8909,55.4875,1953.2526,10.5677,Calm,0.1713,Long-haul,Good,6,1.0205,3600.16,21116.88,42.1852
2024-05-07,Bulk Carrier,Steam Turbine,10.2652,777.6997,3218.1596,77.3611,3203.9595,8.8743,Rough,0.2748,Short-haul,Good,6,0.6512,5244.55,20047.71,91.2012
2024-05-08,Tanker,Heavy Fuel Oil (HFO),8.9676,677.6492,3916.2151,66.5661,3209.1442,5.6624,Moderate,0.0547,Short-haul,Good,4,0.7453,4840.05,21283.53,94.2523
2024-05-09,Tanker,Diesel,16.2278,712.1057,6109.8041,92.5727,1247.3509,9.084,Moderate,0.1823,Long-haul,Good,3,0.7586,4262.84,30531.12,52.7954
2024-05-10,Container Ship,Diesel,19.958,513.266,1210.3015,54.7131,1157.3497,6.365,Calm,0.9944,Long-haul,Needs Maintenance,4,0.35,3041.0,11348.64,38.1416
2024-05-11,Bulk Carrier,Steam Turbine,10.4048,810.6271,1853.6691,66.3329,2590.9827,7.6568,Moderate,0.8241,Short-haul,Good,5,0.8099,4600.48,14508.05,91.478
2024-05-12,Fish Carrier,Diesel,16.5905,497.2605,803.5313,92.2487,2247.8869,9.6872,Calm,0.8848,Long-haul,Fair,7,0.6849,3681.54,10977.33,40.013
2024-05-13,Bulk Carrier,Steam Turbine,18.6742,1316.5421,3096.2857,48.2558,2658.0789,5.2962,Rough,0.8086,Coastal,Good,4,0.35,5556.09,19210.63,78.9374
2024-05-14,Bulk Carrier,Heavy Fuel Oil (HFO),8.9805,1015.0365,4152.4761,60.6821,2713.4675,9.2726,Calm,0.1682,Transoceanic,Fair,5,0.7448,5383.16,22775.88,143.129
2024-05-15,Tanker,Steam Turbine,21.142,2063.8605,4181.2145,65.294,2944.9399,8.6759,Calm,0.2642,Long-haul,Good,6,0.35,7217.35,24583.64,107.1802
2024-05-16,Fish Carrier,Heavy Fuel Oil (HFO),21.6984,399.9529,2427.337,88.2273,3314.0657,9.7918,Moderate,0.9497,Long-haul,Fair,6,0.35,4358.8,16593.52,24.6279
2024-05-17,Fish Carrier,Heavy Fuel Oil (HFO),12.4823,1885.7264,1569.1928,99.37,1535.4403,4.4106,Moderate,0.6658,Long-haul,Good,7,0.8111,5264.5,16901.69,188.7767
2024-05-18,Fish Carrier,Diesel,12.6921,1870.9551,2621.3424,94.129,1722.438,9.0862,Moderate,0.9482,Coastal,Fair,6,0.8655,5714.9,20369.13,171.9228
2024-05-19,Tanker,Heavy Fuel Oil (HFO),14.1364,1414.7446,5639.6439,92.8007,803.6386,10.8787,Calm,0.7371,Transoceanic,Good,4,0.8466,4780.4,29548.88,121.9812
2024-05-20,Bulk Carrier,Diesel,8.1298,922.6305,4126.612,71.5302,2706.0819,8.5704,Calm,0.0255,Short-haul,Good,3,0.7944,4955.64,23276.72,140.7707
2024-05-21,Container Ship,Steam Turbine,10.4218,164.6106,1510.3645,48.1129,1441.7204,4.9106,Calm,0.059,Short-haul,Needs Maintenance,1,0.8116,2588.9,11742.69,22.3519
2024-05-22,Fish Carrier,Heavy Fuel Oil (HFO),18.1912,1178.4844,1109.136,69.468,2967.6012,8.5324,Moderate,0.2673,Long-haul,Good,3,0.35,5186.93,12795.83,73.3739
2024-05-23,Container Ship,Heavy Fuel Oil (HFO),18.8981,1233.7544,7341.3049,84.0144,1187.6647,9.0744,Moderate,0.8461,Long-haul,Good,3,0.4305,5147.39,35492.62,75.4807
2024-05-24,Tanker,Diesel,8.1458,634.9857,2201.8799,51.6817,2656.5434,7.4774,Moderate,0.4993,Transoceanic,Needs Maintenance,1,0.5655,4215.72,14299.04,90.5128
2024-05-25,Fish Carrier,Steam Turbine,15.6831,1017.607,1017.2505,62.4681,3346.7184,9.688,Moderate,0.4075,Short-haul,Needs Maintenance,1,0.479,4969.11,11862.07,84.3889
2024-05-26,Container Ship,Diesel,17.8725,664.6692,4110.7235,54.0607,2712.7781,8.3703,Moderate,0.9415,Coastal,Needs Maintenance,1,0.5175,4625.36,21750.67,51.0429
2024-05-27,Tanker,Heavy Fuel Oil (HFO),20.0899,639.4792,2487.2934,63.1927,823.0664,6.8362,Moderate,0.2606,Short-haul,Fair,2,0.35,3022.13,16161.27,41.6685
2024-05-28,Tanker,Heavy Fuel Oil (HFO),8.5254,247.1471,4629.3086,70.758,2993.7414,5.3232,Rough,0.7359,Coastal,Fair,4,0.4897,4174.83,23516.27,36.1059
2024-05-29,Tanker,Diesel,8.7533,1380.327,4334.2301,57.044,2778.7134,4.6796,Moderate,0.3555,Long-haul,Good,5,0.7162,5890.98,23682.53,176.575
2024-05-30,Tanker,Diesel,8.2261,1037.055,2116.8805,51.4424,1093.1868,8.5109,Moderate,0.8739,Transoceanic,Fair,1,0.6938,3673.67,15447.72,161.8498
2024-05-31,Bulk Carrier,Diesel,16.747,1658.7969,2755.808,94.4002,1305.7895,6.8839,Moderate,0.7745,Coastal,Fair,4,0.6772,5100.42,20824.35,115.3559
2024-06-01,Fish Carrier,Diesel,14.9052,118.0334,876.038,47.0305,3028.1393,4.3407,Calm,0.6084,Transoceanic,Fair,5,0.7059,3394.51,9281.4,13.4641
2024-06-02,Bulk Carrier,Heavy Fuel Oil (HFO),20.9938,754.4217,1186.3429,51.9742,1291.3111,4.4608,Rough,0.0482,Short-haul,Fair,1,0.35,3328.07,11431.75,48.3346
2024-06-03,Bulk Carrier,Heavy Fuel Oil (HFO),15.0665,1658.1483,5439.8262,73.7032,2407.7598,5.6591,Calm,0.8376,Coastal,Fair,1,0.7205,6461.27,29608.83,140.0776
2024-06-04,Tanker,Heavy Fuel Oil (HFO),21.9556,1759.4436,6555.5585,85.5796,994.6046,9.7297,Calm,0.3544,Coastal,Needs Maintenance,6,0.35,5617.03,33538.98,105.2804
2024-06-05,Container Ship,Steam Turbine,8.8244,991.4511,3389.8309,70.959,1728.2259,5.4236,Calm,0.7947,Long-haul,Needs Maintenance,1,0.7015,4332.74,20431.24,140.7184
2024-06-06,Container Ship,Heavy Fuel Oil (HFO),14.4147,194.0062,807.9139,45.1173,708.5659,8.4381,Calm,0.8022,Coastal,Good,1,0.9048,2024.35,9391.28,22.5677
2024-06-07,Tanker,Diesel,12.8649,1579.0174,2285.2219,49.6402,751.7337,10.1603,Moderate,0.2607,Coastal,Good,3,0.9182,4384.82,17062.74,139.8983
2024-06-08,Tanker,Steam Turbine,10.3646,1079.1001,1267.8979,59.7712,2514.9076,10.0004,Calm,0.0376,Long-haul,Good,6,0.751,4821.64,13365.27,123.7387
2024-06-09,Tanker,Heavy Fuel Oil (HFO),17.9021,1334.279,3582.1437,98.7867,2313.1675,5.5205,Moderate,0.192,Long-haul,Needs Maintenance,5,0.35,5485.26,22978.38,86.7328
2024-06-10,Container Ship,Steam Turbine,18.9885,737.8299,6121.8954,87.2538,3231.1921,6.6442,Calm,0.6441,Transoceanic,Good,1,0.35,5309.01,30284.16,52.6956
2024-06-11,Container Ship,Steam Turbine,18.5526,319.8443,2943.7094,45.7166,1499.4304,8.1555,Moderate,0.6423,Short-haul,Good,5,0.437,3021.23,16908.48,24.7946
2024-06-12,Fish Carrier,Diesel,19.3996,1133.0725,1414.0927,49.8743,1758.6643,10.2451,Moderate,0.8737,Long-haul,Good,5,0.35,4204.03,12812.87,76.3473
2024-06-13,Container Ship,Steam Turbine,9.8311,1310.9325,3212.812,79.5374,1541.5211,6.0621,Calm,0.3367,Transoceanic,Good,6,0.8401,4959.42,21299.7,155.8258
2024-06-14,Tanker,Heavy Fuel Oil (HFO),21.9853,717.8482,5870.8252,88.6511,3466.9994,5.2832,Moderate,0.5559,Coastal,Good,2,0.35,5571.09,29417.79,44.0049
2024-06-15,Bulk Carrier,Heavy Fuel Oil (HFO),19.143,1581.4763,2960.8244,48.4163,2690.2033,8.4609,Rough,0.2259,Coastal,Fair,2,0.35,6013.28,19002.6,95.0869
2024-06-16,Fish Carrier,Heavy Fuel Oil (HFO),10.7902,1141.9649,1101.7898,61.9161,3173.9315,4.1654,Calm,0.8028,Coastal,Good,3,0.7794,5382.5,12635.77,122.8968
2024-06-17,Fish Carrier,Steam Turbine,13.9892,1037.566,2126.383,86.2447,2055.6537,10.3546,Calm,0.637,Coastal,Good,7,0.8009,4520.97,17092.66,88.2917
2024-06-18,Bulk Carrier,Heavy Fuel Oil (HFO),9.1835,848.2055,4326.0216,62.3794,1864.0812,4.4507,Calm,0.2753,Short-haul,Good,7,0.9158,4542.58,23293.71,117.8026
2024-06-19,Container Ship,Heavy Fuel Oil (HFO),15.3849,1560.3129,4712.1019,66.2753,1429.2104,10.3869,Calm,0.0295,Short-haul,Good,4,0.8882,5129.42,26205.35,122.4069
2024-06-20,Container Ship,Heavy Fuel Oil (HFO),17.476,2047.1568,3778.1789,79.4229,3399.8269,7.3171,Calm,0.4785,Long-haul,Needs Maintenance,3,0.5003,7507.18,25178.2,131.9102
2024-06-21,Bulk Carrier,Heavy Fuel Oil (HFO),17.2217,113.6696,2303.3645,88.8699,2505.6317,7.0208,Calm,0.3418,Long-haul,Good,5,0.6142,3413.95,15389.6,11.8932
2024-06-22,Fish Carrier,Steam Turbine,12.2693,1431.1797,1280.3775,64.8687,1702.4864,5.658,Moderate,0.6567,Coastal,Good,6,0.75,4923.81,13947.55,147.4753
2024-06-23,Tanker,Diesel,13.5681,1159.0871,6426.2523,91.9782,731.28,10.6141,Calm,0.7286,Short-haul,Good,4,0.9811,4660.77,32844.82,107.0733
2024-06-24,Fish Carrier,Steam Turbine,20.2642,1715.5512,1682.7814,57.3591,1068.0706,8.081,Calm,0.6892,Transoceanic,Good,4,0.35,4717.67,15702.11,107.5473
2024-06-25,Container Ship,Heavy Fuel Oil (HFO),15.4986,115.5577,4306.73,79.531,2691.4873,7.9058,Calm,0.6218,Short-haul,Fair,5,0.7881,3516.47,22736.84,16.1978
2024-06-26,Container Ship,Heavy Fuel Oil (HFO),12.9133,1254.7285,4976.3602,67.365,3048.91,6.8256,Calm,0.065,Transoceanic,Good,4,0.8691,6164.6,26351.93,113.7306
2024-06-27,Tanker,Diesel,21.739,2002.1883,4117.844,87.6129,1036.8063,5.1873,Calm,0.7467,Coastal,Fair,6,0.35,5770.96,25544.77,111.7979
2024-06-28,Tanker,Diesel,10.5222,1075.3297,4214.5262,80.8739,3191.3612,7.8643,Rough,0.44,Coastal,Good,6,0.7248,5533.8,24166.6,120.9778
2023-01-01,Fish Carrier,Heavy Fuel Oil (HFO),13.1884,462.3209,2031.6533,99.8663,2898.4133,5.3238,Moderate,0.7585,Short-haul,Good,2,0.7789,3898.79,15811.31,41.9708
2023-01-02,Bulk Carrier,Diesel,10.5997,479.5378,1106.6865,50.0643,2390.2507,4.0135,Calm,0.8228,Short-haul,Good,4,0.9663,3759.29,10925.16,57.5497
2023-01-03,Bulk Carrier,Diesel,12.1683,611.9562,2997.5608,99.3246,3094.6992,10.727,Calm,0.2448,Transoceanic,Needs Maintenance,6,0.8986,4460.21,19686.43,69.4198
2023-01-04,Fish Carrier,Heavy Fuel Oil (HFO),19.9815,244.9211,1341.1232,91.8831,1957.2102,4.2959,Moderate,0.0953,Transoceanic,Good,7,0.35,2696.57,12751.8,18.2094
2023-01-05,Fish Carrier,Steam Turbine,11.7205,2037.8199,2232.6006,88.2081,3149.414,8.3125,Calm,0.5156,Coastal,Good,7,0.8144,7138.3,18688.4,203.3783
2023-01-06,Fish Carrier,Steam Turbine,13.6533,2104.7233,2024.9291,76.0495,2474.5258,6.639,Calm,0.7097,Coastal,Good,1,0.7293,6579.39,17955.52,177.5392
2023-01-07,Container Ship,Diesel,11.677,546.2049,4486.1662,71.5823,3219.0571,4.4183,Calm,0.579,Long-haul,Good,2,0.9468,4805.08,24046.86,53.0554
2023-01-08,Container Ship,Steam Turbine,20.4428,1740.1121,4060.5714,61.3937,3455.9296,4.5504,Moderate,0.5588,Coastal,Good,7,0.35,7139.56,24044.28,96.1825
2023-01-09,Container Ship,Diesel,21.6139,1532.5214,6716.0505,83.5406,1261.5879,9.7408,Calm,0.9027,Coastal,Good,2,0.35,5461.32,33735.01,92.397
2023-01-10,Bulk Carrier,Diesel,12.6532,1425.852,4168.1084,71.0687,2759.139,4.7543,Rough,0.3789,Short-haul,Good,5,0.8136,6126.32,23976.97,138.619
2023-01-11,Fish Carrier,Diesel,17.791,370.5481,2355.223,79.8963,2901.2934,4.1754,Moderate,0.57,Transoceanic,Good,1,0.5115,3617.45,16303.61,28.7401
2023-01-12,Container Ship,Steam Turbine,16.5185,864.2293,1719.3043,56.4166,864.6999,9.9518,Calm,0.4141,Transoceanic,Good,1,0.7027,3451.4,13231.46,62.8318
2023-01-13,Bulk Carrier,Heavy Fuel Oil (HFO),18.4303,2046.8396,4833.3475,80.5775,2627.6184,10.7826,Calm,0.0174,Short-haul,Needs Maintenance,7,0.428,7379.4,27479.15,122.0422
2023-01-14,Fish Carrier,Heavy Fuel Oil (HFO),15.9824,541.6688,1316.5844,94.0948,2818.8133,8.7055,Rough,0.7817,Coastal,Fair,1,0.4986,4002.67,13568.25,41.9734
2023-01-15,Bulk Carrier,Steam Turbine,19.4005,940.7923,2426.0639,53.5345,3450.4057,10.3971,Calm,0.3323,Coastal,Fair,5,0.35,5220.31,16492.6,61.6643
2023-01-16,Fish Carrier,Diesel,15.2069,1486.6624,2224.9747,90.5642,1608.4808,7.5975,Moderate,0.1999,Coastal,Needs Maintenance,6,0.6949,4936.94,18194.51,123.928
2023-01-17,Tanker,Heavy Fuel Oil (HFO),13.1551,1258.7325,3026.0065,56.2889,872.3399,5.7641,Calm,0.4588,Coastal,Good,5,0.8921,4196.89,19072.06,125.4644
2023-01-18,Fish Carrier,Diesel,11.3986,1873.4475,409.4941,60.1882,2995.3035,6.1309,Calm,0.6572,Coastal,Good,6,0.9029,6450.44,11559.23,208.3209
2023-01-19,Fish Carrier,Steam Turbine,16.1573,1524.6075,635.1667,53.0359,3057.2309,7.0195,Rough,0.2716,Coastal,Fair,1,0.4357,5743.8,11283.74,118.7545
2023-01-20,Tanker,Diesel,17.2588,354.4306,2454.0305,51.0876,3177.5001,6.1553,Calm,0.9695,Coastal,Fair,2,0.5259,3851.58,15224.53,28.8124
2023-01-21,Container Ship,Steam Turbine,13.4321,1754.5621,5279.5455,91.4925,868.974,4.5391,Calm,0.1647,Coastal,Good,2,0.9375,5540.51,29463.3,145.086
2023-01-22,Fish Carrier,Steam Turbine,10.6146,1251.5398,535.5705,50.4692,1374.3657,5.9709,Rough,0.8909,Transoceanic,Needs Maintenance,2,0.4821,3842.17,10430.69,144.8493
2023-01-23,Bulk Carrier,Heavy Fuel Oil (HFO),16.5923,115.5573,5242.8937,80.2593,1920.7809,5.62,Rough,0.1524,Coastal,Good,4,0.5423,3398.48,25140.1,13.2308
2023-01-24,Bulk Carrier,Diesel,20.829,2017.8078,5514.3512,86.2268,935.414,6.377,Moderate,0.0911,Short-haul,Good,3,0.35,5837.73,30274.31,119.5162
2023-01-25,Tanker,Heavy Fuel Oil (HFO),9.3444,516.3221,4112.6225,80.371,1180.3971,7.7432,Calm,0.6632,Short-haul,Good,1,0.889,3272.39,22758.74,69.8831
2023-01-26,Bulk Carrier,Steam Turbine,12.3732,804.7703,2953.8738,61.0055,3384.6549,10.0435,Moderate,0.1372,Short-haul,Good,3,0.7858,5219.18,18259.84,74.5604
2023-01-27,Bulk Carrier,Diesel,8.9228,991.0154,4964.8418,71.2971,2598.0878,8.7387,Calm,0.9645,Coastal,Good,3,0.8283,5577.66,25819.1,122.4856
2023-01-28,Container Ship,Heavy Fuel Oil (HFO),13.593,2063.5666,4929.1478,83.2707,1684.3033,8.703,Calm,0.436,Short-haul,Good,7,0.9846,6254.5,28862.1,171.0655
2023-01-29,Tanker,Heavy Fuel Oil (HFO),17.8081,1583.7483,5650.1388,69.3591,3250.0644,8.3117,Moderate,0.2827,Transoceanic,Good,3,0.461,7101.93,29660.21,102.8201
2023-01-30,Tanker,Diesel,17.7957,2057.0648,2522.6258,87.0177,939.9964,6.1317,Moderate,0.2122,Long-haul,Good,4,0.5717,5201.89,20205.51,149.7641
2023-01-31,Tanker,Heavy Fuel Oil (HFO),8.5554,340.3979,2021.7324,48.7368,1007.8395,6.5905,Moderate,0.5452,Transoceanic,Good,4,0.6772,2789.46,13768.79,54.0146
2023-02-01,Tanker,Diesel,13.6449,473.2696,4060.4958,60.7084,1753.7155,8.0653,Calm,0.2065,Short-haul,Good,1,0.9741,3551.33,21600.57,46.825
2023-02-02,Bulk Carrier,Steam Turbine,14.4333,237.5037,4524.0307,61.8745,837.4299,5.093,Moderate,0.4873,Short-haul,Fair,3,0.714,2635.82,22975.93,21.6785
2023-02-03,Container Ship,Heavy Fuel Oil (HFO),15.5423,934.2043,3364.9729,67.3915,2173.0301,9.1788,Calm,0.7168,Coastal,Good,6,0.865,4418.65,20408.14,72.7024
2023-02-04,Tanker,Steam Turbine,14.4794,593.6194,5585.9123,90.6242,3230.1269,4.7319,Moderate,0.4154,Short-haul,Fair,3,0.6534,5040.54,27866.74,48.8098
2023-02-05,Fish Carrier,Heavy Fuel Oil (HFO),8.4186,1066.5926,2491.3192,90.7833,2466.5554,6.613,Moderate,0.9687,Transoceanic,Fair,1,0.5325,4979.53,18806.25,160.5688
2023-02-06,Fish Carrier,Diesel,16.2285,327.7305,757.9311,51.9948,846.3453,6.5622,Calm,0.7881,Long-haul,Needs Maintenance,6,0.6663,2552.11,9376.17,26.4419
2023-02-07,Fish Carrier,Diesel,10.1798,1946.2532,854.3616,88.0159,766.2788,4.8903,Rough,0.2752,Transoceanic,Good,1,0.7337,4585.99,14259.19,224.1728
2023-02-08,Tanker,Heavy Fuel Oil (HFO),20.2658,324.393,4545.8132,97.2828,1929.539,6.6175,Calm,0.0549,Coastal,Needs Maintenance,2,0.35,3605.4,24232.36,23.2144
2023-02-09,Container Ship,Diesel,12.8632,933.6181,8249.5424,98.9514,3262.765,7.6389,Calm,0.2725,Coastal,Good,3,0.9391,6140.56,38403.47,82.4287
2023-02-10,Bulk Carrier,Steam Turbine,17.4837,169.6934,5178.759,97.1204,1853.3827,5.7147,Calm,0.1865,Coastal,Fair,7,0.5137,3612.36,26058.61,15.6931
2023-02-11,Container Ship,Steam Turbine,12.951,269.2916,3507.8313,46.8043,3015.0641,10.3146,Calm,0.217,Short-haul,Good,7,0.8651,3901.34,18948.07,32.2712
2023-02-12,Tanker,Heavy Fuel Oil (HFO),15.9298,1641.132,2269.5381,49.5123,2866.5082,10.8914,Moderate,0.691,Short-haul,Needs Maintenance,4,0.5415,6028.16,17159.79,135.2936
2023-02-13,Bulk Carrier,Diesel,12.901,1542.7834,5295.5345,98.0779,1114.2485,7.2582,Calm,0.3354,Long-haul,Good,3,0.9698,5398.17,29325.82,137.5642
2023-02-14,Container Ship,Heavy Fuel Oil (HFO),13.7367,685.3539,7225.5026,84.8179,1726.0038,8.417,Calm,0.1298,Transoceanic,Good,5,0.9268,4806.74,34443.25,60.4168
2023-02-15,Tanker,Diesel,17.3715,253.0069,5589.6604,80.7057,1726.8809,6.0563,Moderate,0.587,Coastal,Good,1,0.6387,3275.12,27384.47,21.0906
2023-02-16,Container Ship,Steam Turbine,8.4604,122.2818,5138.7779,69.8107,1223.1638,9.2711,Moderate,0.397,Transoceanic,Needs Maintenance,3,0.631,2569.61,24526.76,19.571
2023-02-17,Fish Carrier,Diesel,12.4832,925.1293,1084.0258,48.9205,1023.0038,9.6996,Calm,0.5087,Coastal,Needs Maintenance,1,0.8542,3473.19,11962.16,86.096
2023-02-18,Bulk Carrier,Heavy Fuel Oil (HFO),9.8304,1880.9816,1859.5157,69.3694,2913.8009,7.3488,Moderate,0.9289,Long-haul,Fair,1,0.6554,6601.96,16787.16,222.414
2023-02-19,Fish Carrier,Steam Turbine,8.1969,1329.1443,1090.6558,85.3193,2947.3996,7.3033,Rough,0.2181,Long-haul,Good,7,0.5416,5402.63,13553.45,194.9807
2023-02-20,Tanker,Heavy Fuel Oil (HFO),8.3303,2083.5765,1112.1396,47.7204,2972.3861,7.3918,Moderate,0.3646,Transoceanic,Fair,5,0.5539,7027.84,14105.38,307.0405
2023-02-21,Bulk Carrier,Diesel,11.7081,1532.6514,2841.4944,90.5308,1337.4746,5.228,Rough,0.1439,Transoceanic,Fair,4,0.7595,4680.47,19948.71,169.5732
2023-02-22,Fish Carrier,Heavy Fuel Oil (HFO),9.7635,617.3934,1519.5526,98.1288,1299.9454,9.264,Calm,0.0298,Transoceanic,Fair,4,0.8352,3470.0,14560.8,75.4306
2023-02-23,Bulk Carrier,Steam Turbine,17.3071,153.4562,5730.192,84.8107,1435.7656,8.3748,Rough,0.2311,Transoceanic,Needs Maintenance,6,0.35,3254.09,28052.98,12.5034
2023-02-24,Container Ship,Diesel,14.8394,1774.2454,3644.5383,53.1237,2941.297,10.9767,Moderate,0.2381,Short-haul,Good,3,0.8938,6761.4,22341.72,145.8024
2023-02-25,Tanker,Heavy Fuel Oil (HFO),13.5248,1811.1073,3028.8238,54.542,3385.5419,9.8327,Calm,0.7833,Coastal,Fair,1,0.7526,6848.06,20484.69,152.1104
2023-02-26,Fish Carrier,Heavy Fuel Oil (HFO),13.6855,1662.1288,1462.9969,49.7144,3255.1873,4.9423,Calm,0.0038,Long-haul,Fair,2,0.7291,6575.75,14327.43,144.2085
2023-02-27,Fish Carrier,Diesel,17.7308,1901.217,703.335,93.5233,3136.3214,8.5416,Moderate,0.3607,Long-haul,Good,5,0.5325,6943.85,14000.94,132.3687
2023-02-28,Tanker,Heavy Fuel Oil (HFO),10.573,514.3543,4586.6522,64.1103,991.5949,6.0252,Moderate,0.4503,Transoceanic,Good,1,0.7668,3268.47,23682.35,65.5383
2023-03-01,Tanker,Diesel,14.5713,670.312,6241.4856,82.385,1067.3312,8.52,Calm,0.8101,Coastal,Good,7,0.9371,4021.47,30413.14,58.6114
2023-03-02,Bulk Carrier,Diesel,12.5733,165.6355,1823.4726,62.981,2117.1268,5.4405,Calm,0.1683,Long-haul,Good,1,0.9605,2997.02,13640.79,19.7073
2023-03-03,Tanker,Steam Turbine,8.9161,1022.9414,2419.2912,99.9997,1344.6534,9.6449,Calm,0.7597,Short-haul,Needs Maintenance,3,0.7183,3940.04,18489.75,133.2157
2023-03-04,Container Ship,Diesel,9.5085,1781.7058,5841.7945,66.8933,2210.3308,7.9873,Rough,0.645,Long-haul,Good,6,0.7893,6810.32,30240.14,225.5651
2023-03-05,Tanker,Diesel,17.6137,309.9564,2612.0135,54.6797,3336.0066,8.1785,Moderate,0.1955,Transoceanic,Good,3,0.4782,4040.95,16283.99,25.9894
2023-03-06,Tanker,Diesel,12.071,910.6626,2167.6651,57.4584,2609.4671,7.3887,Moderate,0.6682,Transoceanic,Good,6,0.8167,4528.23,15735.42,85.3834
2023-03-07,Fish Carrier,Diesel,19.0521,1812.1339,1913.6429,87.3287,1093.1949,8.1586,Moderate,0.4463,Long-haul,Good,2,0.3976,4893.7,17454.54,119.7541
2023-03-08,Container Ship,Diesel,20.4442,1259.1033,3273.8629,66.182,1421.971,10.752,Moderate,0.0143,Coastal,Fair,7,0.35,4465.58,20544.37,70.62
2023-03-09,Fish Carrier,Heavy Fuel Oil (HFO),9.4393,335.6085,1125.2501,47.6875,2388.416,7.2624,Moderate,0.8454,Short-haul,Good,4,0.7118,3132.11,10908.28,43.7977
2023-03-10,Bulk Carrier,Steam Turbine,21.0725,1680.0594,3204.4034,56.9938,1624.2496,6.2549,Calm,0.5071,Short-haul,Good,5,0.35,5500.06,21080.04,92.771
2023-03-11,Container Ship,Heavy Fuel Oil (HFO),17.5638,866.005,5433.7896,67.5111,2134.2899,7.5827,Calm,0.3918,Short-haul,Good,7,0.6573,4732.43,27813.92,61.1438
2023-03-12,Fish Carrier,Diesel,13.6734,1155.4389,574.2794,65.4003,1294.1086,8.4584,Moderate,0.597,Transoceanic,Good,3,0.8109,3938.07,11302.99,97.4954
2023-03-13,Fish Carrier,Steam Turbine,15.5337,594.4907,1733.5242,73.628,1610.7587,8.3951,Moderate,0.1214,Long-haul,Fair,5,0.6045,3127.31,13772.74,48.7457
2023-03-14,Bulk Carrier,Heavy Fuel Oil (HFO),20.7494,848.0684,2622.0079,70.4436,1790.2531,6.179,Rough,0.1426,Coastal,Good,3,0.35,4072.95,17910.99,49.7682
2023-03-15,Tanker,Steam Turbine,11.5208,1069.9554,1625.203,69.9027,3400.8421,10.1707,Moderate,0.5703,Coastal,Good,5,0.762,5284.96,14247.66,109.0501
2023-03-16,Tanker,Steam Turbine,11.9612,1124.0979,3661.7002,50.64,2733.8919,5.9036,Moderate,0.7121,Coastal,Fair,1,0.6361,5398.56,20635.83,112.1053
2023-03-17,Bulk Carrier,Steam Turbine,16.192,847.3823,1803.5749,82.0943,3068.3598,5.2354,Calm,0.5722,Coastal,Good,6,0.6137,4908.98,15456.62,62.8074
2023-03-18,Container Ship,Steam Turbine,20.8136,824.3573,2283.1697,60.5954,3009.1421,5.6232,Moderate,0.2107,Short-haul,Fair,2,0.35,4503.71,16545.67,53.3577
2023-03-19,Fish Carrier,Diesel,12.0734,519.6436,555.3839,68.2231,837.2988,8.6328,Moderate,0.7899,Coastal,Good,6,0.8573,2465.61,9668.27,56.1533
2023-03-20,Container Ship,Heavy Fuel Oil (HFO),17.5599,1652.5034,1758.1748,57.8547,2802.6367,8.4134,Rough,0.9571,Coastal,Needs Maintenance,6,0.3927,5777.95,16127.0,107.22
2023-03-21,Container Ship,Diesel,17.3121,1294.8519,1674.968,79.9122,2158.8759,8.7261,Moderate,0.6614,Coastal,Fair,7,0.7052,4999.32,15415.16,85.7568
2023-03-22,Container Ship,Steam Turbine,17.5189,2010.6521,1840.4632,69.7352,3171.7063,5.6784,Moderate,0.3577,Transoceanic,Needs Maintenance,3,0.3515,7101.25,17094.39,128.0371
2023-03-23,Tanker,Steam Turbine,21.7164,1572.9553,2931.3004,83.6315,3409.9587,5.0072,Calm,0.2255,Transoceanic,Good,4,0.35,6608.29,20560.44,90.971
2023-03-24,Bulk Carrier,Steam Turbine,13.113,1106.4407,3858.9519,76.6975,2489.6583,10.5821,Moderate,0.8318,Long-haul,Fair,1,0.6835,5386.25,22359.45,95.6964
2023-03-25,Fish Carrier,Diesel,8.7345,473.8106,1007.1605,54.4198,3395.9682,6.5354,Rough,0.3451,Short-haul,Good,3,0.6208,4493.27,10789.51,67.1396
2023-03-26,Fish Carrier,Steam Turbine,12.3406,1348.7309,1335.9382,90.2996,2238.2285,10.7941,Calm,0.0139,Short-haul,Good,2,0.8705,4930.03,14569.12,135.2634
2023-03-27,Container Ship,Heavy Fuel Oil (HFO),8.3648,2168.3206,5384.6033,80.1947,1067.4737,9.3336,Moderate,0.0548,Long-haul,Good,2,0.8281,5945.8,30171.22,326.6018
2023-03-28,Tanker,Heavy Fuel Oil (HFO),11.0045,217.2615,6503.473,81.0378,1292.3534,8.9136,Rough,0.7968,Coastal,Good,2,0.7448,3564.48,30356.62,29.4399
2023-03-29,Container Ship,Heavy Fuel Oil (HFO),10.9106,736.0792,6704.607,97.083,3393.4765,10.5571,Calm,0.3978,Long-haul,Good,1,0.9168,5800.76,32583.12,81.6907
2023-03-30,Bulk Carrier,Steam Turbine,9.0512,726.9583,3513.3593,86.5408,2830.3624,10.3498,Rough,0.9791,Short-haul,Fair,2,0.5697,4842.28,20500.55,94.0727
2023-03-31,Tanker,Heavy Fuel Oil (HFO),12.5256,1142.9901,7353.8424,96.7584,846.3195,7.2477,Calm,0.7297,Short-haul,Fair,5,0.8843,4698.73,35799.62,107.0427
2023-04-01,Bulk Carrier,Heavy Fuel Oil (HFO),14.3892,751.8539,1827.5887,64.641,3074.6181,7.8182,Moderate,0.7852,Short-haul,Good,3,0.7324,4477.21,14237.7,62.6462
2023-04-02,Container Ship,Steam Turbine,9.9911,1075.8405,5917.7418,78.7999,1205.4426,5.2235,Calm,0.1844,Short-haul,Good,7,0.9322,4755.08,30398.55,135.9493
2023-04-03,Fish Carrier,Heavy Fuel Oil (HFO),20.3039,382.2715,2690.2289,92.9201,2132.1858,5.8449,Moderate,0.853,Transoceanic,Needs Maintenance,6,0.35,3636.03,17719.13,25.8485
2023-04-04,Container Ship,Steam Turbine,16.8489,1917.9501,7270.4747,90.9792,2611.0261,9.9033,Rough,0.0665,Short-haul,Good,5,0.5815,7571.71,36380.57,135.098
2023-04-05,Fish Carrier,Diesel,12.5037,372.474,619.1474,81.7052,2811.3797,7.2026,Calm,0.7661,Transoceanic,Fair,1,0.8695,3688.47,10425.72,37.06
2023-04-06,Bulk Carrier,Diesel,21.9341,776.6767,6106.0187,94.4929,3394.01,4.4312,Calm,0.8469,Coastal,Good,3,0.35,5532.6,30547.3,45.7517
2023-04-07,Fish Carrier,Heavy Fuel Oil (HFO),8.2307,729.3441,957.096,73.252,2226.9615,10.4835,Moderate,0.4071,Short-haul,Good,3,0.6452,3740.51,11503.02,105.7853
2023-04-08,Fish Carrier,Diesel,16.0327,1061.8159,2719.4034,92.0173,3019.5173,8.0548,Calm,0.3791,Coastal,Fair,1,0.7559,5504.35,19395.6,88.7028
2023-04-09,Fish Carrier,Diesel,10.4057,1238.1478,1493.6346,98.8046,2897.5188,8.1158,Calm,0.3645,Short-haul,Fair,2,0.8442,5358.06,15771.09,146.9308
2023-04-10,Tanker,Steam Turbine,13.4413,1512.9224,1576.0854,73.8045,1198.6816,6.973,Moderate,0.0194,Coastal,Fair,2,0.6981,4605.32,15398.58,138.3306
2023-04-11,Fish Carrier,Heavy Fuel Oil (HFO),12.6806,1740.3444,785.8679,64.0349,2477.3549,6.9619,Rough,0.2045,Transoceanic,Good,3,0.623,5713.69,13043.62,169.4553
2023-04-12,Tanker,Steam Turbine,15.2221,1422.7501,1603.3499,57.6763,2929.8414,8.2707,Moderate,0.8774,Coastal,Good,2,0.6324,5728.37,14931.14,104.5987
2023-04-13,Tanker,Diesel,15.0451,1720.9481,5472.6011,78.8956,814.6189,7.5887,Moderate,0.0686,Coastal,Good,6,0.8518,5222.81,29901.17,126.3055
2023-04-14,Fish Carrier,Heavy Fuel Oil (HFO),9.571,1130.6978,645.2578,77.2371,2032.2706,9.6219,Moderate,0.0344,Long-haul,Fair,3,0.7489,4248.63,11849.35,153.0315
2023-04-15,Bulk Carrier,Diesel,10.2969,677.4862,1946.2199,80.9413,3349.702,5.562,Moderate,0.6268,Long-haul,Good,1,0.807,4855.72,15466.0,76.2586
2023-04-16,Bulk Carrier,Heavy Fuel Oil (HFO),12.6493,1794.378,1213.3313,51.337,1843.8162,5.143,Moderate,0.1623,Transoceanic,Good,1,0.8278,5649.75,14395.98,170.7786
2023-04-17,Tanker,Steam Turbine,13.6566,270.7997,2232.7617,47.3956,1083.3302,4.7404,Calm,0.1327,Short-haul,Needs Maintenance,1,0.6973,2689.91,14283.02,26.0246
2023-04-18,Container Ship,Heavy Fuel Oil (HFO),17.7456,1966.1348,3713.6357,59.0958,2396.0768,7.7924,Calm,0.6887,Long-haul,Good,7,0.5635,6775.43,23390.93,131.3494
2023-04-19,Fish Carrier,Steam Turbine,17.3604,1615.0962,856.7456,91.3453,2544.3971,9.3448,Rough,0.2888,Short-haul,Good,3,0.4177,5506.25,13762.95,102.6675
2023-04-20,Fish Carrier,Steam Turbine,12.5579,1933.2901,1404.7861,62.0204,891.0181,6.0469,Calm,0.3182,Short-haul,Fair,3,0.7821,4915.15,14696.87,173.1175
2023-04-21,Tanker,Heavy Fuel Oil (HFO),16.5453,1979.6425,3013.0087,53.5391,1365.2674,8.1717,Calm,0.2238,Coastal,Fair,4,0.6455,5471.24,20523.39,141.1434
2023-04-22,Tanker,Heavy Fuel Oil (HFO),21.9508,1649.4064,1984.4977,54.0292,1588.5438,9.3379,Rough,0.7958,Long-haul,Fair,6,0.35,5195.01,16795.1,87.1195
2023-04-23,Container Ship,Heavy Fuel Oil (HFO),20.1093,1056.1531,3129.5993,64.0046,3004.6786,4.3451,Moderate,0.6748,Long-haul,Good,7,0.35,5408.6,19200.28,68.9526
2023-04-24,Tanker,Heavy Fuel Oil (HFO),21.8913,1215.0537,3612.4666,82.5312,2229.0036,9.4974,Calm,0.1792,Short-haul,Good,4,0.35,5357.44,22432.81,71.7152
2023-04-25,Fish Carrier,Diesel,15.8949,1547.0513,415.9841,50.4841,3371.9107,8.3425,Moderate,0.1813,Short-haul,Fair,1,0.5825,6083.87,10511.2,116.8149
2023-04-26,Fish Carrier,Diesel,19.3506,510.4797,1604.278,69.4646,2451.2474,5.8927,Calm,0.8287,Short-haul,Good,7,0.3731,3772.96,13621.21,38.3418
2023-04-27,Container Ship,Steam Turbine,16.5807,270.2007,4143.3003,57.1853,1521.4925,5.5919,Rough,0.6577,Coastal,Fair,6,0.5048,3053.89,21269.34,24.0768
2023-04-28,Bulk Carrier,Heavy Fuel Oil (HFO),20.6688,868.1891,5592.8637,99.1568,839.5803,6.123,Calm,0.1115,Long-haul,Good,5,0.35,3905.36,29140.93,57.0831
2023-04-29,Fish Carrier,Heavy Fuel Oil (HFO),8.5224,906.1922,1086.1784,74.7238,938.7283,10.5379,Moderate,0.5655,Short-haul,Good,4,0.7194,3302.12,13143.66,124.8605
2023-04-30,Bulk Carrier,Diesel,18.52,1080.2181,2799.847,66.3929,1650.6138,7.2995,Calm,0.0921,Short-haul,Needs Maintenance,1,0.4603,4233.68,18765.24,65.7848
2023-05-01,Tanker,Heavy Fuel Oil (HFO),11.3149,667.2756,2154.5866,83.1242,1454.553,10.3684,Calm,0.5029,Transoceanic,Needs Maintenance,7,0.7636,3659.83,16050.48,75.4855
2023-05-02,Container Ship,Diesel,12.6228,337.7452,3666.6301,56.3069,2812.9231,4.605,Calm,0.1542,Transoceanic,Needs Maintenance,2,0.853,4277.33,20032.77,31.4863
2023-05-03,Fish Carrier,Steam Turbine,10.241,2191.3587,1675.1011,63.5166,2987.1793,8.9271,Moderate,0.2786,Long-haul,Fair,4,0.6322,7253.37,16285.31,254.2193
2023-05-04,Bulk Carrier,Diesel,18.4702,1891.756,3505.3412,98.7629,1923.5683,7.1633,Calm,0.384,Long-haul,Good,7,0.5893,6035.33,23348.15,114.5736
2023-05-05,Tanker,Heavy Fuel Oil (HFO),12.9793,1678.3691,5747.4869,83.0646,1708.0607,9.4721,Moderate,0.2607,Coastal,Good,2,0.8239,6105.88,30560.65,153.7989
2023-05-06,Tanker,Diesel,18.5102,1174.3112,2475.7063,51.7574,1764.2121,6.4026,Moderate,0.888,Long-haul,Good,5,0.4231,4786.91,17372.0,77.3747
2023-05-07,Fish Carrier,Heavy Fuel Oil (HFO),12.8621,1520.8429,829.9487,48.3443,2169.1002,9.8642,Moderate,0.0268,Short-haul,Good,7,0.7841,5156.37,11621.86,145.3559
2023-05-08,Container Ship,Heavy Fuel Oil (HFO),14.2767,1707.6089,3024.883,52.3142,2754.2221,10.4538,Calm,0.632,Short-haul,Fair,6,0.8817,6415.46,19822.39,155.5033
2023-05-09,Container Ship,Heavy Fuel Oil (HFO),14.9264,1510.9757,6995.1024,92.4017,3147.2074,10.3518,Calm,0.4812,Short-haul,Good,2,0.891,6909.97,34567.69,124.3054
2023-05-10,Tanker,Heavy Fuel Oil (HFO),9.5053,2103.7974,1836.9164,60.5872,2050.5413,8.5199,Moderate,0.6425,Short-haul,Good,5,0.7538,6327.6,17120.35,263.4486
2023-05-11,Bulk Carrier,Diesel,16.7177,1763.1734,6261.2945,87.1505,3072.3238,6.4561,Rough,0.0556,Long-haul,Fair,2,0.5238,7257.66,32714.62,130.1508
2023-05-12,Bulk Carrier,Heavy Fuel Oil (HFO),21.5119,1405.7342,2342.8838,48.904,860.5598,6.9916,Calm,0.3281,Transoceanic,Good,1,0.35,4285.58,17406.33,80.3638
2023-05-13,Fish Carrier,Diesel,19.6546,1957.7646,891.5612,50.5738,1440.5404,9.8345,Calm,0.5911,Coastal,Good,5,0.35,5374.93,12384.11,112.5497
2023-05-14,Container Ship,Heavy Fuel Oil (HFO),13.7929,199.3498,7880.8432,89.8192,2017.8163,4.3608,Calm,0.5944,Long-haul,Good,4,0.8602,4210.31,35897.81,20.4166
2023-05-15,Tanker,Heavy Fuel Oil (HFO),13.291,106.7891,1642.8168,72.4795,3022.1711,4.7016,Moderate,0.9192,Coastal,Good,7,0.7693,3541.96,13268.86,13.083
2023-05-16,Bulk Carrier,Heavy Fuel Oil (HFO),21.5308,260.9756,4166.2954,55.7762,1452.105,8.1162,Calm,0.0052,Coastal,Good,4,0.35,3001.16,21465.07,19.5656
2023-05-17,Bulk Carrier,Diesel,12.2688,271.2826,5134.4365,75.7254,2782.3169,6.5396,Moderate,0.5674,Coastal,Good,3,0.8781,3820.15,25313.12,34.8941
2023-05-18,Tanker,Heavy Fuel Oil (HFO),14.7855,1922.0248,5529.2328,77.7286,1585.2073,4.2522,Calm,0.157,Coastal,Fair,3,0.7859,6153.63,29466.84,163.4443
2023-05-19,Container Ship,Heavy Fuel Oil (HFO),8.7056,1560.1638,5764.0722,93.4074,1524.318,10.7787,Moderate,0.6508,Short-haul,Fair,2,0.7972,5671.72,30524.13,204.9708
2023-05-20,Fish Carrier,Steam Turbine,21.4637,422.63,1806.6983,80.0667,740.17,4.7411,Calm,0.524,Coastal,Fair,4,0.35,2620.34,14164.31,28.7421
2023-05-21,Container Ship,Diesel,14.986,510.1346,4854.0344,57.6715,2654.3125,10.4015,Moderate,0.4174,Transoceanic,Good,7,0.7794,4540.66,23936.88,41.2018
2023-05-22,Tanker,Steam Turbine,16.9241,639.7388,5707.4611,77.7445,3121.76,10.912,Calm,0.9701,Coastal,Needs Maintenance,6,0.4383,5087.85,28637.49,47.0747
2023-05-23,Tanker,Heavy Fuel Oil (HFO),19.4131,1429.8878,4053.0014,77.0107,2479.7141,5.2216,Moderate,0.9089,Coastal,Good,4,0.35,5743.45,23668.25,91.914
2023-05-24,Fish Carrier,Heavy Fuel Oil (HFO),20.0574,1713.8069,1294.9449,79.5406,2513.3921,5.3237,Moderate,0.7295,Short-haul,Good,6,0.35,5925.12,14723.83,96.0535
2023-05-25,Tanker,Heavy Fuel Oil (HFO),20.8157,1263.669,5174.4783,61.8112,3377.9714,9.0627,Moderate,0.2184,Short-haul,Good,4,0.35,6534.36,26286.13,82.3577
2023-05-26,Tanker,Heavy Fuel Oil (HFO),20.6228,412.3939,4917.93,75.0948,1016.5171,5.6293,Moderate,0.6356,Short-haul,Good,6,0.35,3410.77,25218.04,29.3375
2023-05-27,Tanker,Heavy Fuel Oil (HFO),20.2731,341.9198,5590.7376,91.0751,1293.2189,6.4756,Rough,0.6096,Coastal,Needs Maintenance,2,0.35,3440.42,28108.94,26.8004
2023-05-28,Bulk Carrier,Heavy Fuel Oil (HFO),13.1001,875.1602,2335.7053,51.6422,2946.942,4.4505,Calm,0.6555,Transoceanic,Fair,5,0.7364,5046.84,16132.64,80.1386
2023-05-29,Fish Carrier,Heavy Fuel Oil (HFO),14.8337,390.4852,1080.0287,69.5558,1856.5815,5.3209,Calm,0.0085,Coastal,Good,6,0.7683,3046.86,11161.89,31.6709
2023-05-30,Container Ship,Steam Turbine,9.1083,228.9506,7352.6222,92.3622,3479.0052,5.9342,Moderate,0.2661,Coastal,Good,2,0.7323,4947.48,34037.04,35.9356
2023-05-31,Tanker,Steam Turbine,20.4405,690.704,6257.2348,92.9644,877.0781,7.4806,Rough,0.7087,Short-haul,Fair,2,0.35,3641.76,31092.58,48.5604
2023-06-01,Fish Carrier,Steam Turbine,16.1754,1125.9956,2597.638,90.2978,2524.7337,6.3361,Moderate,0.6071,Long-haul,Good,5,0.5229,5207.55,19395.25,86.3685
2023-06-02,Fish Carrier,Heavy Fuel Oil (HFO),17.1172,687.0892,884.3364,66.97,1006.6442,9.8076,Calm,0.4732,Short-haul,Good,5,0.6526,3087.9,10891.36,50.2565
2023-06-03,Tanker,Steam Turbine,9.7927,1662.5421,5061.0768,89.0663,3293.888,9.1169,Moderate,0.0084,Transoceanic,Good,6,0.6387,6932.76,27918.55,208.4367
2023-06-04,Container Ship,Steam Turbine,13.1693,1555.7059,4200.8801,54.6641,1704.6316,6.1802,Calm,0.5308,Long-haul,Fair,7,0.8106,5472.0,23958.87,131.8267
2023-06-05,Fish Carrier,Diesel,10.7456,398.3454,651.7002,63.6886,2321.6011,6.1803,Moderate,0.5532,Long-haul,Good,5,0.7922,3411.17,9837.68,47.1958
2023-06-06,Container Ship,Heavy Fuel Oil (HFO),20.7958,1745.2638,5667.8129,68.827,2720.4367,7.3874,Rough,0.6109,Coastal,Needs Maintenance,7,0.35,7092.23,30038.61,94.2605
2023-06-07,Container Ship,Steam Turbine,10.1444,1558.7504,2088.9458,88.4601,831.9909,8.1295,Calm,0.8613,Transoceanic,Good,6,0.8762,4255.74,17989.92,192.5925
2023-06-08,Bulk Carrier,Steam Turbine,15.6513,2128.1978,3145.7713,49.3297,1499.7769,8.003,Rough,0.2055,Long-haul,Needs Maintenance,7,0.4759,6013.44,20816.91,158.9732
2023-06-09,Bulk Carrier,Diesel,8.578,1604.7972,3447.6029,58.7403,1346.5075,6.5853,Calm,0.1224,Long-haul,Good,3,0.8446,5046.41,21244.5,231.743
2023-06-10,Fish Carrier,Heavy Fuel Oil (HFO),18.2855,604.9481,576.4931,73.1143,2608.5223,10.6726,Calm,0.3079,Coastal,Fair,7,0.4412,3834.79,10367.53,45.7057
2023-06-11,Tanker,Steam Turbine,20.441,1987.2662,5545.5806,72.5784,971.8562,5.7114,Moderate,0.7578,Short-haul,Good,3,0.35,5984.33,29725.19,113.1028
2023-06-12,Container Ship,Diesel,15.0791,897.4654,4589.6847,92.65,765.0391,9.0335,Calm,0.3818,Short-haul,Good,4,1.0401,3847.38,25139.51,74.2629
2023-06-13,Container Ship,Heavy Fuel Oil (HFO),16.6279,882.1497,4154.4638,59.0052,1459.2011,4.7511,Calm,0.7091,Coastal,Good,1,0.7362,4047.56,22184.85,61.2536
2023-06-14,Container Ship,Steam Turbine,10.9449,1324.4418,1602.2107,81.3048,1135.0684,10.3117,Calm,0.4883,Short-haul,Good,4,0.947,4056.1,15241.13,145.9599
2023-06-15,Container Ship,Heavy Fuel Oil (HFO),16.0598,562.8104,1863.7426,78.2163,969.7072,6.3273,Calm,0.0973,Coastal,Good,5,0.7975,2837.12,15012.79,48.2832
2023-06-16,Bulk Carrier,Diesel,17.5714,770.7542,1631.969,63.3585,2621.1485,8.3027,Moderate,0.1681,Transoceanic,Fair,1,0.5606,4073.49,13850.05,54.2177
2023-06-17,Tanker,Diesel,18.7485,1067.8696,2849.0351,98.4275,2782.7303,8.7346,Calm,0.4267,Coastal,Fair,2,0.4571,4909.23,19342.65,72.7974
2023-06-18,Tanker,Steam Turbine,20.2941,773.025,1542.974,56.7974,1007.1929,5.1865,Calm,0.0956,Coastal,Fair,3,0.35,3461.29,13878.16,48.3552
2023-06-19,Container Ship,Heavy Fuel Oil (HFO),10.8236,944.7282,3819.3466,97.8662,1934.7388,7.121,Calm,0.6457,Short-haul,Good,3,0.9246,4500.67,22632.68,103.0098
2023-06-20,Bulk Carrier,Steam Turbine,21.7282,1485.0003,1838.7463,74.8815,2070.9032,7.2975,Moderate,0.8214,Transoceanic,Good,7,0.35,5294.82,16065.17,75.0494
2023-06-21,Fish Carrier,Diesel,13.8537,1281.5795,1166.9901,61.1235,3176.84,4.5475,Moderate,0.3079,Transoceanic,Good,2,0.7701,5653.15,12490.1,106.8441
2023-06-22,Container Ship,Heavy Fuel Oil (HFO),13.161,1063.3232,5933.0011,96.9367,1880.4275,6.6771,Rough,0.4218,Coastal,Good,2,0.8581,5009.73,30164.67,105.9073
2023-06-23,Container Ship,Diesel,14.8179,637.4379,1399.21,75.7275,1268.3239,7.2838,Rough,0.122,Transoceanic,Fair,7,0.7246,3213.37,13186.38,56.8429
2023-06-24,Bulk Carrier,Diesel,18.3003,804.197,6064.853,93.5524,1254.6725,9.1092,Moderate,0.1352,Short-haul,Good,1,0.5988,4474.04,30828.66,54.351
2023-06-25,Bulk Carrier,Steam Turbine,15.115,1603.9049,3714.7843,64.2311,2101.597,8.9318,Rough,0.4916,Transoceanic,Good,6,0.5433,5720.3,22575.15,134.8738
2023-06-26,Fish Carrier,Steam Turbine,17.0623,1385.4843,1594.884,57.3916,2709.7099,9.6212,Calm,0.0964,Short-haul,Good,5,0.6055,5184.24,14630.12,103.4139
2023-06-27,Tanker,Steam Turbine,19.993,1238.1969,1361.21,46.1481,1224.3968,6.6969,Moderate,0.8103,Transoceanic,Good,1,0.35,4320.06,12645.86,80.9498
2023-06-28,Fish Carrier,Diesel,14.2017,954.7088,1034.6769,91.1535,1490.2516,6.6149,Calm,0.4372,Long-haul,Good,2,0.887,3550.24,13097.4,85.4232
2023-06-29,Fish Carrier,Steam Turbine,16.2682,212.8484,1938.2158,66.9137,1101.7371,9.2574,Moderate,0.4486,Long-haul,Fair,4,0.5459,2294.57,13560.62,17.4049
2023-06-30,Fish Carrier,Heavy Fuel Oil (HFO),21.9021,1614.6421,2268.7753,95.3873,2455.4073,8.7877,Moderate,0.3042,Transoceanic,Fair,7,0.35,5644.78,18707.23,93.2447
2023-07-01,Container Ship,Diesel,8.5956,200.2391,5599.5071,69.814,1301.7904,9.0147,Calm,0.1833,Short-haul,Good,2,1.0335,3263.77,27101.0,34.5162
2023-07-02,Container Ship,Heavy Fuel Oil (HFO),15.1761,1987.0694,3975.2384,88.1015,2013.3442,9.9749,Calm,0.6593,Transoceanic,Good,6,0.8447,6280.91,24968.15,148.8551
2023-07-03,Bulk Carrier,Heavy Fuel Oil (HFO),9.8673,1587.9271,6257.3644,85.2622,2072.9427,7.972,Calm,0.2359,Short-haul,Good,2,0.8849,6057.0,31831.39,179.7259
2023-07-04,Fish Carrier,Steam Turbine,13.8764,1452.1346,776.5243,50.0548,1682.5203,4.3606,Calm,0.4241,Coastal,Fair,6,0.6893,4619.84,11932.76,130.7964
2023-07-05,Container Ship,Heavy Fuel Oil (HFO),17.4653,2141.6147,1919.8847,91.9848,2536.0488,8.2354,Moderate,0.0864,Transoceanic,Good,4,0.5169,6626.99,17861.32,151.3113
2023-07-06,Tanker,Steam Turbine,14.1398,1909.7971,2322.6952,72.8175,3073.5804,10.643,Calm,0.0001,Long-haul,Good,1,0.7753,7047.56,18155.99,161.8731
2023-07-07,Fish Carrier,Heavy Fuel Oil (HFO),12.3052,1353.2854,1440.408,90.3039,1551.2783,8.5579,Rough,0.4866,Short-haul,Fair,3,0.7518,4566.69,15323.24,131.8817
2023-07-08,Container Ship,Diesel,8.3589,1538.6048,3231.5699,74.2214,2901.1647,6.0086,Calm,0.4841,Transoceanic,Good,6,0.8662,6012.16,21128.02,206.6433
2023-07-09,Fish Carrier,Diesel,10.1013,826.6246,521.337,66.6279,2806.9009,8.8455,Calm,0.3735,Coastal,Good,7,0.9409,4462.67,9983.97,89.6617
2023-07-10,Tanker,Diesel,13.9353,472.3628,1993.7461,98.9027,1126.2184,8.7625,Calm,0.5023,Long-haul,Fair,4,0.9277,2906.76,15857.12,40.468
2023-07-11,Tanker,Heavy Fuel Oil (HFO),11.35,1366.3068,6754.0561,87.9786,2491.025,9.291,Calm,0.6128,Transoceanic,Fair,2,0.7695,6263.49,33985.26,135.4892
2023-07-12,Tanker,Steam Turbine,19.0729,414.269,5273.1316,68.8526,2207.8613,10.3774,Moderate,0.3789,Transoceanic,Good,2,0.35,3967.14,25735.57,29.8172
2023-07-13,Container Ship,Heavy Fuel Oil (HFO),16.8452,379.446,5238.6549,95.797,2371.12,4.2134,Moderate,0.197,Transoceanic,Good,2,0.5864,4332.5,26587.88,30.8967
2023-07-14,Fish Carrier,Diesel,18.0746,957.4839,545.6446,67.2288,1979.3422,10.8665,Moderate,0.8065,Transoceanic,Good,5,0.5096,3706.32,10391.01,66.1022
2023-07-15,Bulk Carrier,Steam Turbine,14.0229,2094.2031,4452.2824,83.0683,1485.7638,8.6804,Calm,0.1578,Transoceanic,Good,3,0.811,6188.89,26544.12,163.7034
2023-07-16,Fish Carrier,Steam Turbine,12.9026,1209.1182,1793.6076,86.4861,926.9735,4.9886,Moderate,0.3011,Transoceanic,Good,4,0.7383,4035.97,15814.97,110.8401
2023-07-17,Fish Carrier,Heavy Fuel Oil (HFO),15.3276,172.4929,1278.3211,57.4642,2515.3409,8.8619,Moderate,0.5247,Transoceanic,Fair,7,0.5938,2975.99,11018.58,15.7613
2023-07-18,Tanker,Heavy Fuel Oil (HFO),21.6629,1454.233,3831.7153,92.9178,2425.7593,6.1732,Rough,0.7555,Long-haul,Fair,6,0.35,6025.25,24161.55,80.6748
2023-07-19,Fish Carrier,Diesel,13.4845,1603.2123,1386.2575,70.1089,1118.5968,4.9897,Rough,0.4293,Short-haul,Fair,7,0.7047,4970.77,15152.93,152.7981
2023-07-20,Container Ship,Diesel,8.1555,1066.4503,1823.9404,89.2713,3454.1357,8.2805,Rough,0.764,Coastal,Good,6,0.6711,5548.2,16042.54,165.8507
2023-07-21,Fish Carrier,Diesel,17.4849,345.7336,720.5986,93.7188,2094.2853,10.1065,Rough,0.0547,Transoceanic,Fair,4,0.4445,3028.71,10841.49,29.8034
2023-07-22,Fish Carrier,Heavy Fuel Oil (HFO),11.0666,1329.3856,1730.5722,64.5757,1921.1628,5.2792,Moderate,0.1815,Short-haul,Needs Maintenance,1,0.6858,5191.98,15230.53,153.6663
2023-07-23,Fish Carrier,Steam Turbine,16.3958,538.08,1051.5741,77.2992,816.4582,4.0928,Calm,0.738,Transoceanic,Good,6,0.5862,2651.27,11807.61,45.0594
2023-07-24,Tanker,Diesel,8.8918,394.3754,2697.2908,51.219,1969.4574,5.3352,Calm,0.0249,Coastal,Fair,4,0.774,3341.72,16417.66,56.8293
2023-07-25,Tanker,Steam Turbine,16.068,2072.2675,1253.0934,52.948,2106.8837,4.3313,Moderate,0.3833,Transoceanic,Good,1,0.546,6193.18,14552.9,152.9907
2023-07-26,Tanker,Diesel,15.3961,984.181,4994.0031,59.9787,743.2642,10.1172,Calm,0.5436,Short-haul,Fair,7,0.7827,4194.74,25986.42,78.7225
2023-07-27,Bulk Carrier,Steam Turbine,12.2847,1091.0427,3727.9361,95.963,832.4331,6.6007,Rough,0.9966,Short-haul,Good,5,0.7732,3779.21,22437.46,108.6289
2023-07-28,Fish Carrier,Diesel,20.7099,1512.8541,476.6403,65.6236,1753.2158,9.8543,Rough,0.8464,Long-haul,Fair,7,0.35,5099.46,11447.21,92.7315
2023-07-29,Tanker,Heavy Fuel Oil (HFO),14.6682,1569.0449,2967.759,57.4163,1125.5011,7.9687,Calm,0.5936,Long-haul,Fair,6,0.7407,5045.11,19984.34,123.6152
2023-07-30,Tanker,Diesel,13.9162,1741.624,2355.5787,58.814,2526.4828,5.1784,Moderate,0.1007,Coastal,Good,7,0.8139,6076.67,17836.81,146.8419
2023-07-31,Tanker,Diesel,21.2773,1756.6236,1567.3346,59.4746,3439.0627,5.7492,Rough,0.534,Coastal,Fair,7,0.35,6536.14,15583.03,103.0624
2023-08-01,Container Ship,Steam Turbine,13.8358,947.1639,4899.5804,86.1355,3383.6261,10.4411,Calm,0.0407,Long-haul,Fair,1,0.7986,5430.08,26735.34,83.8613
2023-08-02,Bulk Carrier,Heavy Fuel Oil (HFO),8.7439,294.3124,3344.2877,89.2615,1632.4592,7.7832,Moderate,0.5598,Short-haul,Fair,1,0.7025,3415.56,19760.34,46.5385
2023-08-03,Fish Carrier,Steam Turbine,20.3188,2157.7301,2186.1642,99.0427,3052.1443,10.6862,Rough,0.2711,Coastal,Fair,4,0.35,7392.0,19424.61,127.6328
2023-08-04,Tanker,Heavy Fuel Oil (HFO),13.4724,1226.291,3651.683,87.7502,2474.616,6.7933,Calm,0.4976,Long-haul,Needs Maintenance,7,0.7465,5140.98,22175.17,109.2092
2023-08-05,Bulk Carrier,Diesel,18.8345,378.8294,4844.0053,65.9659,3422.9704,7.5726,Moderate,0.3097,Short-haul,Good,6,0.4305,4815.21,24638.24,25.8178
2023-08-06,Tanker,Diesel,18.5261,521.6042,3575.6491,55.8336,1906.7255,9.7066,Moderate,0.9462,Coastal,Fair,1,0.4391,3647.36,19947.52,35.526
2023-08-07,Tanker,Steam Turbine,10.46,1716.6178,3512.9,78.5582,3421.7187,6.8512,Moderate,0.1605,Transoceanic,Good,2,0.6422,7153.74,23155.34,199.3241
2023-08-08,Container Ship,Diesel,17.5313,739.2667,2160.0473,55.7418,2034.6843,8.0229,Calm,0.4199,Short-haul,Fair,6,0.6789,3782.64,15490.9,52.8289
2023-08-09,Bulk Carrier,Heavy Fuel Oil (HFO),11.6756,790.4859,1150.9498,49.286,3214.1243,8.6377,Calm,0.2894,Long-haul,Fair,3,0.8198,4577.81,11675.44,80.8065
2023-08-10,Tanker,Diesel,17.1012,899.332,1977.4243,58.4995,2629.4663,6.4468,Moderate,0.1792,Coastal,Fair,1,0.5592,4748.21,15268.6,68.1194
2023-08-11,Bulk Carrier,Heavy Fuel Oil (HFO),12.9098,1095.4729,2514.0406,84.8108,948.1645,5.8699,Moderate,0.6293,Short-haul,Needs Maintenance,5,0.8094,3950.74,18101.01,102.8058
2023-08-12,Fish Carrier,Heavy Fuel Oil (HFO),16.1539,1550.2025,597.9406,56.6973,2237.3248,10.6898,Calm,0.467,Short-haul,Good,5,0.7137,5330.38,11067.9,114.6846
2023-08-13,Fish Carrier,Diesel,15.5723,1211.8721,1364.992,46.2758,2364.6392,4.2202,Rough,0.9281,Coastal,Good,7,0.5798,5199.27,13117.08,90.0433
2023-08-14,Tanker,Steam Turbine,9.7413,1381.4353,1676.5702,47.9018,1196.5807,8.467,Calm,0.3776,Short-haul,Fair,6,0.8121,4254.67,14579.46,183.9615
2023-08-15,Tanker,Diesel,19.6361,406.8973,1631.1732,70.538,1698.5868,6.2916,Moderate,0.1408,Short-haul,Good,4,0.35,2882.01,13914.81,28.8133
2023-08-16,Fish Carrier,Diesel,18.7641,1871.2848,986.5774,68.8889,1106.1867,4.4147,Rough,0.3798,Transoceanic,Fair,1,0.35,4796.74,13501.76,124.6345
2023-08-17,Tanker,Heavy Fuel Oil (HFO),17.1662,608.9471,1929.2251,78.8211,949.2513,5.4008,Rough,0.3672,Short-haul,Good,3,0.4981,2613.02,14948.5,47.1247
2023-08-18,Container Ship,Heavy Fuel Oil (HFO),18.5346,1307.8679,2113.906,70.4375,3256.9841,5.3134,Calm,0.6463,Transoceanic,Good,3,0.4505,5979.02,16447.19,90.9325
2023-08-19,Container Ship,Diesel,14.806,469.4767,2477.458,50.6174,2141.7575,9.4386,Calm,0.5131,Transoceanic,Good,5,0.8677,3200.24,15473.51,37.703
2023-08-20,Tanker,Diesel,9.7867,249.9115,3458.2111,64.6041,1288.6071,9.4392,Calm,0.7852,Coastal,Good,2,0.9335,2650.26,19274.93,30.9125
2023-08-21,Fish Carrier,Heavy Fuel Oil (HFO),14.357,1284.1857,2050.5158,98.3821,2273.3977,4.8904,Moderate,0.1507,Short-haul,Fair,7,0.7285,5094.76,17172.61,116.882
2023-08-22,Fish Carrier,Diesel,10.7397,2168.4861,1815.7984,68.7904,2191.202,8.0181,Rough,0.5651,Short-haul,Good,6,0.7226,6479.37,16828.09,244.5943
2023-08-23,Fish Carrier,Heavy Fuel Oil (HFO),8.2406,197.4912,610.1948,54.8731,987.2789,4.9792,Moderate,0.5821,Transoceanic,Fair,3,0.5857,2200.54,8942.94,34.6393
2023-08-24,Fish Carrier,Heavy Fuel Oil (HFO),13.73,584.4237,1423.6327,59.5245,1268.1549,7.3236,Calm,0.3361,Long-haul,Needs Maintenance,1,0.7589,2954.91,12383.65,49.7118
2023-08-25,Tanker,Heavy Fuel Oil (HFO),21.4401,1525.8875,2355.5672,74.5203,1221.3683,10.3446,Moderate,0.7063,Coastal,Fair,4,0.35,4842.29,18288.98,84.2181
2023-08-26,Tanker,Steam Turbine,20.2694,1890.7855,2481.2084,75.1506,1691.2207,6.3851,Moderate,0.1376,Long-haul,Good,5,0.35,5740.82,18801.49,116.1805
2023-08-27,Bulk Carrier,Diesel,8.3066,1519.4027,2366.8384,72.9856,3439.011,8.198,Rough,0.3731,Short-haul,Good,4,0.6532,6276.95,17701.97,234.3222
2023-08-28,Container Ship,Steam Turbine,21.9747,358.9966,4789.1211,82.5094,1464.0435,4.824,Moderate,0.2345,Coastal,Needs Maintenance,6,0.35,3531.6,24805.1,23.602
2023-08-29,Bulk Carrier,Heavy Fuel Oil (HFO),12.5762,1697.1059,4171.5561,56.2402,1164.297,7.3146,Calm,0.1306,Transoceanic,Fair,7,0.8547,5076.04,23551.59,157.3227
2023-08-30,Fish Carrier,Steam Turbine,9.2445,439.2885,2076.6949,91.6569,935.8427,8.9054,Moderate,0.2531,Short-haul,Good,4,0.7703,2648.46,15931.05,57.5415
2023-08-31,Fish Carrier,Steam Turbine,14.1453,239.4285,387.3755,52.9144,1625.5007,6.9005,Calm,0.5572,Coastal,Good,6,0.7289,2501.4,7953.57,23.1904
2023-09-01,Fish Carrier,Steam Turbine,10.6368,649.6629,1996.9683,83.8961,3402.7411,7.8375,Calm,0.0454,Short-haul,Needs Maintenance,2,0.7037,4685.29,14958.25,78.5494
2023-09-02,Bulk Carrier,Steam Turbine,16.0395,1924.4123,5617.5213,88.8998,1545.5536,4.7268,Calm,0.0021,Short-haul,Good,7,0.7608,6252.32,30580.23,148.166
2023-09-03,Fish Carrier,Steam Turbine,18.9704,634.7818,994.7206,62.6148,1447.4353,5.5345,Calm,0.5749,Transoceanic,Needs Maintenance,7,0.35,3006.7,11033.47,40.3715
2023-09-04,Bulk Carrier,Heavy Fuel Oil (HFO),9.1712,694.6682,4757.6546,83.4612,3003.0725,9.636,Calm,0.4002,Coastal,Good,6,0.7994,5172.89,25678.01,93.2605
2023-09-05,Container Ship,Diesel,12.2932,2156.847,2188.1036,87.1866,809.5501,9.6294,Moderate,0.0016,Coastal,Good,1,1.0338,5298.09,19064.85,212.6087
2023-09-06,Tanker,Steam Turbine,17.608,1407.7717,1326.472,48.0182,2577.9936,6.452,Calm,0.2038,Coastal,Fair,4,0.4362,5366.84,13154.44,94.0229
2023-09-07,Tanker,Heavy Fuel Oil (HFO),10.7764,281.4749,1650.963,46.3647,1259.1566,10.0809,Moderate,0.3367,Long-haul,Fair,4,0.7445,2602.46,12912.53,37.2786
2023-09-08,Bulk Carrier,Diesel,9.4056,292.0214,3864.5639,88.428,1543.1802,4.9871,Rough,0.656,Long-haul,Good,2,0.774,3286.94,21683.35,39.4762
2023-09-09,Container Ship,Steam Turbine,9.645,259.7558,4175.3983,65.854,2089.1902,5.4501,Rough,0.3061,Short-haul,Fair,6,0.6572,3665.18,21769.79,31.8335
2023-09-10,Container Ship,Steam Turbine,20.3389,1542.574,4546.0946,84.4182,1951.1918,8.2864,Moderate,0.2117,Long-haul,Good,3,0.35,5615.57,25112.02,99.1391
2023-09-11,Container Ship,Heavy Fuel Oil (HFO),17.5671,717.8201,3621.9034,96.9892,2766.6301,4.5341,Calm,0.2809,Transoceanic,Good,2,0.5741,4657.02,21862.62,53.3029
2023-09-12,Tanker,Heavy Fuel Oil (HFO),14.9643,143.9627,1223.1496,45.9084,1669.5043,6.6629,Calm,0.6052,Transoceanic,Good,4,0.7526,2904.41,11089.71,14.902
2023-09-13,Container Ship,Heavy Fuel Oil (HFO),21.176,525.6683,5242.3028,97.5937,2040.5427,6.1404,Rough,0.4793,Short-haul,Fair,7,0.35,3927.86,27169.14,34.9857
2023-09-14,Bulk Carrier,Diesel,14.8346,1727.2492,3196.6568,50.2049,1966.1784,5.1971,Moderate,0.95,Long-haul,Good,6,0.7744,5726.05,20706.63,137.8745
2023-09-15,Bulk Carrier,Steam Turbine,12.9656,2096.8501,6044.8749,77.0738,1613.585,8.8373,Calm,0.3983,Short-haul,Fair,7,0.8329,6833.64,31457.78,190.638
2023-09-16,Tanker,Steam Turbine,18.9015,1681.9812,6370.3917,78.8257,2437.8154,5.3299,Calm,0.7317,Transoceanic,Good,4,0.35,6649.29,32819.06,107.1841
2023-09-17,Bulk Carrier,Diesel,18.4782,1113.541,3852.414,55.1205,1084.4934,5.488,Calm,0.8314,Long-haul,Good,6,0.5138,3958.67,21820.0,68.3568
2023-09-18,Fish Carrier,Steam Turbine,19.4914,1557.8841,1577.906,53.3848,1251.6045,9.5258,Moderate,0.2425,Short-haul,Fair,6,0.35,4610.84,14605.43,98.8398
2023-09-19,Bulk Carrier,Diesel,14.5743,1770.1969,5129.9053,99.5197,1792.0609,7.0633,Moderate,0.5334,Transoceanic,Fair,2,0.7949,5944.66,29044.98,135.5515
2023-09-20,Container Ship,Steam Turbine,12.2643,1541.2274,4143.0976,94.4115,1134.6294,4.1626,Moderate,0.5278,Transoceanic,Good,3,0.8032,4628.42,24694.27,149.7459
2023-09-21,Tanker,Diesel,8.1414,109.8857,1692.3381,60.9267,935.6739,8.9382,Calm,0.1162,Coastal,Good,1,0.8304,2092.96,12630.65,21.8616
2023-09-22,Container Ship,Diesel,18.5426,687.0855,1852.0039,93.0328,1934.8495,9.7805,Moderate,0.5906,Coastal,Needs Maintenance,5,0.4496,3680.81,15332.16,45.1884
2023-09-23,Fish Carrier,Diesel,13.2887,547.5169,757.3473,73.5794,2173.4504,6.3131,Moderate,0.8641,Transoceanic,Good,6,0.8463,3480.92,10851.7,52.0278
2023-09-24,Tanker,Diesel,17.3062,260.5616,3994.9441,85.1152,2382.7431,4.8552,Rough,0.3263,Short-haul,Good,3,0.573,3575.32,22001.31,20.5416
2023-09-25,Tanker,Steam Turbine,19.0232,683.8821,4615.1759,90.2705,1177.7031,10.3746,Calm,0.0587,Coastal,Good,1,0.4022,3863.71,24665.94,50.6513
2023-09-26,Fish Carrier,Steam Turbine,19.7468,1256.9186,1568.1408,60.688,827.7976,5.3392,Moderate,0.7455,Short-haul,Fair,2,0.35,3717.77,14583.88,78.7545
2023-09-27,Bulk Carrier,Heavy Fuel Oil (HFO),17.7055,806.853,1532.2668,47.6986,1968.3704,6.7793,Rough,0.583,Coastal,Fair,4,0.3874,3641.35,12775.56,58.4651
2023-09-28,Tanker,Diesel,15.445,745.0605,3809.2801,45.6943,2990.5535,9.1943,Moderate,0.2555,Long-haul,Fair,2,0.7426,4883.16,20062.02,59.1123
2023-09-29,Container Ship,Diesel,10.4178,1421.0457,4655.2298,60.0716,1527.5793,6.6725,Moderate,0.4644,Short-haul,Fair,6,0.9079,5120.65,25727.1,162.1665
2023-09-30,Fish Carrier,Steam Turbine,21.017,1340.5637,1335.6758,64.7836,871.3078,4.7279,Rough,0.364,Coastal,Fair,6,0.35,4081.13,13626.68,74.3697
2023-10-01,Tanker,Diesel,18.1267,1268.3531,5232.8452,95.1419,2928.5574,10.8171,Calm,0.9311,Coastal,Good,5,0.599,6124.18,27760.44,85.4955
2023-10-02,Bulk Carrier,Steam Turbine,16.4611,575.281,1870.2924,52.8201,3286.9404,7.4892,Calm,0.4612,Transoceanic,Good,1,0.5625,4180.84,14098.8,42.7366
2023-10-03,Bulk Carrier,Heavy Fuel Oil (HFO),20.8998,2099.4788,3774.0933,79.324,875.1003,4.3913,Calm,0.8019,Short-haul,Good,4,0.35,5378.68,24653.93,130.5023
2023-10-04,Container Ship,Diesel,16.0635,1868.8399,1649.9494,47.8051,2951.7062,7.37,Moderate,0.779,Short-haul,Fair,3,0.7074,6503.7,15054.46,145.9644
2023-10-05,Fish Carrier,Heavy Fuel Oil (HFO),13.9974,929.587,869.902,51.1669,932.7986,4.8321,Rough,0.039,Short-haul,Good,4,0.716,3174.18,10624.21,75.1041
2023-10-06,Container Ship,Heavy Fuel Oil (HFO),19.3164,1788.4068,1887.5241,63.9857,1878.8835,6.4461,Moderate,0.7114,Transoceanic,Fair,7,0.35,5572.42,16672.12,110.5924
2023-10-07,Fish Carrier,Steam Turbine,14.0356,1695.9983,2607.0722,90.0518,1271.6325,10.6762,Calm,0.1611,Transoceanic,Good,5,0.7822,4965.01,19776.96,155.0501
2023-10-08,Bulk Carrier,Steam Turbine,11.066,1324.1722,2525.4166,47.6092,2071.9666,9.6927,Moderate,0.4204,Coastal,Fair,5,0.7134,5287.36,17459.41,152.4301
2023-10-09,Fish Carrier,Diesel,8.0057,1851.5925,1724.3597,77.8782,2409.9393,8.2741,Rough,0.143,Transoceanic,Good,4,0.5805,6084.35,16788.52,282.2511
2023-10-10,Bulk Carrier,Steam Turbine,10.7006,1195.5372,4899.4483,67.4713,3246.2859,6.9026,Moderate,0.413,Coastal,Good,2,0.6939,6227.94,25708.3,146.2267
2023-10-11,Fish Carrier,Diesel,19.0402,1546.767,987.0282,78.7762,3290.3804,7.8094,Moderate,0.0879,Short-haul,Needs Maintenance,6,0.35,6102.34,14062.3,95.7415
2023-10-12,Tanker,Heavy Fuel Oil (HFO),19.2649,1092.1967,3403.2755,91.3427,2195.9689,7.8043,Calm,0.9525,Coastal,Fair,7,0.35,4669.53,21852.87,71.5687
2023-10-13,Fish Carrier,Diesel,10.8126,1068.7322,1256.8937,54.2532,983.4508,5.9354,Calm,0.6234,Coastal,Needs Maintenance,6,0.8173,3724.29,13565.49,126.5458
2023-10-14,Container Ship,Steam Turbine,12.3493,715.2138,4537.8575,88.748,3053.9179,10.4889,Moderate,0.185,Coastal,Needs Maintenance,4,0.7386,4878.42,24751.81,65.7279
2023-10-15,Fish Carrier,Heavy Fuel Oil (HFO),15.0002,1787.3162,2520.6615,96.7907,817.5863,10.4077,Moderate,0.3219,Short-haul,Good,5,0.7955,4555.67,19970.62,138.8457
2023-10-16,Container Ship,Diesel,8.0418,1402.8222,5537.0201,79.8249,2917.9166,9.7359,Moderate,0.8452,Transoceanic,Good,7,0.7699,6325.73,29587.73,201.1305
2023-10-17,Bulk Carrier,Diesel,12.9154,1631.0772,2778.5336,98.8614,2733.4132,8.1656,Moderate,0.1425,Long-haul,Fair,1,0.8526,6415.6,19999.25,147.9035
2023-10-18,Fish Carrier,Heavy Fuel Oil (HFO),12.1694,254.7676,1155.3851,47.2695,3241.1505,9.0895,Calm,0.896,Coastal,Fair,4,0.7524,3733.43,10802.83,32.9065
2023-10-19,Fish Carrier,Steam Turbine,8.3064,507.1569,1790.5436,83.6325,780.8411,10.5986,Moderate,0.4564,Long-haul,Good,1,0.6563,2815.22,14453.4,75.6115
2023-10-20,Container Ship,Diesel,14.7428,867.8883,5670.3808,92.5946,1610.5219,9.8153,Calm,0.2773,Transoceanic,Fair,7,0.9298,4648.95,28511.6,74.6023
2023-10-21,Bulk Carrier,Heavy Fuel Oil (HFO),21.0944,1018.1472,2625.1614,66.6963,1538.0365,4.6143,Calm,0.6955,Transoceanic,Fair,2,0.35,4186.12,18151.0,58.0444
2023-10-22,Container Ship,Steam Turbine,12.8422,485.5384,6639.0153,75.2922,2045.5203,6.7531,Moderate,0.2596,Short-haul,Good,6,0.8626,4399.64,30942.11,52.5119
2023-10-23,Tanker,Diesel,21.9672,505.8605,7657.8819,90.1248,2092.456,10.1157,Moderate,0.949,Coastal,Needs Maintenance,1,0.35,4414.12,35354.87,34.2129
2023-10-24,Tanker,Heavy Fuel Oil (HFO),10.446,119.2417,3057.8299,74.4243,1528.8804,5.2281,Moderate,0.8229,Short-haul,Fair,4,0.7786,3034.96,17805.1,17.9278
2023-10-25,Bulk Carrier,Heavy Fuel Oil (HFO),20.4904,1520.9812,2964.706,91.2965,2445.8743,7.7215,Calm,0.8308,Long-haul,Good,4,0.35,5845.82,20153.14,92.3159
2023-10-26,Fish Carrier,Heavy Fuel Oil (HFO),9.4348,129.5607,549.6592,47.0347,3488.088,9.7038,Moderate,0.3348,Coastal,Fair,6,0.6478,3395.64,8279.13,21.6932
2023-10-27,Fish Carrier,Heavy Fuel Oil (HFO),15.8573,2128.5946,791.0838,58.1166,715.9173,9.7136,Calm,0.1591,Short-haul,Fair,4,0.7583,4843.15,12845.14,162.6799
2023-10-28,Bulk Carrier,Diesel,8.7209,1611.6141,7216.1783,91.9511,1707.7462,8.7911,Calm,0.2466,Short-haul,Fair,6,0.8779,6039.71,36018.24,208.0091
2023-10-29,Bulk Carrier,Steam Turbine,16.1221,1625.4413,1561.4795,45.5463,1460.3087,8.203,Moderate,0.813,Long-haul,Good,4,0.5903,4978.41,13863.88,115.4879
2023-10-30,Fish Carrier,Heavy Fuel Oil (HFO),17.0693,1079.1038,973.2842,73.8872,1673.539,7.7927,Calm,0.6145,Transoceanic,Good,1,0.5617,3989.71,12328.66,80.307
2023-10-31,Bulk Carrier,Heavy Fuel Oil (HFO),18.087,796.3567,7296.579,99.2274,1450.1568,6.1037,Calm,0.9079,Transoceanic,Good,2,0.5471,4491.71,34453.9,53.321
2023-11-01,Bulk Carrier,Steam Turbine,11.4393,1290.9527,976.9889,47.0933,3381.1807,4.5179,Rough,0.6558,Transoceanic,Good,2,0.5579,5556.16,11843.46,124.5609
2023-11-02,Bulk Carrier,Steam Turbine,11.219,116.4866,3226.8246,49.2519,851.0439,4.3237,Calm,0.1759,Short-haul,Good,6,0.8902,2356.85,18319.78,16.6518
2023-11-03,Fish Carrier,Diesel,20.3292,750.1115,702.1881,89.3022,1284.8126,5.5279,Calm,0.232,Transoceanic,Needs Maintenance,6,0.35,2971.96,11765.49,46.8258
2023-11-04,Bulk Carrier,Steam Turbine,9.0802,987.9371,4808.1631,75.004,1088.0692,5.4422,Calm,0.9115,Short-haul,Good,6,0.7867,3948.88,26394.63,131.1979
2023-11-05,Container Ship,Steam Turbine,15.6084,661.1932,4967.9049,67.691,3228.402,7.2009,Moderate,0.8316,Long-haul,Good,6,0.5964,4757.65,25585.01,55.8881
2023-11-06,Fish Carrier,Heavy Fuel Oil (HFO),16.4349,1020.0309,1493.1344,99.7236,2941.1606,9.8368,Moderate,0.2109,Transoceanic,Good,6,0.5592,4869.11,15215.84,69.4743
2023-11-07,Tanker,Diesel,15.3965,879.482,3180.0525,55.5807,1669.3482,8.7551,Moderate,0.5034,Short-haul,Needs Maintenance,4,0.7114,4215.28,18821.96,68.9371
2023-11-08,Tanker,Steam Turbine,10.5796,1666.3925,2810.2465,91.9757,3372.2877,7.8315,Calm,0.4886,Long-haul,Good,4,0.8056,6920.18,20253.88,203.7293
2023-11-09,Fish Carrier,Steam Turbine,16.7499,757.0824,1794.139,75.976,1833.1374,8.4141,Rough,0.2671,Coastal,Good,6,0.443,3598.0,14340.06,53.4438
2023-11-10,Container Ship,Diesel,21.8296,1090.3399,4774.8234,54.833,3466.8017,6.5126,Rough,0.1313,Coastal,Fair,2,0.35,5933.91,24963.75,58.3886
2023-11-11,Bulk Carrier,Steam Turbine,13.3616,1883.5101,2332.91,92.4832,1207.7839,9.6619,Moderate,0.8244,Coastal,Good,5,0.8101,5217.28,18809.27,156.3682
2023-11-12,Tanker,Heavy Fuel Oil (HFO),16.8142,1155.5833,4799.7105,95.5834,1039.1338,4.1393,Calm,0.8292,Transoceanic,Good,3,0.6273,4543.94,26563.22,79.0265
2023-11-13,Tanker,Diesel,21.317,2059.6665,1888.9681,49.8408,3417.5546,6.9923,Calm,0.8136,Transoceanic,Fair,7,0.35,7113.06,16278.24,113.5843
2023-11-14,Tanker,Steam Turbine,19.9968,352.2235,1925.4721,94.7199,737.8379,8.8831,Rough,0.2117,Short-haul,Good,4,0.35,2452.15,15670.65,24.1056
2023-11-15,Bulk Carrier,Heavy Fuel Oil (HFO),10.5262,782.7499,4491.1936,71.4484,2885.1022,10.325,Calm,0.6422,Long-haul,Good,2,0.8605,4955.34,24309.05,85.5568
2023-11-16,Tanker,Heavy Fuel Oil (HFO),13.9016,1810.7722,1366.0885,64.3323,941.6014,10.91,Calm,0.5297,Transoceanic,Good,4,0.8691,4504.07,14793.66,147.3981
2023-11-17,Container Ship,Steam Turbine,16.0906,698.8613,8390.1765,95.54,1330.8198,10.7137,Rough,0.9701,Short-haul,Good,3,0.6358,4392.7,38117.65,48.1334
2023-11-18,Fish Carrier,Heavy Fuel Oil (HFO),21.0057,569.0826,911.4648,85.8097,1486.4403,5.7928,Calm,0.536,Long-haul,Good,6,0.35,3165.3,12072.76,32.8111
2023-11-19,Container Ship,Steam Turbine,15.6882,748.2743,1751.5526,62.7749,828.6161,7.2896,Calm,0.8099,Short-haul,Fair,4,0.7541,3399.25,14446.13,56.9565
2023-11-20,Tanker,Diesel,14.6217,589.2048,2477.853,80.6413,2010.0576,6.9288,Calm,0.7746,Transoceanic,Good,6,0.8485,3753.6,16735.29,53.3514
2023-11-21,Bulk Carrier,Heavy Fuel Oil (HFO),13.4349,1382.5226,3445.7415,85.5362,2257.1506,7.8546,Calm,0.1297,Transoceanic,Fair,1,0.7975,5039.87,22116.13,119.0813
2023-11-22,Container Ship,Diesel,10.7748,892.5852,2567.9392,72.5878,2356.8769,10.9194,Moderate,0.0944,Short-haul,Good,6,1.0214,4459.89,17907.2,99.6361
2023-11-23,Tanker,Diesel,19.1802,2114.7226,1956.8208,89.5068,2849.8891,10.236,Calm,0.5734,Short-haul,Fair,2,0.4077,7101.17,18469.8,135.1581
2023-11-24,Bulk Carrier,Steam Turbine,16.7695,2103.3556,1591.2824,47.1553,2149.6534,9.8997,Moderate,0.2903,Transoceanic,Good,5,0.5561,6468.06,15715.94,158.0876
2023-11-25,Container Ship,Heavy Fuel Oil (HFO),19.8393,1801.2471,6727.1633,90.9426,2453.6671,5.3154,Moderate,0.9397,Long-haul,Needs Maintenance,5,0.35,7036.24,34750.59,107.1857
2023-11-26,Bulk Carrier,Diesel,8.7458,2024.4509,6241.2126,86.6272,1432.793,7.3161,Calm,0.6133,Short-haul,Good,5,0.8948,6434.18,33032.32,260.8143
2023-11-27,Bulk Carrier,Diesel,17.6215,453.8752,1148.798,45.4415,962.2277,9.7467,Calm,0.2472,Coastal,Fair,7,0.6509,2443.53,10477.45,33.569
2023-11-28,Bulk Carrier,Steam Turbine,11.7319,624.5899,3364.6601,73.4739,3275.1988,10.1731,Calm,0.3103,Transoceanic,Needs Maintenance,5,0.6895,4963.6,19730.1,64.5978
2023-11-29,Container Ship,Diesel,14.2038,1123.5127,6588.778,73.3439,2777.9662,8.8134,Rough,0.6033,Short-haul,Fair,6,0.7732,5732.38,32212.13,103.4799
2023-11-30,Container Ship,Steam Turbine,14.5815,1433.6187,2956.7666,67.1742,2613.8212,8.0619,Calm,0.385,Transoceanic,Good,7,0.8095,5869.43,20179.3,119.921
2023-12-01,Tanker,Heavy Fuel Oil (HFO),13.2756,1057.4975,4338.4389,91.1931,1959.7734,8.6453,Moderate,0.3198,Transoceanic,Fair,4,0.7217,4860.49,24742.48,101.4161
2023-12-02,Tanker,Heavy Fuel Oil (HFO),10.69,1635.101,3426.8673,60.3475,2862.5189,8.8385,Calm,0.9266,Transoceanic,Good,6,0.7833,6106.47,21549.0,170.972
2023-12-03,Tanker,Diesel,13.6369,1662.1475,8182.6739,96.6369,1078.8354,5.7398,Calm,0.003,Short-haul,Good,3,0.9703,5848.11,39260.51,144.647
2023-12-04,Bulk Carrier,Diesel,19.4355,800.7036,3103.6502,48.0338,2163.3434,5.507,Rough,0.8142,Long-haul,Good,1,0.35,4286.03,17924.72,53.2635
2023-12-05,Bulk Carrier,Heavy Fuel Oil (HFO),11.9485,1723.1519,3321.7746,91.7533,708.5472,7.8217,Calm,0.8897,Coastal,Good,5,0.9401,4609.8,22472.57,159.2894
2023-12-06,Fish Carrier,Steam Turbine,13.2312,1753.8726,2004.6499,96.3416,2467.1927,9.4555,Calm,0.7724,Short-haul,Good,4,0.8103,5952.0,17933.52,145.9805
2023-12-07,Tanker,Diesel,9.4146,1936.5482,3753.8332,49.2143,2002.2584,7.2534,Calm,0.0073,Long-haul,Good,7,0.84,6447.84,23110.22,251.9313
2023-12-08,Bulk Carrier,Steam Turbine,9.1028,319.7329,5008.5618,95.5362,1777.4086,10.0763,Rough,0.634,Coastal,Good,4,0.6461,3929.79,25854.86,41.0918
2023-12-09,Fish Carrier,Diesel,12.5873,1793.795,712.3738,65.0297,909.984,9.5567,Calm,0.755,Short-haul,Good,6,0.9607,4489.94,12390.3,164.499
2023-12-10,Container Ship,Steam Turbine,12.6588,214.4597,2209.1764,62.439,2524.1248,4.4501,Calm,0.5667,Short-haul,Good,4,0.8559,3103.37,14935.44,23.414
2023-12-11,Tanker,Steam Turbine,16.7509,1826.7435,2888.4095,97.1523,1471.2989,10.5555,Calm,0.2747,Transoceanic,Good,5,0.6824,5599.86,20895.33,126.7231
2023-12-12,Container Ship,Heavy Fuel Oil (HFO),11.882,2089.7909,2516.3571,80.034,1831.2791,4.6883,Moderate,0.9042,Coastal,Fair,2,0.8276,6363.19,19959.7,219.463
2023-12-13,Bulk Carrier,Diesel,11.2973,1184.5384,4975.5212,76.6723,1143.0482,4.1203,Calm,0.0487,Short-haul,Needs Maintenance,5,0.9502,4668.66,26713.34,119.9233
2023-12-14,Container Ship,Heavy Fuel Oil (HFO),15.7337,858.7443,1949.3398,78.4142,2683.1985,10.8503,Calm,0.7433,Long-haul,Good,2,0.7876,4576.06,15591.5,69.3493
2023-12-15,Bulk Carrier,Heavy Fuel Oil (HFO),9.5774,544.8808,5102.558,67.794,2297.4563,7.4549,Calm,0.4,Long-haul,Fair,6,0.7664,4175.76,25849.21,72.1871
2023-12-16,Container Ship,Diesel,11.4847,540.086,6986.7521,84.1517,2221.5492,7.2228,Calm,0.1373,Short-haul,Good,3,1.0644,4443.54,32487.31,64.7987
2023-12-17,Bulk Carrier,Steam Turbine,17.3118,289.1208,3796.1979,54.5257,2201.2561,4.9001,Calm,0.2854,Short-haul,Fair,5,0.5489,3878.26,20193.83,23.1249
2023-12-18,Tanker,Steam Turbine,9.9812,1604.9428,2085.8995,68.8038,1968.3874,10.095,Calm,0.725,Transoceanic,Fair,4,0.7256,5341.04,17216.21,187.7888
2023-12-19,Fish Carrier,Diesel,15.581,1101.3124,1191.0896,69.353,1574.1207,5.9116,Rough,0.078,Transoceanic,Needs Maintenance,3,0.5208,4114.87,12859.12,88.8873
2023-12-20,Container Ship,Diesel,19.7016,1491.7912,2825.5394,77.2975,1593.9126,4.0361,Moderate,0.5501,Long-haul,Good,6,0.3987,5134.04,19669.62,93.5441
2023-12-21,Container Ship,Steam Turbine,17.3633,157.9366,2444.9067,83.8255,3328.8132,5.3104,Moderate,0.3008,Coastal,Fair,6,0.4816,3629.95,16124.92,15.4538
2023-12-22,Container Ship,Heavy Fuel Oil (HFO),12.8789,2043.8621,5756.4862,86.3312,2238.7265,9.097,Moderate,0.8601,Long-haul,Good,5,0.925,7183.71,31393.68,198.8334
2023-12-23,Bulk Carrier,Steam Turbine,8.5041,1837.0876,3113.0396,77.636,2848.4576,5.3687,Moderate,0.3455,Long-haul,Good,3,0.6006,6687.31,21681.95,231.9105
2023-12-24,Bulk Carrier,Diesel,17.4159,452.4325,4344.6546,91.0639,2302.0927,9.5277,Calm,0.8282,Coastal,Good,5,0.6709,3949.17,23249.13,35.2966
2023-12-25,Fish Carrier,Diesel,19.7704,729.2634,787.0971,45.6902,2047.2764,7.7391,Calm,0.4907,Coastal,Good,7,0.35,3974.23,9904.98,45.6208
2023-12-26,Fish Carrier,Steam Turbine,9.6389,852.1022,1760.4291,66.0754,827.2144,10.7461,Calm,0.5834,Coastal,Good,6,0.8277,2974.14,14192.42,107.0349
2023-12-27,Bulk Carrier,Heavy Fuel Oil (HFO),12.1398,2034.2681,5141.3305,82.0237,2556.4881,4.1497,Calm,0.1057,Coastal,Good,3,0.873,7064.9,29001.29,191.4468
2023-12-28,Container Ship,Steam Turbine,17.2451,1420.2868,2155.7962,55.1273,3003.4621,9.7527,Rough,0.6899,Transoceanic,Good,3,0.4205,5603.4,16171.71,105.1037
2023-12-29,Tanker,Diesel,20.1735,1143.0327,2044.9722,80.4316,2784.7972,4.3296,Moderate,0.3665,Short-haul,Good,2,0.35,5239.17,16291.63,66.3429
2023-12-30,Container Ship,Heavy Fuel Oil (HFO),9.2132,773.1211,4976.0375,58.6182,3302.0831,10.884,Calm,0.6491,Short-haul,Fair,6,0.8018,5338.38,25436.54,96.6211
2023-12-31,Fish Carrier,Diesel,20.5991,1196.0594,1948.3042,94.1953,2447.0919,9.0765,Rough,0.3864,Coastal,Good,6,0.35,4973.69,16571.45,67.7143
2024-01-01,Bulk Carrier,Heavy Fuel Oil (HFO),20.6178,148.7106,6146.4051,93.9821,3012.1742,4.0336,Calm,0.4099,Long-haul,Fair,5,0.35,4226.62,29744.38,11.4531
2024-01-02,Fish Carrier,Heavy Fuel Oil (HFO),15.1938,1413.2886,1117.5063,63.1686,1612.0736,10.9359,Rough,0.5981,Short-haul,Good,3,0.6553,4716.19,13581.74,115.86
2024-01-03,Container Ship,Heavy Fuel Oil (HFO),16.3227,160.1005,5753.673,93.3139,793.686,4.0402,Calm,0.5866,Short-haul,Good,4,0.8329,2813.39,28145.37,14.0621
2024-01-04,Container Ship,Diesel,13.3872,136.1379,3061.8067,45.1603,2278.993,8.0225,Calm,0.0271,Long-haul,Good,4,0.9719,3419.58,17173.91,15.4846
2024-01-05,Tanker,Heavy Fuel Oil (HFO),19.6151,153.5036,3716.2245,64.4627,1700.6375,7.7309,Calm,0.5939,Short-haul,Fair,1,0.35,3040.54,19745.52,16.2454
2024-01-06,Fish Carrier,Heavy Fuel Oil (HFO),14.4711,1171.0911,1351.2513,85.2644,720.2313,8.3941,Rough,0.7973,Long-haul,Good,6,0.6516,3553.55,14329.28,106.9084
2024-01-07,Tanker,Diesel,16.7849,1203.0071,4200.9009,62.9883,3269.6943,7.8099,Moderate,0.0849,Long-haul,Good,6,0.6043,6211.45,23900.81,91.2617
2024-01-08,Tanker,Heavy Fuel Oil (HFO),15.6373,1044.6735,3120.7567,68.9105,2659.7267,10.7987,Calm,0.0611,Short-haul,Fair,7,0.7311,5035.07,19907.26,88.8753
2024-01-09,Bulk Carrier,Diesel,15.6309,1774.5937,3013.0331,66.502,1411.9454,9.9763,Calm,0.6153,Short-haul,Fair,7,0.8353,5368.92,20498.9,127.7021
2024-01-10,Bulk Carrier,Heavy Fuel Oil (HFO),16.0005,456.9208,3752.3182,58.539,3229.1374,8.3051,Calm,0.8167,Short-haul,Good,7,0.6986,4246.24,20350.06,42.3222
2024-01-11,Tanker,Heavy Fuel Oil (HFO),10.1244,639.1965,2640.6125,98.7286,1598.1431,8.1246,Moderate,0.4938,Transoceanic,Good,4,0.7579,3537.13,18298.96,82.0041
2024-01-12,Container Ship,Heavy Fuel Oil (HFO),14.1273,590.9467,1400.8542,73.1367,3148.3094,7.9817,Calm,0.9918,Coastal,Fair,4,0.8574,4467.57,13388.35,50.6326
2024-01-13,Fish Carrier,Diesel,21.9634,2112.1756,1326.4635,94.3532,1056.0864,10.7891,Rough,0.0986,Coastal,Good,3,0.35,5418.91,16495.97,117.1472
2024-01-14,Bulk Carrier,Diesel,17.0456,1880.4208,5527.9387,95.4642,1323.7194,5.9279,Moderate,0.9975,Long-haul,Good,6,0.6213,6073.74,30078.71,120.9289
2024-01-15,Fish Carrier,Diesel,12.1303,1164.8842,2177.6611,75.5551,1990.0809,5.3533,Calm,0.1065,Coastal,Good,5,0.9277,4729.23,16683.0,113.4022
2024-01-16,Fish Carrier,Steam Turbine,17.8512,2062.5974,1217.4557,65.8014,1243.4977,8.2807,Calm,0.7187,Short-haul,Good,2,0.5258,5372.49,14693.66,139.2443
2024-01-17,Tanker,Diesel,9.1715,1571.6442,3326.062,89.6858,2584.9249,10.2839,Calm,0.9479,Long-haul,Fair,7,0.7916,5936.41,22055.08,195.6008
2024-01-18,Container Ship,Heavy Fuel Oil (HFO),17.9868,1345.07,8376.7177,93.5528,3207.4142,9.1581,Calm,0.9279,Coastal,Good,7,0.5766,6918.94,39789.57,86.2437
2024-01-19,Container Ship,Diesel,14.7138,663.6193,8102.5084,92.4501,2432.2887,10.6105,Calm,0.2082,Short-haul,Fair,1,0.9885,5142.56,37470.36,50.5663
2024-01-20,Container Ship,Heavy Fuel Oil (HFO),21.8327,1490.3444,3731.2821,49.646,2378.157,8.3414,Calm,0.6269,Transoceanic,Good,2,0.35,5770.37,21734.8,83.7509
2024-01-21,Bulk Carrier,Steam Turbine,13.9034,1089.4354,5046.061,88.3811,2737.5472,4.654,Rough,0.9202,Long-haul,Fair,7,0.5584,5640.27,27270.46,101.1348
2024-01-22,Bulk Carrier,Diesel,8.6727,796.2436,5494.5298,94.4165,2197.5606,6.8035,Rough,0.3464,Short-haul,Good,1,0.7549,5049.0,28360.04,107.8133
2024-01-23,Container Ship,Steam Turbine,19.0493,480.9068,4921.7789,87.5124,1845.7971,9.7197,Rough,0.7109,Coastal,Good,3,0.35,3866.58,25845.81,35.6097
2024-01-24,Fish Carrier,Steam Turbine,11.3045,253.14,994.641,69.9467,2329.504,8.763,Rough,0.8712,Coastal,Good,1,0.6735,3054.99,11015.5,30.361
2024-01-25,Bulk Carrier,Steam Turbine,17.9914,1525.9575,4685.0533,81.7209,1545.8124,6.1264,Calm,0.3551,Long-haul,Good,6,0.4638,5473.4,26318.39,101.4744
2024-01-26,Fish Carrier,Diesel,13.1517,394.9306,655.2868,71.3807,1314.3689,9.5251,Moderate,0.0853,Long-haul,Good,2,0.8919,2626.59,9433.06,37.6416
2024-01-27,Container Ship,Diesel,13.1369,2040.0468,1375.8728,51.1482,1282.3971,5.2095,Moderate,0.9638,Short-haul,Good,7,0.9892,5258.07,14437.54,180.7031
2024-01-28,Bulk Carrier,Steam Turbine,11.3768,1384.2244,5305.3705,84.2932,1662.2513,10.6305,Rough,0.2121,Transoceanic,Good,1,0.7175,5293.73,28872.06,149.6418
2024-01-29,Container Ship,Steam Turbine,18.0972,1955.0427,1260.658,74.2721,3330.1465,6.3781,Rough,0.3632,Coastal,Good,4,0.35,6925.17,14814.98,128.5125
2024-01-30,Container Ship,Heavy Fuel Oil (HFO),21.724,954.6587,4591.8364,53.9131,1993.7121,9.0084,Rough,0.3098,Short-haul,Good,7,0.35,4742.48,23784.02,57.674
2024-01-31,Fish Carrier,Diesel,14.3335,527.5639,1141.7284,74.9251,1600.0478,5.9874,Moderate,0.7997,Short-haul,Good,1,0.8643,3336.87,12253.01,42.4214
2024-02-01,Fish Carrier,Steam Turbine,8.7513,851.5721,1144.5594,57.8812,3492.1562,8.9098,Calm,0.6537,Coastal,Good,2,0.6578,4999.71,12455.63,123.6726
2024-02-02,Tanker,Heavy Fuel Oil (HFO),19.1821,1816.5661,1639.4196,54.0549,2680.9718,7.1386,Rough,0.0604,Transoceanic,Good,1,0.35,6414.65,15374.78,117.6447
2024-02-03,Container Ship,Heavy Fuel Oil (HFO),13.7331,867.2293,2094.7796,49.9914,1719.8824,10.4163,Moderate,0.0518,Short-haul,Good,2,0.8882,4058.19,15125.57,83.4738
2024-02-04,Container Ship,Heavy Fuel Oil (HFO),20.82,726.729,3228.9122,51.5737,2434.7737,5.8226,Calm,0.8021,Transoceanic,Fair,7,0.35,4509.72,18737.49,44.6057
2024-02-05,Fish Carrier,Diesel,21.1188,1648.213,1739.99,90.4445,1588.1904,5.0789,Calm,0.8238,Transoceanic,Fair,5,0.35,5226.91,16799.34,92.5887
2024-02-06,Tanker,Diesel,16.0725,2117.7913,4637.8276,75.7476,2690.995,6.8442,Calm,0.3881,Short-haul,Fair,5,0.7643,7151.89,27461.39,154.8667
2024-02-07,Container Ship,Steam Turbine,8.4478,466.8315,8705.0694,97.0573,967.6738,9.8028,Calm,0.9328,Short-haul,Fair,2,0.8089,3997.15,39194.01,70.0541
2024-02-08,Bulk Carrier,Diesel,17.0977,716.985,3836.9743,57.4736,3247.2026,7.3158,Rough,0.5609,Short-haul,Good,7,0.5334,4830.74,21212.01,52.3165
2024-02-09,Fish Carrier,Steam Turbine,10.3892,1830.9048,648.8296,50.7612,1560.436,10.7748,Calm,0.2603,Short-haul,Fair,6,0.7523,5147.47,12043.71,217.4461
2024-02-10,Bulk Carrier,Heavy Fuel Oil (HFO),19.6212,380.9819,1176.6081,46.8629,876.5853,7.8827,Moderate,0.282,Transoceanic,Fair,1,0.35,2386.9,11069.09,26.4505
2024-02-11,Bulk Carrier,Steam Turbine,16.9758,310.1248,2123.4767,87.1941,3192.2965,6.1139,Moderate,0.4673,Short-haul,Good,4,0.4662,3938.15,15558.51,24.799
2024-02-12,Tanker,Steam Turbine,19.5824,532.5496,2419.9834,99.0815,1017.892,10.7016,Calm,0.8051,Transoceanic,Good,3,0.35,3116.03,17217.92,35.9805
2024-02-13,Tanker,Diesel,15.6669,760.4651,1557.8464,49.8292,1043.1655,4.5732,Calm,0.1655,Transoceanic,Good,7,0.8161,3164.83,12600.02,64.4098
2024-02-14,Fish Carrier,Diesel,8.6362,271.4982,1216.5079,99.7387,2622.3243,7.9806,Calm,0.0965,Coastal,Fair,5,0.7795,3527.13,13115.94,42.1224
2024-02-15,Bulk Carrier,Diesel,19.2513,1231.9516,1590.0758,46.3792,2094.5451,8.0927,Moderate,0.4613,Long-haul,Good,6,0.35,4590.61,13842.38,81.0229
2024-02-16,Container Ship,Steam Turbine,10.4113,1411.4973,2663.0341,67.313,2398.3546,4.9212,Calm,0.862,Transoceanic,Good,4,0.826,5405.28,18757.75,166.4142
2024-02-17,Container Ship,Steam Turbine,15.1228,961.5125,1890.6616,60.2153,1345.6267,7.0763,Calm,0.3599,Transoceanic,Needs Maintenance,1,0.6587,3761.66,15414.29,81.2067
2024-02-18,Fish Carrier,Heavy Fuel Oil (HFO),15.7997,684.8549,962.5478,52.2533,1759.9001,10.7868,Moderate,0.7176,Coastal,Needs Maintenance,3,0.5615,3390.59,10516.13,54.6468
2024-02-19,Fish Carrier,Heavy Fuel Oil (HFO),12.5678,827.0501,459.9211,45.9842,2826.3963,4.1475,Moderate,0.5399,Short-haul,Good,7,0.7586,4260.22,9187.43,77.9778
2024-02-20,Container Ship,Steam Turbine,14.7441,1763.7609,1622.1567,45.2622,1112.8438,5.2669,Moderate,0.17,Coastal,Good,2,0.7598,4795.23,14794.3,140.5249
2024-02-21,Fish Carrier,Steam Turbine,10.0927,449.4795,813.4319,87.3111,1797.434,4.4053,Moderate,0.2143,Long-haul,Fair,5,0.7043,2995.93,11069.57,54.2865
2024-02-22,Container Ship,Steam Turbine,15.0296,1627.3028,6055.2328,76.189,927.0317,7.5582,Calm,0.0938,Long-haul,Good,5,0.8194,5367.11,31215.65,125.2296
2024-02-23,Container Ship,Heavy Fuel Oil (HFO),17.533,475.0039,2887.609,69.5629,1132.1323,4.1952,Rough,0.0513,Short-haul,Fair,3,0.5611,3068.62,18435.5,39.2449
2024-02-24,Fish Carrier,Diesel,20.0442,521.3442,1274.9211,47.8714,1293.6665,10.8482,Rough,0.8398,Short-haul,Fair,7,0.35,2975.53,10947.83,34.872
2024-02-25,Bulk Carrier,Heavy Fuel Oil (HFO),21.3127,1123.7742,7526.4773,97.4865,1696.0411,7.6317,Moderate,0.9048,Long-haul,Good,1,0.35,5019.67,36317.53,65.752
2024-02-26,Container Ship,Steam Turbine,15.4783,2053.5236,5268.0558,62.9587,2363.6002,6.0261,Calm,0.8316,Coastal,Good,4,0.7688,7224.59,29457.4,167.2368
2024-02-27,Bulk Carrier,Diesel,16.8478,424.9638,2772.5386,53.7943,2539.6585,9.2806,Moderate,0.3277,Coastal,Good,1,0.6798,3679.14,17172.94,35.6945
2024-02-28,Bulk Carrier,Diesel,12.6612,922.0557,4368.1531,93.9455,1969.2317,6.1257,Calm,0.2971,Short-haul,Fair,6,0.9723,4188.06,24691.09,90.9092
2024-02-29,Tanker,Diesel,15.2711,1871.1821,1869.3165,60.7502,2803.505,9.9412,Moderate,0.2191,Transoceanic,Fair,6,0.6771,6072.93,16328.67,132.1816
2024-03-01,Tanker,Diesel,8.2555,1798.7862,3384.6047,96.8757,3320.7265,5.3326,Moderate,0.3692,Short-haul,Fair,2,0.7411,6951.35,23051.18,240.907
2024-03-02,Container Ship,Steam Turbine,11.7879,1988.5069,6951.1386,78.9044,2096.1916,6.5549,Moderate,0.8478,Coastal,Fair,5,0.7676,7032.37,35412.53,188.6104
2024-03-03,Bulk Carrier,Steam Turbine,17.8077,1307.5946,3502.4112,68.0752,787.4395,10.6588,Moderate,0.8305,Long-haul,Fair,5,0.4058,4351.65,21548.09,86.3697
2024-03-04,Bulk Carrier,Heavy Fuel Oil (HFO),14.7155,1082.1554,3865.3839,93.032,1417.9225,9.7776,Moderate,0.5866,Short-haul,Good,1,0.8196,4403.25,23493.7,82.3479
2024-03-05,Container Ship,Heavy Fuel Oil (HFO),18.3116,2182.9696,2999.1674,54.6478,1327.9083,4.9186,Calm,0.6407,Transoceanic,Good,4,0.5543,6059.49,21254.92,154.8341
2024-03-06,Fish Carrier,Diesel,10.3524,1735.0139,2037.256,92.5905,2662.9757,5.5512,Calm,0.0678,Short-haul,Fair,4,0.8431,6353.25,17728.66,198.654
2024-03-07,Tanker,Diesel,16.0056,1570.8584,2638.8454,66.674,2746.153,8.4689,Moderate,0.4404,Transoceanic,Good,7,0.6711,6060.36,18686.66,123.4913
2024-03-08,Tanker,Steam Turbine,17.7305,1688.9432,1886.3825,72.3627,2805.2636,6.7271,Moderate,0.0194,Transoceanic,Good,2,0.3752,5955.57,16782.13,125.3705
2024-03-09,Bulk Carrier,Diesel,21.6178,345.5172,4974.2864,71.213,1400.3994,8.1078,Calm,0.4847,Transoceanic,Good,6,0.35,3441.93,25118.58,24.4038
2024-03-10,Bulk Carrier,Steam Turbine,21.6192,642.2096,3541.5326,98.2446,2852.4267,10.3853,Calm,0.9472,Long-haul,Good,4,0.35,4559.66,21424.22,37.8019
2024-03-11,Tanker,Diesel,13.4871,913.72,6297.6297,82.4569,1752.5769,5.5309,Moderate,0.4291,Coastal,Good,5,0.9003,4618.75,31464.57,86.0502
2024-03-12,Container Ship,Heavy Fuel Oil (HFO),15.6245,1187.3586,5716.8312,99.052,1193.3016,4.5772,Rough,0.1614,Long-haul,Needs Maintenance,4,0.6293,5022.82,30357.59,101.1711
2024-03-13,Bulk Carrier,Diesel,17.9314,1687.4792,5653.3286,88.8344,2863.7461,10.0566,Calm,0.2906,Transoceanic,Good,4,0.6103,7014.27,31039.16,118.2549
2024-03-14,Fish Carrier,Diesel,12.9677,1564.0122,511.1527,48.8262,1138.6096,9.3334,Moderate,0.1177,Coastal,Fair,3,0.8119,4399.14,10914.37,147.1095
2024-03-15,Container Ship,Diesel,16.3544,659.6302,1814.3917,56.7216,1864.4369,10.2337,Calm,0.535,Coastal,Good,7,0.83,3654.22,13884.49,47.1044
2024-03-16,Tanker,Heavy Fuel Oil (HFO),19.3841,243.3975,7282.5925,86.2121,1680.7691,9.5255,Moderate,0.336,Coastal,Good,5,0.35,3981.96,33271.79,17.937
2024-03-17,Container Ship,Steam Turbine,14.4652,1915.5761,3696.0911,54.0525,3118.4531,10.2216,Calm,0.4726,Coastal,Good,6,0.7787,7222.45,22910.72,160.4141
2024-03-18,Container Ship,Steam Turbine,10.5851,1097.3063,5283.336,65.115,1581.5794,4.0832,Moderate,0.681,Long-haul,Fair,4,0.7228,4730.2,26928.59,122.386
2024-03-19,Container Ship,Steam Turbine,15.8895,2115.598,1502.7296,68.4417,1832.1542,7.3798,Calm,0.9221,Transoceanic,Good,1,0.7097,6047.53,15897.26,161.4855
2024-03-20,Container Ship,Heavy Fuel Oil (HFO),18.1359,1149.0204,1398.5156,81.7311,1696.3385,5.7559,Moderate,0.6788,Long-haul,Fair,2,0.4135,4099.29,14883.08,78.5659
2024-03-21,Fish Carrier,Steam Turbine,19.3102,1229.2603,620.5276,91.0573,1355.4811,6.4956,Calm,0.064,Short-haul,Good,6,0.35,4194.34,11936.36,76.8498
2024-03-22,Tanker,Diesel,18.2937,835.2489,5583.7225,88.6693,1436.0058,6.361,Calm,0.698,Long-haul,Needs Maintenance,4,0.4585,4413.47,29071.67,56.4684
2024-03-23,Bulk Carrier,Steam Turbine,10.8137,1454.5209,3288.6947,50.7194,1202.7342,6.3502,Moderate,0.5276,Short-haul,Good,6,0.7453,4930.23,20397.02,162.5245
2024-03-24,Fish Carrier,Diesel,21.0639,1862.1824,1341.2541,63.1517,993.686,7.8443,Rough,0.7508,Transoceanic,Needs Maintenance,5,0.35,4831.84,14788.71,103.0283
2024-03-25,Tanker,Steam Turbine,11.9925,1101.7256,6213.999,88.7165,2765.3595,7.8648,Moderate,0.5075,Short-haul,Good,2,0.7602,5918.05,31150.21,108.9435
2024-03-26,Container Ship,Diesel,21.6376,248.9554,4524.9639,95.2458,3305.1071,6.41,Rough,0.944,Short-haul,Good,4,0.35,4433.42,24208.63,19.2085
2024-03-27,Fish Carrier,Diesel,15.8156,635.1684,2239.1141,96.2761,3293.4232,4.2735,Moderate,0.9755,Long-haul,Good,4,0.6596,4644.36,17019.06,52.6507
2024-03-28,Tanker,Heavy Fuel Oil (HFO),10.8231,1784.282,4029.3913,64.671,1499.7531,6.2729,Calm,0.578,Long-haul,Good,2,0.7928,5645.79,24584.9,200.3524
2024-03-29,Tanker,Heavy Fuel Oil (HFO),14.2784,1565.4976,7210.7877,96.3028,700.3368,4.1371,Calm,0.8959,Short-haul,Good,6,0.8629,5401.71,36132.51,128.7478
2024-03-30,Tanker,Heavy Fuel Oil (HFO),21.6344,2102.1232,2524.3073,85.2758,2836.8407,10.5368,Calm,0.1618,Coastal,Good,1,0.35,6965.44,19973.82,123.2664
2024-03-31,Container Ship,Heavy Fuel Oil (HFO),9.0224,1343.9188,4331.4108,60.8746,2396.9043,9.506,Calm,0.2126,Long-haul,Needs Maintenance,1,0.7722,5677.4,23870.62,165.6739
2024-04-01,Bulk Carrier,Diesel,8.2762,564.2028,6820.7687,85.8851,726.6847,7.8332,Calm,0.8564,Short-haul,Good,2,0.8959,3723.73,32203.68,77.0662
2024-04-02,Fish Carrier,Steam Turbine,14.8603,250.1657,1080.815,50.7523,998.0483,5.9614,Moderate,0.7328,Long-haul,Good,4,0.6743,2245.91,10418.94,25.1848
2024-04-03,Container Ship,Steam Turbine,9.8293,1211.2595,6954.4721,91.3807,3458.6007,5.5081,Moderate,0.3598,Long-haul,Needs Maintenance,3,0.5995,6322.44,33782.51,133.4659
2024-04-04,Bulk Carrier,Heavy Fuel Oil (HFO),10.6785,1991.8022,3565.0237,66.32,1460.4151,9.1127,Rough,0.0581,Short-haul,Good,7,0.7616,6009.3,22832.0,238.9382
2024-04-05,Bulk Carrier,Heavy Fuel Oil (HFO),8.5261,1698.5126,2886.2965,58.5791,2788.0511,7.0067,Calm,0.8477,Coastal,Good,2,0.787,6493.87,20009.51,220.4012
2024-04-06,Tanker,Steam Turbine,20.5705,1205.1555,4048.8806,63.2132,1913.6769,8.9317,Moderate,0.3838,Long-haul,Good,2,0.35,5220.45,22926.76,69.362
2024-04-07,Fish Carrier,Heavy Fuel Oil (HFO),12.8607,1910.4471,875.7162,92.7118,2504.9625,9.2784,Moderate,0.8354,Transoceanic,Good,4,0.8023,6108.88,13773.96,168.5378
2024-04-08,Fish Carrier,Steam Turbine,16.8579,1309.1407,638.3319,79.9623,852.2729,7.2525,Rough,0.0232,Long-haul,Needs Maintenance,3,0.3677,3720.98,11588.08,95.8189
2024-04-09,Container Ship,Heavy Fuel Oil (HFO),10.9859,431.0001,3486.1859,90.0456,2835.2682,5.129,Rough,0.1275,Long-haul,Good,1,0.7276,4291.97,20673.85,46.8453
2024-04-10,Container Ship,Diesel,21.2844,638.883,4069.9585,48.0908,2386.2542,6.2871,Rough,0.2951,Coastal,Good,1,0.35,4552.28,21728.39,40.9385
2024-04-11,Bulk Carrier,Diesel,8.2746,1686.7959,1505.9753,47.9373,2326.5841,10.2649,Moderate,0.2414,Coastal,Fair,3,0.7528,5751.24,14395.82,232.8342
2024-04-12,Tanker,Steam Turbine,15.2999,736.672,2918.5208,64.3417,1639.5976,8.8519,Calm,0.8415,Transoceanic,Good,3,0.6373,3918.68,18605.06,56.4074
2024-04-13,Bulk Carrier,Diesel,9.8269,956.4169,4155.431,91.6183,952.4849,6.6976,Moderate,0.6131,Long-haul,Fair,3,0.8471,4106.77,23858.42,107.832
2024-04-14,Fish Carrier,Diesel,14.3916,1147.3542,706.7949,58.4961,1773.1067,10.7572,Moderate,0.375,Long-haul,Fair,7,0.7692,4000.06,11112.27,89.7701
2024-04-15,Container Ship,Diesel,20.7803,2163.8362,2212.1296,68.8935,3434.1484,6.4923,Moderate,0.1429,Long-haul,Fair,7,0.35,7690.03,17948.3,134.3511
2024-04-16,Bulk Carrier,Heavy Fuel Oil (HFO),8.3995,614.1718,2455.9764,50.6591,1451.3352,9.4159,Moderate,0.6938,Transoceanic,Good,6,0.716,3605.6,15849.43,88.5236
2024-04-17,Container Ship,Heavy Fuel Oil (HFO),8.2953,757.8112,1908.1811,87.4734,1718.6767,4.6781,Moderate,0.4937,Transoceanic,Good,3,0.7396,3547.94,15719.03,103.2894
2024-04-18,Tanker,Diesel,9.0067,1155.8724,6258.6037,85.1078,3170.1884,7.5491,Calm,0.6417,Coastal,Good,3,0.7996,6305.32,31326.77,157.2271
2024-04-19,Tanker,Diesel,13.6529,1713.3239,3135.8661,87.0105,3092.236,10.1342,Calm,0.7872,Coastal,Fair,6,0.8848,6637.38,21230.01,156.1228
2024-04-20,Bulk Carrier,Steam Turbine,17.8878,167.5504,4789.4696,69.8414,2445.6669,4.9806,Calm,0.9383,Long-haul,Good,2,0.4594,3740.21,24251.18,18.1972
2024-04-21,Bulk Carrier,Heavy Fuel Oil (HFO),10.8609,2138.3867,1857.1991,80.5317,1483.5463,10.8999,Calm,0.2095,Short-haul,Needs Maintenance,7,0.8839,5843.29,17592.89,240.5506
2024-04-22,Bulk Carrier,Steam Turbine,17.5561,731.9109,3575.0851,98.4845,1116.1516,6.0461,Moderate,0.4432,Long-haul,Good,5,0.4482,3653.39,21579.9,51.7703
2024-04-23,Bulk Carrier,Heavy Fuel Oil (HFO),19.9591,633.7218,6052.0902,83.0492,2463.8249,5.8901,Calm,0.409,Coastal,Good,6,0.35,4807.18,30199.83,46.34
2024-04-24,Fish Carrier,Steam Turbine,18.9346,1818.7486,980.2409,81.6541,2150.4942,6.3048,Moderate,0.3013,Transoceanic,Fair,2,0.35,5546.55,14092.84,108.0567
2024-04-25,Bulk Carrier,Diesel,14.0729,1118.2888,3491.8142,89.9572,1412.4177,5.897,Calm,0.8888,Coastal,Good,1,0.9425,4213.55,21812.83,94.8158
2024-04-26,Bulk Carrier,Steam Turbine,11.8736,519.7928,3415.3502,54.1893,1944.2141,9.0886,Calm,0.3459,Transoceanic,Good,3,0.8071,3898.79,19257.73,50.9628
2024-04-27,Fish Carrier,Steam Turbine,21.8001,980.7364,2813.9908,96.714,1242.7389,5.1292,Rough,0.3325,Long-haul,Needs Maintenance,7,0.35,3867.77,19789.42,55.2161
2024-04-28,Fish Carrier,Steam Turbine,15.2495,1133.5176,2550.9923,93.4955,3163.3891,8.9857,Calm,0.7283,Coastal,Good,2,0.749,5707.31,18231.26,87.1976
2024-04-29,Container Ship,Steam Turbine,8.1709,415.6395,2036.5961,55.3258,2598.1074,7.815,Rough,0.6406,Coastal,Fair,5,0.5132,4058.39,14410.79,66.1457
2024-04-30,Bulk Carrier,Heavy Fuel Oil (HFO),10.7757,892.9175,3871.0608,72.9264,2746.0798,10.4419,Moderate,0.6163,Transoceanic,Good,5,0.775,5232.47,21793.93,101.8215
2024-05-01,Bulk Carrier,Diesel,12.4127,773.5542,5623.8131,91.9403,2328.3161,10.1018,Moderate,0.1562,Short-haul,Good,2,0.9841,4960.59,28543.66,76.3467
2024-05-02,Container Ship,Diesel,19.3465,1366.764,2156.3455,61.2429,2922.2128,7.1941,Moderate,0.7562,Long-haul,Fair,6,0.35,5965.25,17097.85,94.1175
2024-05-03,Fish Carrier,Diesel,11.7837,1137.5026,2336.7082,82.6352,2947.7816,9.0326,Rough,0.9761,Transoceanic,Good,1,0.6771,5407.89,17625.86,111.287
2024-05-04,Tanker,Diesel,17.3339,782.9326,2511.4361,83.7724,3178.4654,9.9212,Moderate,0.5939,Long-haul,Good,3,0.6248,4720.72,17496.73,54.0428
2024-05-05,Fish Carrier,Steam Turbine,15.9039,1251.1743,868.9266,66.004,2936.6298,9.9033,Moderate,0.5814,Coastal,Good,6,0.5781,5097.67,12183.22,90.9939
2024-05-06,Fish Carrier,Steam Turbine,18.5496,1442.2663,1603.0486,86.8299,924.7467,6.7355,Moderate,0.6593,Transoceanic,Needs Maintenance,4,0.35,4336.1,15283.07,92.1848
2024-05-07,Tanker,Steam Turbine,8.0455,232.9522,1863.2071,51.3053,2236.0016,5.0016,Rough,0.7529,Transoceanic,Good,4,0.4815,3090.01,13052.01,39.8982
2024-05-08,Fish Carrier,Diesel,19.4573,836.5565,1543.7106,77.2197,1537.846,10.2135,Moderate,0.6016,Transoceanic,Good,6,0.35,3877.72,13563.95,54.6131
2024-05-09,Fish Carrier,Diesel,20.516,751.6211,826.1229,82.3834,3086.1075,9.9265,Calm,0.5015,Short-haul,Good,6,0.35,4342.44,11837.3,47.197
2024-05-10,Tanker,Steam Turbine,21.7331,177.7773,1719.9683,47.0076,2821.9063,10.2227,Calm,0.9634,Coastal,Good,5,0.35,3275.27,12160.91,13.1716
2024-05-11,Tanker,Diesel,12.6893,1175.1745,2250.8736,96.0634,2867.2916,9.1612,Calm,0.359,Long-haul,Good,6,0.9331,5341.97,18400.93,104.8585
2024-05-12,Fish Carrier,Diesel,13.0387,1881.9104,2207.8345,79.2647,920.3508,9.0264,Moderate,0.4187,Long-haul,Good,7,0.8958,4905.16,19287.66,185.1678
2024-05-13,Bulk Carrier,Diesel,16.4316,1450.6732,3729.1845,57.4192,1089.8636,5.8925,Calm,0.9637,Transoceanic,Good,2,0.7243,4788.04,22277.19,115.5582
2024-05-14,Bulk Carrier,Steam Turbine,14.0543,1858.579,3564.2111,72.1087,825.1581,9.6078,Calm,0.5687,Coastal,Fair,3,0.7833,5018.65,22735.96,153.349
2024-05-15,Container Ship,Steam Turbine,8.618,1012.7195,4059.2835,98.8771,1930.5065,8.2234,Rough,0.2308,Short-haul,Good,2,0.6849,4857.28,24045.65,134.5788
2024-05-16,Tanker,Diesel,18.2414,620.5874,6700.1499,79.781,2719.8936,10.1528,Rough,0.7938,Long-haul,Good,3,0.4078,5155.48,31443.59,49.6236
2024-05-17,Tanker,Steam Turbine,14.3296,1081.3447,1297.5582,60.6694,1829.0973,4.8137,Calm,0.1466,Coastal,Fair,3,0.7484,4133.66,12757.66,88.0694
2024-05-18,Container Ship,Heavy Fuel Oil (HFO),16.6662,1772.1878,4938.611,60.629,2815.1643,4.6779,Calm,0.2309,Coastal,Good,5,0.7254,6775.0,27038.79,135.3967
2024-05-19,Bulk Carrier,Heavy Fuel Oil (HFO),18.0303,551.3098,3985.4176,63.4334,1952.5998,8.9112,Moderate,0.8119,Transoceanic,Good,6,0.4326,4096.19,21560.53,41.4068
2024-05-20,Container Ship,Steam Turbine,20.4319,242.6493,1596.7218,93.5286,2697.7124,8.6344,Moderate,0.8889,Long-haul,Fair,1,0.35,3353.36,13407.14,22.2859
2024-05-21,Bulk Carrier,Diesel,10.7482,2164.2784,2866.1796,53.1276,1911.4115,5.5698,Rough,0.2386,Long-haul,Good,1,0.7582,6198.23,20357.69,223.7117
2024-05-22,Tanker,Steam Turbine,13.6642,728.269,1520.2607,60.8703,1721.4478,10.315,Moderate,0.0872,Long-haul,Needs Maintenance,6,0.6765,3412.24,13248.35,68.8533
2024-05-23,Bulk Carrier,Heavy Fuel Oil (HFO),10.1158,2095.1343,5315.2237,79.1234,2781.1441,8.056,Moderate,0.9115,Short-haul,Fair,3,0.7388,7315.86,29709.66,247.4
2024-05-24,Bulk Carrier,Steam Turbine,14.7309,582.315,6019.9016,95.4112,2093.6075,10.9757,Moderate,0.4398,Coastal,Needs Maintenance,2,0.6717,4532.66,29793.07,50.3827
2024-05-25,Bulk Carrier,Diesel,21.1637,625.7806,2400.8983,61.5048,2960.6588,7.5082,Moderate,0.5489,Long-haul,Good,4,0.35,4369.88,16088.81,35.1028
2024-05-26,Bulk Carrier,Steam Turbine,16.3604,296.8072,3023.4474,83.72,1189.8851,10.6903,Calm,0.9694,Transoceanic,Needs Maintenance,1,0.5699,3035.16,19024.79,25.6357
2024-05-27,Container Ship,Heavy Fuel Oil (HFO),8.7839,890.7441,7580.1525,97.0237,2011.9331,9.4886,Calm,0.7876,Transoceanic,Good,7,0.8316,5021.39,36410.09,121.0332
2024-05-28,Tanker,Steam Turbine,20.1628,732.9124,2766.1806,49.8462,3357.7902,8.8196,Calm,0.8906,Transoceanic,Good,1,0.35,4927.85,17076.14,40.683
2024-05-29,Container Ship,Diesel,14.7025,1270.8335,3767.7353,94.0738,3027.1209,7.5966,Calm,0.9852,Short-haul,Good,3,0.9287,5800.91,23209.36,95.3723
2024-05-30,Bulk Carrier,Steam Turbine,9.2197,1671.1095,1348.1508,71.3652,3051.1519,10.228,Calm,0.8288,Short-haul,Fair,5,0.7285,6358.81,14595.76,214.6504
2024-05-31,Container Ship,Diesel,11.261,1525.326,3152.7317,49.0648,1304.2532,9.2374,Rough,0.0151,Short-haul,Good,2,0.9248,5022.68,20197.85,160.1163
2024-06-01,Tanker,Diesel,19.6548,877.0273,5702.2273,74.1943,1168.5846,10.9669,Moderate,0.8529,Coastal,Fair,3,0.35,4296.0,29199.62,50.3065
2024-06-02,Container Ship,Steam Turbine,17.0699,1156.2979,3297.5866,85.1051,2522.7159,8.3834,Calm,0.7234,Coastal,Fair,2,0.6111,5234.07,21425.35,85.4917
2024-06-03,Fish Carrier,Steam Turbine,15.1892,834.6026,1057.8499,64.8371,3047.0831,8.645,Moderate,0.7337,Coastal,Good,5,0.5798,4795.88,12124.24,70.1839
2024-06-04,Fish Carrier,Diesel,8.941,1810.1016,2098.0586,92.2937,1687.9762,6.8208,Calm,0.5514,Long-haul,Good,7,0.8162,5251.68,18046.83,250.7261
2024-06-05,Fish Carrier,Heavy Fuel Oil (HFO),13.174,545.9396,954.4615,75.0382,2613.1651,10.1492,Rough,0.5942,Long-haul,Good,3,0.6773,4020.68,11583.9,52.8925
2024-06-06,Bulk Carrier,Steam Turbine,8.0776,1825.4966,3376.8842,50.4998,787.2878,9.0762,Moderate,0.7326,Long-haul,Good,7,0.6678,5231.26,21069.49,277.5416
2024-06-07,Container Ship,Diesel,18.6565,1884.553,7912.5772,99.0133,1067.5635,10.8903,Calm,0.825,Short-haul,Good,4,0.6575,6090.38,38856.5,111.1947
2024-06-08,Bulk Carrier,Steam Turbine,16.0342,1137.4284,2917.8896,47.1067,826.3156,5.0177,Moderate,0.4729,Coastal,Good,6,0.61,4320.73,18753.48,86.9574
2024-06-09,Fish Carrier,Diesel,15.8571,1514.5885,1312.5724,79.9781,2339.1531,10.1015,Rough,0.7091,Short-haul,Good,3,0.658,5593.95,14445.94,108.0098
2024-06-10,Fish Carrier,Heavy Fuel Oil (HFO),16.7018,1385.4605,969.9787,90.0668,716.0288,6.5809,Moderate,0.0805,Long-haul,Good,7,0.5778,4018.23,13249.31,90.6989
2024-06-11,Container Ship,Diesel,15.7736,859.5,6160.0994,73.4074,1519.6187,5.5434,Calm,0.673,Short-haul,Fair,2,0.904,4618.06,30101.28,62.0073
2024-06-12,Bulk Carrier,Diesel,19.0734,1772.0953,2288.5355,72.0366,1746.3806,7.9974,Rough,0.5376,Coastal,Good,4,0.3599,5772.88,18053.12,117.9092
2024-06-13,Fish Carrier,Diesel,20.972,2055.6631,1247.4997,88.6027,1113.9029,5.6044,Rough,0.1455,Short-haul,Good,6,0.35,5172.63,15802.39,115.96
2024-06-14,Tanker,Steam Turbine,15.4953,1723.4579,4091.3869,51.7122,1766.3639,6.4408,Calm,0.2942,Short-haul,Fair,5,0.6585,6036.32,24135.97,138.2439
2024-06-15,Tanker,Diesel,11.1209,425.3122,3322.1818,93.4791,2035.3612,8.8608,Calm,0.0284,Long-haul,Good,4,0.9465,3555.98,20007.93,48.1513
2024-06-16,Bulk Carrier,Diesel,15.1082,1159.1809,5004.2178,86.0455,2903.798,5.7721,Calm,0.6594,Long-haul,Good,5,0.8197,5660.88,27071.91,94.6961
2024-06-17,Fish Carrier,Steam Turbine,21.2271,1446.8371,1234.8197,52.9336,2826.9828,6.8451,Calm,0.8836,Coastal,Good,6,0.35,5631.64,13556.15,79.9079
2024-06-18,Tanker,Diesel,10.3628,1711.9666,2768.9828,60.9935,2238.3181,10.3096,Moderate,0.1146,Long-haul,Good,6,0.8095,6230.98,19715.37,203.374
2024-06-19,Fish Carrier,Steam Turbine,14.0029,857.3364,661.6293,77.6384,2134.9985,9.9058,Calm,0.1805,Long-haul,Fair,4,0.7537,3943.87,11381.32,73.6384
2024-06-20,Container Ship,Heavy Fuel Oil (HFO),21.7637,1097.6072,2167.3887,65.5573,3354.1599,7.4682,Calm,0.1808,Transoceanic,Fair,3,0.35,5554.36,16147.32,60.744
2024-06-21,Container Ship,Diesel,11.3562,204.3632,4766.6679,71.2383,2612.3537,8.2223,Calm,0.3958,Transoceanic,Good,4,0.9624,3882.91,24076.14,27.3894
2024-06-22,Container Ship,Heavy Fuel Oil (HFO),18.9272,1397.105,5255.8495,78.7177,3152.1035,6.738,Calm,0.4755,Transoceanic,Fair,7,0.35,6438.22,28570.57,87.0028
2024-06-23,Container Ship,Diesel,19.2384,380.4193,7109.0735,90.5075,3196.7685,10.5086,Moderate,0.7346,Short-haul,Good,1,0.4111,4818.86,33079.75,25.7047
2024-06-24,Tanker,Diesel,18.3097,1060.9418,1850.1503,48.6851,1442.9527,7.354,Calm,0.1783,Long-haul,Good,7,0.5382,4146.95,14554.48,71.1902
2024-06-25,Tanker,Steam Turbine,13.5829,1763.4294,1558.9299,67.0499,808.0592,10.9123,Calm,0.5895,Transoceanic,Good,2,0.7933,4639.95,14997.86,145.0104
2024-06-26,Bulk Carrier,Heavy Fuel Oil (HFO),13.1098,979.3457,5339.111,94.3789,989.7861,6.6882,Moderate,0.3831,Long-haul,Fair,7,0.7797,4145.68,28322.61,88.1625
2024-06-27,Tanker,Diesel,19.2781,104.1851,4054.8292,81.6177,3137.5276,5.1459,Calm,0.2341,Transoceanic,Good,6,0.3573,3890.21,21624.43,14.0721
2024-06-28,Tanker,Diesel,16.0282,1946.1719,3136.7808,89.3642,1895.2554,9.2114,Rough,0.4529,Coastal,Good,4,0.6791,6229.33,21808.58,137.3183
2023-01-01,Bulk Carrier,Heavy Fuel Oil (HFO),17.1159,678.9725,2962.5229,47.7987,885.7294,6.2216,Calm,0.1492,Coastal,Good,5,0.6521,3475.34,17725.03,48.8021
2023-01-02,Bulk Carrier,Heavy Fuel Oil (HFO),15.2309,884.7195,4657.0493,75.3748,710.263,10.2318,Moderate,0.561,Transoceanic,Good,2,0.7706,4101.75,24934.86,72.6501
2023-01-03,Tanker,Heavy Fuel Oil (HFO),13.5719,2184.9076,2221.2608,94.8812,2224.5725,7.7095,Calm,0.1971,Short-haul,Good,5,0.9033,6527.06,19204.81,182.6033
2023-01-04,Bulk Carrier,Steam Turbine,13.5354,1357.4587,3209.7185,69.4423,3168.8783,5.1724,Moderate,0.2097,Coastal,Good,3,0.6577,5911.76,20346.36,130.4576
2023-01-05,Bulk Carrier,Steam Turbine,10.1609,1680.7055,2347.5222,89.3564,2344.1419,6.89,Moderate,0.7168,Short-haul,Good,7,0.7099,5568.17,18865.38,186.8178
2023-01-06,Bulk Carrier,Steam Turbine,20.3158,340.4503,5427.8764,70.9056,1824.825,10.5901,Calm,0.0465,Coastal,Good,2,0.35,3778.94,26124.51,26.8113
2023-01-07,Container Ship,Steam Turbine,10.5295,162.1698,2362.9887,83.7217,1220.6313,8.38,Calm,0.1479,Long-haul,Good,1,0.9351,2660.66,15479.74,20.2402
2023-01-08,Fish Carrier,Diesel,13.6381,648.066,521.9121,62.5724,2706.0064,7.9235,Calm,0.4218,Long-haul,Good,7,0.8419,3873.31,9758.52,63.6967
2023-01-09,Tanker,Heavy Fuel Oil (HFO),21.5587,1493.5499,1492.7735,45.551,983.2432,5.6543,Moderate,0.1773,Transoceanic,Good,5,0.35,4211.01,13891.19,93.5127
2023-01-10,Bulk Carrier,Steam Turbine,16.0543,1657.8494,1225.5467,48.9304,1421.9902,8.0495,Moderate,0.4949,Coastal,Good,6,0.6506,5011.76,13024.22,118.9151
2023-01-11,Tanker,Steam Turbine,15.5449,153.9308,5137.8545,71.617,2905.6943,6.3544,Moderate,0.9616,Transoceanic,Good,5,0.5134,3970.92,24916.11,15.8664
2023-01-12,Fish Carrier,Diesel,21.8583,1312.7318,1674.5428,85.2578,2898.7671,5.4215,Moderate,0.943,Short-haul,Needs Maintenance,1,0.35,5419.5,15777.1,70.1514
2023-01-13,Tanker,Steam Turbine,9.7244,116.7167,1335.1099,45.772,3202.2564,8.8757,Moderate,0.683,Short-haul,Fair,4,0.6144,3344.61,10549.25,17.7279
2023-01-14,Container Ship,Heavy Fuel Oil (HFO),12.1772,451.1635,5842.0362,70.7791,3102.8178,7.4044,Moderate,0.169,Coastal,Fair,3,0.8465,4906.65,28861.22,47.0058
2023-01-15,Bulk Carrier,Diesel,16.1367,1302.1038,2739.718,99.4876,1994.8642,4.3396,Calm,0.3275,Long-haul,Good,6,0.8289,5042.0,19261.37,90.248
2023-01-16,Fish Carrier,Diesel,11.7943,921.1163,1383.0124,99.4031,1209.7501,5.3575,Rough,0.7099,Long-haul,Good,7,0.8399,3299.4,15071.51,101.561
2023-01-17,Container Ship,Diesel,10.1232,258.6169,7156.1084,88.341,816.2554,8.5381,Moderate,0.5143,Long-haul,Good,1,0.9358,3384.02,33393.1,35.0762
2023-01-18,Tanker,Diesel,16.0287,1835.1575,3484.9499,63.4746,2219.7586,7.4946,Moderate,0.7207,Short-haul,Good,1,0.679,6438.6,22024.61,137.921
2023-01-19,Fish Carrier,Steam Turbine,13.0622,923.2506,1858.9946,99.3181,1843.0431,9.8765,Rough,0.3486,Transoceanic,Fair,3,0.6269,4124.65,16201.58,88.2505
2023-01-20,Fish Carrier,Diesel,19.3303,1091.0734,994.6659,59.7497,1017.6409,10.6226,Calm,0.1304,Coastal,Good,2,0.4225,3464.82,12138.03,67.1838
2023-01-21,Fish Carrier,Steam Turbine,12.4734,1851.5033,1504.6716,59.3673,2149.453,6.3513,Calm,0.5143,Transoceanic,Fair,7,0.7246,5886.01,14589.25,191.7387
2023-01-22,Tanker,Steam Turbine,15.6812,1181.5897,5484.3701,90.7977,3125.6589,6.1317,Calm,0.28,Long-haul,Good,1,0.6427,6165.92,29416.19,91.5037
2023-01-23,Fish Carrier,Diesel,15.9195,1305.0511,1816.8884,72.4323,843.0251,10.6892,Calm,0.503,Long-haul,Good,1,0.8222,4086.75,15703.3,93.6029
2023-01-24,Container Ship,Heavy Fuel Oil (HFO),12.8393,1285.1578,3701.3062,87.8065,3322.5276,8.8731,Moderate,0.5879,Transoceanic,Good,1,0.8216,6052.17,22734.74,113.0034
2023-01-25,Fish Carrier,Steam Turbine,9.1057,462.8844,453.1284,49.8572,3052.3971,9.8475,Moderate,0.3261,Coastal,Good,6,0.6003,3681.55,8639.18,62.0192
2023-01-26,Container Ship,Steam Turbine,8.2562,1551.673,3252.0173,58.5741,2049.6728,8.7484,Calm,0.846,Transoceanic,Fair,4,0.6789,5915.9,20935.91,225.1847
2023-01-27,Tanker,Diesel,12.3072,610.9964,3684.5826,95.8383,987.2609,4.5272,Calm,0.5558,Transoceanic,Good,4,0.9654,3428.06,21715.02,69.6461
2023-01-28,Fish Carrier,Diesel,19.5384,278.0523,788.7804,98.7203,2201.2014,6.9739,Calm,0.4572,Short-haul,Good,3,0.3761,3135.02,10769.45,23.5341
2023-01-29,Tanker,Diesel,11.9512,1662.5258,7313.7332,94.424,2547.3279,4.0118,Calm,0.5251,Long-haul,Good,7,0.9263,6628.83,36865.32,153.5265
2023-01-30,Tanker,Diesel,19.5041,1969.0181,3529.5448,49.9034,3413.2457,9.48,Moderate,0.2802,Long-haul,Good,3,0.35,7300.29,22292.7,119.5002
2023-01-31,Container Ship,Steam Turbine,18.1152,2146.4222,3883.6707,58.7019,1139.5489,10.0546,Calm,0.5914,Transoceanic,Fair,6,0.5001,5990.55,24123.57,131.3087
2023-02-01,Fish Carrier,Diesel,17.5926,1455.9352,1914.3704,95.1299,1406.4159,6.5964,Rough,0.924,Coastal,Good,6,0.4851,4464.84,17661.78,100.9317
2023-02-02,Tanker,Steam Turbine,11.1143,1695.1856,2685.1055,47.5874,1596.122,6.7435,Moderate,0.0834,Long-haul,Good,4,0.7576,5301.59,18854.45,173.0052
2023-02-03,Fish Carrier,Diesel,17.4822,761.7125,949.5741,61.3292,774.5882,9.0341,Calm,0.4387,Short-haul,Good,3,0.6566,2986.37,11614.91,55.2585
2023-02-04,Container Ship,Diesel,10.9368,696.1867,5302.3081,70.9823,2048.2343,9.5168,Moderate,0.3051,Transoceanic,Fair,6,0.8858,4340.57,26823.76,72.6236
2023-02-05,Bulk Carrier,Diesel,18.7854,2132.9389,1248.4073,50.8086,1482.844,8.998,Moderate,0.6125,Transoceanic,Fair,7,0.35,5646.65,14180.01,139.164
2023-02-06,Bulk Carrier,Steam Turbine,15.72,472.7669,4418.0926,95.2124,2265.2773,7.3054,Calm,0.9845,Coastal,Good,2,0.6718,3764.63,24624.32,38.6518
2023-02-07,Bulk Carrier,Diesel,9.0392,2073.755,3298.3991,83.42,2891.5548,9.1741,Calm,0.8926,Long-haul,Good,1,0.8544,7172.21,22744.69,257.0766
2023-02-08,Tanker,Steam Turbine,14.7685,338.5306,1811.7912,85.9693,2557.5414,5.3517,Calm,0.1255,Short-haul,Good,1,0.7713,3509.78,14356.56,32.5122
2023-02-09,Tanker,Steam Turbine,21.1212,788.3034,3026.8674,99.0003,1571.9653,7.8146,Moderate,0.5659,Transoceanic,Fair,4,0.35,4085.25,20335.88,53.0205
2023-02-10,Bulk Carrier,Heavy Fuel Oil (HFO),12.4242,284.0757,4533.8481,67.4085,1745.5159,7.5946,Moderate,0.5787,Coastal,Good,5,0.8698,3115.61,22877.82,28.2892
2023-02-11,Bulk Carrier,Heavy Fuel Oil (HFO),21.2566,1835.7303,1441.7715,67.1307,2560.188,4.3033,Rough,0.818,Long-haul,Good,5,0.35,5940.52,15183.74,106.8537
2023-02-12,Tanker,Heavy Fuel Oil (HFO),14.7512,331.8177,3172.3305,86.2508,2656.3166,10.7636,Rough,0.8032,Coastal,Fair,6,0.6566,3729.24,19143.69,31.0284
2023-02-13,Tanker,Heavy Fuel Oil (HFO),10.7541,1079.2872,2828.9041,96.8441,2003.8832,9.2302,Moderate,0.2682,Short-haul,Good,3,0.8641,4494.91,19809.84,127.1934
2023-02-14,Tanker,Steam Turbine,16.3476,904.0677,5111.2506,67.9633,2834.7895,9.1243,Moderate,0.0761,Transoceanic,Needs Maintenance,5,0.3782,5279.92,26487.11,67.512
2023-02-15,Fish Carrier,Steam Turbine,12.0931,1236.5653,940.0206,52.3617,3392.7281,7.4736,Moderate,0.0125,Long-haul,Good,7,0.6427,5487.62,11654.77,127.3574
2023-02-16,Container Ship,Diesel,12.4003,1322.2584,4223.3184,75.9121,3015.0751,9.898,Moderate,0.6886,Short-haul,Fair,1,0.9652,6026.21,24872.82,133.5015
2023-02-17,Fish Carrier,Heavy Fuel Oil (HFO),21.2624,1805.5654,684.7531,63.8278,1887.5842,7.1639,Rough,0.9393,Short-haul,Needs Maintenance,4,0.35,5256.22,12404.25,99.5488
2023-02-18,Container Ship,Diesel,20.5311,928.0129,6088.9822,98.4598,3002.095,7.1559,Moderate,0.5234,Transoceanic,Good,6,0.35,5769.2,30790.05,57.9362
2023-02-19,Tanker,Diesel,14.7529,2138.3118,5798.3466,94.7685,2429.3744,9.4055,Moderate,0.8382,Coastal,Fair,1,0.8054,7442.63,32134.26,167.6489
2023-02-20,Bulk Carrier,Heavy Fuel Oil (HFO),9.4182,903.9967,4551.4009,68.083,2045.1457,9.4029,Calm,0.4549,Coastal,Good,5,0.8034,4693.48,24625.69,121.1545
2023-02-21,Container Ship,Heavy Fuel Oil (HFO),15.9028,1773.003,2622.0579,86.4906,3185.2151,4.3128,Rough,0.4727,Transoceanic,Good,6,0.5696,6694.92,20284.05,135.2386
2023-02-22,Fish Carrier,Steam Turbine,16.6611,2088.5671,1661.6576,82.7164,1519.4855,10.1492,Moderate,0.3819,Coastal,Good,4,0.5728,5730.56,16981.91,138.4217
2023-02-23,Tanker,Heavy Fuel Oil (HFO),8.7011,646.7357,4252.9688,92.4458,1639.6269,5.2764,Rough,0.1515,Short-haul,Needs Maintenance,2,0.6277,3625.03,23917.08,82.6278
2023-02-24,Tanker,Steam Turbine,9.8974,218.0374,2039.3725,52.9158,2708.7261,10.997,Moderate,0.9301,Coastal,Good,4,0.6569,3482.2,13849.96,29.9053
2023-02-25,Tanker,Heavy Fuel Oil (HFO),8.3854,1490.0814,3434.5802,66.3286,1048.258,10.6895,Moderate,0.4834,Transoceanic,Fair,2,0.6543,4832.44,21824.12,216.3828
2023-02-26,Fish Carrier,Steam Turbine,17.4409,1615.724,1733.165,90.7434,1881.3823,6.854,Moderate,0.1637,Coastal,Fair,7,0.4317,5291.5,16585.58,122.8118
2023-02-27,Tanker,Diesel,20.009,1589.11,5779.147,78.1255,1428.6644,7.8545,Moderate,0.8929,Long-haul,Good,5,0.35,5523.92,30703.56,96.2325
2023-02-28,Fish Carrier,Steam Turbine,14.5578,1550.0221,1103.7893,81.8847,2007.8704,6.5828,Calm,0.4292,Coastal,Needs Maintenance,4,0.6612,5088.3,14095.77,121.4714
2023-03-01,Container Ship,Diesel,8.1385,2025.6644,5174.1283,87.0219,1076.9211,4.7164,Moderate,0.3397,Long-haul,Fair,7,0.7903,5886.6,29080.94,291.9339
2023-03-02,Fish Carrier,Steam Turbine,19.8301,1223.83,470.994,73.0822,1805.0337,10.2617,Calm,0.8376,Coastal,Fair,5,0.35,4327.46,11147.58,81.02
2023-03-03,Bulk Carrier,Diesel,18.8057,436.1638,2063.7213,64.3093,1851.1703,10.4587,Rough,0.1858,Short-haul,Good,1,0.4197,3445.46,14764.86,28.0503
2023-03-04,Fish Carrier,Diesel,16.1338,1369.3356,1150.3909,93.1478,1413.4447,9.9987,Calm,0.0274,Short-haul,Fair,6,0.8582,4634.62,13922.33,103.465
2023-03-05,Container Ship,Steam Turbine,14.8697,908.4004,6602.9011,86.1784,2270.278,6.4393,Calm,0.8803,Coastal,Fair,6,0.7504,5152.47,32520.77,68.7483
2023-03-06,Fish Carrier,Heavy Fuel Oil (HFO),9.079,467.249,1113.0369,69.8535,2137.2965,7.684,Calm,0.9185,Coastal,Fair,2,0.7435,3347.91,11363.67,65.3073
2023-03-07,Container Ship,Diesel,20.4418,1551.0036,1776.124,87.1538,2325.2477,6.2115,Rough,0.0257,Long-haul,Needs Maintenance,6,0.35,5798.64,16568.64,98.9021
2023-03-08,Fish Carrier,Steam Turbine,20.4402,245.9608,1032.1618,47.8157,2666.42,9.0678,Calm,0.3829,Coastal,Fair,1,0.35,3369.08,10548.15,19.7063
2023-03-09,Container Ship,Diesel,10.3188,440.2528,1439.7305,46.0281,2897.7596,10.4385,Moderate,0.0867,Coastal,Good,6,0.917,3936.35,12055.81,54.939
2023-03-10,Bulk Carrier,Heavy Fuel Oil (HFO),17.4825,1584.2866,2469.1297,49.382,2346.7448,4.9987,Moderate,0.541,Long-haul,Needs Maintenance,4,0.3641,5763.6,17672.23,115.1246
2023-03-11,Bulk Carrier,Heavy Fuel Oil (HFO),17.3881,1159.0871,1740.4382,89.7366,2767.3537,8.3163,Calm,0.2817,Long-haul,Good,6,0.5669,5179.82,15536.2,77.757
2023-03-12,Fish Carrier,Diesel,15.3286,1888.2902,2152.3862,80.6774,1400.7427,8.7084,Moderate,0.3351,Coastal,Good,6,0.7916,5391.95,18979.45,137.8335
2023-03-13,Container Ship,Diesel,18.0475,1470.4128,5516.3229,73.8742,1126.2504,9.7095,Calm,0.4437,Coastal,Good,1,0.7461,4980.28,29396.0,93.9546
2023-03-14,Tanker,Heavy Fuel Oil (HFO),15.8276,1041.9891,7505.0015,98.5311,1625.6696,10.6218,Moderate,0.7586,Transoceanic,Fair,5,0.6597,5059.71,36176.83,75.383
2023-03-15,Container Ship,Diesel,18.0301,124.2705,8406.0404,98.5976,2156.595,10.0922,Calm,0.4803,Coastal,Fair,7,0.6965,4111.67,37193.42,11.5052
2023-03-16,Fish Carrier,Steam Turbine,9.6082,1390.5852,2158.8949,77.9606,1754.842,9.8228,Moderate,0.8724,Transoceanic,Good,2,0.6914,4919.53,17257.14,177.9462
2023-03-17,Bulk Carrier,Diesel,21.4139,1920.5447,3307.1031,91.3815,3282.6174,4.8354,Moderate,0.218,Short-haul,Fair,4,0.35,6846.21,22531.07,115.4923
2023-03-18,Bulk Carrier,Steam Turbine,17.155,1275.906,2692.3607,96.0291,2725.122,10.9969,Moderate,0.9157,Long-haul,Good,1,0.5113,5777.6,19182.72,84.9588
2023-03-19,Fish Carrier,Heavy Fuel Oil (HFO),13.8141,560.7166,998.2093,55.7324,3300.4981,9.6862,Calm,0.4736,Long-haul,Good,7,0.7753,4299.21,10801.48,49.8624
2023-03-20,Fish Carrier,Diesel,18.141,993.4862,1140.0348,77.951,3486.4389,7.6467,Moderate,0.0185,Coastal,Fair,2,0.4139,5372.85,12886.87,72.7682
2023-03-21,Fish Carrier,Steam Turbine,13.5028,2106.179,784.3443,55.3853,2329.241,4.0381,Calm,0.6258,Short-haul,Good,5,0.7826,6319.59,13172.73,189.8818
2023-03-22,Container Ship,Steam Turbine,8.4085,843.1231,5211.4819,81.6078,2203.3676,8.6692,Calm,0.408,Long-haul,Good,1,0.8012,4873.87,27175.05,113.7418
2023-03-23,Container Ship,Steam Turbine,21.6647,1549.5329,7393.0631,85.9798,910.9046,9.7333,Rough,0.0464,Transoceanic,Fair,6,0.35,5419.37,36555.54,83.5792
2023-03-24,Fish Carrier,Steam Turbine,11.1319,446.5189,2396.5889,90.1835,1344.4549,6.8534,Moderate,0.8484,Short-haul,Good,6,0.8098,3140.85,17096.35,49.0369
2023-03-25,Bulk Carrier,Heavy Fuel Oil (HFO),9.4786,1891.5727,2406.2278,83.5263,907.7501,5.0852,Moderate,0.0859,Long-haul,Needs Maintenance,1,0.6787,5210.57,19513.7,217.7929
2023-03-26,Bulk Carrier,Steam Turbine,20.6356,173.9314,2275.0996,67.2187,2142.6991,6.3573,Calm,0.2659,Long-haul,Good,3,0.35,3163.61,14943.2,14.4967
2023-03-27,Container Ship,Steam Turbine,21.5255,1880.2885,1463.5409,45.3793,1977.6589,6.668,Calm,0.405,Transoceanic,Fair,2,0.35,6259.09,14538.53,98.2891
2023-03-28,Bulk Carrier,Diesel,8.1672,108.1824,1996.8953,84.737,985.908,7.4653,Moderate,0.6566,Coastal,Good,1,0.7865,2369.45,14263.12,18.7995
2023-03-29,Tanker,Diesel,11.2998,1485.1887,1465.1543,57.9804,3389.5345,10.0203,Moderate,0.3515,Short-haul,Fair,3,0.8035,6201.77,14246.08,147.224
2023-03-30,Tanker,Heavy Fuel Oil (HFO),20.6961,1729.8678,4089.0591,65.933,2398.1335,6.6147,Calm,0.0982,Transoceanic,Good,1,0.35,6440.74,23925.01,98.0019
2023-03-31,Fish Carrier,Diesel,8.109,625.0421,1188.3735,94.8328,2784.0953,10.3352,Calm,0.8245,Transoceanic,Good,4,0.7337,4203.13,13104.97,96.8659
2023-04-01,Bulk Carrier,Steam Turbine,20.3524,153.2465,2109.3211,89.5692,1177.8565,4.6877,Calm,0.7455,Long-haul,Fair,4,0.35,2380.03,15176.99,11.2247
2023-04-02,Container Ship,Diesel,20.1074,277.7219,4579.2484,71.1049,1508.6743,8.686,Calm,0.2394,Long-haul,Good,4,0.3936,3339.99,23088.97,19.7995
2023-04-03,Tanker,Steam Turbine,16.0903,1179.4175,4972.3423,64.9922,3303.7691,6.2466,Calm,0.3188,Transoceanic,Good,2,0.5731,6131.7,25912.15,92.7618
2023-04-04,Bulk Carrier,Heavy Fuel Oil (HFO),21.014,706.7558,3882.3962,74.7313,1523.6708,9.2975,Calm,0.7306,Short-haul,Good,4,0.35,3712.81,21954.9,45.35
2023-04-05,Bulk Carrier,Steam Turbine,11.4751,1143.4583,3961.5855,64.5514,746.8446,7.8206,Rough,0.8679,Transoceanic,Good,2,0.6501,3984.29,22923.9,121.1682
2023-04-06,Fish Carrier,Steam Turbine,16.4428,822.3639,2384.9874,84.9015,3182.4441,8.2578,Moderate,0.3541,Long-haul,Needs Maintenance,7,0.4047,4990.12,17398.38,59.7762
2023-04-07,Fish Carrier,Diesel,16.8825,1520.7606,1257.0084,46.1313,2463.1392,6.9947,Calm,0.2446,Short-haul,Good,5,0.6573,5526.77,13143.61,100.8481
2023-04-08,Fish Carrier,Heavy Fuel Oil (HFO),19.6736,1735.4188,1168.8717,79.9082,1296.2785,8.3416,Calm,0.4108,Coastal,Fair,4,0.35,4838.04,14704.89,107.7583
2023-04-09,Fish Carrier,Heavy Fuel Oil (HFO),16.0499,647.9866,914.8475,57.2119,925.7423,10.9125,Calm,0.9889,Long-haul,Fair,2,0.6534,2912.48,10912.65,45.9212
2023-04-10,Bulk Carrier,Diesel,14.8473,501.443,6122.5765,97.0933,2774.0595,9.4775,Moderate,0.559,Coastal,Good,7,0.8379,4678.46,30281.28,43.739
2023-04-11,Bulk Carrier,Steam Turbine,15.1308,1164.8194,3542.5846,46.7863,2220.1984,5.5761,Rough,0.5324,Transoceanic,Needs Maintenance,6,0.4076,5010.53,21111.64,86.4447
2023-04-12,Bulk Carrier,Heavy Fuel Oil (HFO),16.343,686.7498,4545.0179,58.4872,3151.9639,5.737,Calm,0.3166,Short-haul,Good,2,0.6832,4964.49,24250.82,52.3144
2023-04-13,Container Ship,Steam Turbine,10.1391,137.1973,7440.8917,95.2064,2403.2879,6.6574,Rough,0.5359,Short-haul,Good,7,0.764,3924.45,34142.03,22.3579
2023-04-14,Fish Carrier,Steam Turbine,9.3322,1242.1634,1130.2443,65.7295,3137.577,6.1061,Calm,0.3862,Short-haul,Good,4,0.7237,5550.72,12840.16,155.5903
2023-04-15,Bulk Carrier,Diesel,20.4219,1452.8928,3436.0574,81.1007,2034.3821,9.9135,Calm,0.9974,Coastal,Good,5,0.35,5469.48,22111.52,84.2384
2023-04-16,Fish Carrier,Steam Turbine,16.1785,247.3744,651.881,63.9235,1327.1788,5.4586,Calm,0.1979,Transoceanic,Good,3,0.6256,2562.83,9934.78,20.192
2023-04-17,Bulk Carrier,Diesel,19.0619,1787.5557,4561.9178,99.4899,1071.9807,8.6886,Calm,0.3705,Long-haul,Good,7,0.5368,5380.47,27295.88,112.1303
2023-04-18,Fish Carrier,Steam Turbine,18.286,2191.2135,2964.7004,98.9848,2441.5546,4.3848,Calm,0.7416,Coastal,Good,3,0.4445,6928.18,22189.52,150.2601
2023-04-19,Tanker,Diesel,12.1244,1335.1775,2897.1353,49.1441,1127.7004,10.1113,Calm,0.69,Transoceanic,Good,6,0.9229,4383.89,18691.93,138.2166
2023-04-20,Fish Carrier,Steam Turbine,14.5185,1934.3187,974.0215,47.5542,3093.6812,7.5978,Rough,0.7044,Short-haul,Good,7,0.5698,6858.6,13441.14,152.4283
2023-04-21,Container Ship,Heavy Fuel Oil (HFO),13.4583,540.0295,4071.2267,91.8232,2289.4406,5.7458,Calm,0.0831,Short-haul,Needs Maintenance,1,0.8852,4258.38,22527.36,53.9821
2023-04-22,Bulk Carrier,Heavy Fuel Oil (HFO),15.4556,444.2929,2078.3399,46.8201,2540.0899,10.853,Rough,0.2322,Short-haul,Needs Maintenance,2,0.5611,3736.44,14167.04,37.1143
2023-04-23,Fish Carrier,Steam Turbine,8.2698,267.9319,365.3797,49.7645,2817.05,5.5021,Moderate,0.1583,Short-haul,Good,4,0.5596,3367.64,8050.58,39.2532
2023-04-24,Bulk Carrier,Heavy Fuel Oil (HFO),14.1352,678.9745,3172.6698,80.7578,3496.6667,7.0911,Calm,0.9472,Long-haul,Good,7,0.7768,4989.21,19625.61,60.5282
2023-04-25,Tanker,Heavy Fuel Oil (HFO),13.2019,1283.208,4492.5094,63.467,2583.9087,4.6507,Calm,0.4386,Coastal,Needs Maintenance,7,0.775,5816.59,24851.89,116.4039
2023-04-26,Bulk Carrier,Diesel,14.7719,1865.7516,7195.3064,99.1685,2634.573,5.9882,Moderate,0.2004,Coastal,Good,1,0.7932,7201.34,36675.67,144.9428
2023-04-27,Bulk Carrier,Steam Turbine,8.1467,1189.945,5135.3674,81.4708,1464.9888,5.1165,Moderate,0.7812,Short-haul,Good,4,0.6111,5019.29,27724.74,179.9833
2023-04-28,Bulk Carrier,Steam Turbine,16.0662,267.494,1975.725,81.4947,2165.5031,7.6353,Moderate,0.0765,Transoceanic,Good,4,0.6232,3082.24,14813.31,23.303
2023-04-29,Fish Carrier,Heavy Fuel Oil (HFO),19.369,1248.3404,1884.3652,98.0931,3482.0903,9.8065,Moderate,0.146,Transoceanic,Good,5,0.35,5873.89,16672.06,78.0613
2023-04-30,Fish Carrier,Heavy Fuel Oil (HFO),21.1624,937.828,653.8186,80.2564,925.3411,8.7489,Rough,0.7687,Coastal,Fair,4,0.35,3251.33,11772.04,53.3695
2023-05-01,Bulk Carrier,Steam Turbine,14.3394,1061.8511,1276.5563,52.7327,962.8069,9.4724,Calm,0.2008,Transoceanic,Fair,6,0.7659,3524.88,12856.13,85.1141
2023-05-02,Tanker,Steam Turbine,11.0781,1984.156,1566.1948,68.2337,3441.0168,6.4335,Moderate,0.6256,Transoceanic,Good,2,0.6451,6866.66,15618.09,224.8468
2023-05-03,Container Ship,Diesel,18.2267,924.1716,3388.1564,93.2186,2764.9523,6.9575,Calm,0.9043,Coastal,Needs Maintenance,2,0.5312,4545.43,20864.87,61.451
2023-05-04,Fish Carrier,Diesel,8.0776,1287.351,2065.2556,89.1063,2932.5547,4.2812,Calm,0.3969,Long-haul,Good,3,0.7884,5495.59,16980.33,192.1631
2023-05-05,Bulk Carrier,Diesel,11.5759,2163.7615,5080.7936,73.4078,711.1538,6.8047,Moderate,0.8205,Long-haul,Good,5,0.8901,5473.07,28969.55,208.7361
2023-05-06,Fish Carrier,Steam Turbine,12.1799,1036.4847,1900.7513,94.923,3138.4188,5.4855,Moderate,0.6938,Transoceanic,Good,5,0.6755,5171.38,16450.57,101.4
2023-05-07,Container Ship,Diesel,15.8612,1939.1249,6853.9786,85.9315,2621.1373,10.8919,Moderate,0.2836,Transoceanic,Good,1,0.8105,7276.3,34842.65,137.185
2023-05-08,Container Ship,Diesel,14.6045,1892.1295,1681.5686,90.2627,2566.2857,5.8446,Calm,0.4969,Long-haul,Needs Maintenance,7,0.8304,6235.95,17221.84,159.0465
2023-05-09,Container Ship,Heavy Fuel Oil (HFO),19.5212,1743.0761,5026.7948,61.8951,769.7489,10.0474,Calm,0.5493,Transoceanic,Good,4,0.4128,4947.89,27079.27,111.2443
2023-05-10,Tanker,Steam Turbine,14.9052,1163.1479,3645.2802,75.0718,1137.4942,5.3297,Calm,0.7909,Coastal,Good,4,0.7842,4287.46,21343.75,96.7341
2023-05-11,Bulk Carrier,Steam Turbine,13.4158,1811.4048,5131.7359,99.179,1919.3305,4.5941,Rough,0.1501,Transoceanic,Good,3,0.7047,6102.65,28716.03,144.8807
2023-05-12,Container Ship,Steam Turbine,9.4712,1550.3853,4384.0834,96.5772,1819.4627,8.5452,Calm,0.7204,Coastal,Fair,4,0.8309,5517.81,25994.5,195.059
2023-05-13,Tanker,Diesel,8.4868,1342.1165,6830.0538,99.6249,711.8323,6.4083,Calm,0.4356,Short-haul,Good,5,0.8779,5102.2,34137.19,191.9624
2023-05-14,Bulk Carrier,Steam Turbine,19.0786,1694.6302,5485.2776,73.8643,2255.7039,7.4357,Rough,0.4341,Long-haul,Fair,1,0.35,6512.81,29775.67,98.2302
2023-05-15,Tanker,Diesel,17.5165,519.9203,1470.8904,50.0331,1479.6124,7.2449,Moderate,0.5583,Coastal,Fair,1,0.5179,2977.95,11858.48,44.0853
2023-05-16,Container Ship,Steam Turbine,19.3737,1882.396,2991.2453,59.5749,1533.398,4.3973,Calm,0.6674,Coastal,Good,3,0.35,5482.33,20261.64,107.2789
2023-05-17,Bulk Carrier,Heavy Fuel Oil (HFO),8.3959,1885.5729,3814.8852,51.4461,1321.8608,5.9659,Moderate,0.8324,Short-haul,Good,6,0.6648,5508.74,23671.76,272.0664
2023-05-18,Container Ship,Steam Turbine,9.9524,2032.7893,2707.3003,80.0162,2414.8176,7.3407,Moderate,0.2732,Coastal,Fair,4,0.7397,6737.75,20246.81,232.6871
2023-05-19,Tanker,Heavy Fuel Oil (HFO),17.8367,316.6977,7800.5056,95.0247,1295.0155,6.1123,Moderate,0.1418,Coastal,Good,1,0.4953,3816.79,35497.7,26.356
2023-05-20,Container Ship,Steam Turbine,9.8649,742.9449,1668.1075,96.9388,820.1276,4.3695,Calm,0.8428,Short-haul,Fair,1,0.8736,2708.61,15094.44,86.1625
2023-05-21,Bulk Carrier,Heavy Fuel Oil (HFO),11.1766,966.7502,2154.7779,70.2355,2208.944,9.3593,Moderate,0.0912,Coastal,Good,5,0.8171,4673.06,16161.42,95.8254
2023-05-22,Bulk Carrier,Steam Turbine,11.8134,2120.9159,2118.8692,84.8901,2401.3187,6.0884,Rough,0.9687,Long-haul,Needs Maintenance,2,0.5666,6593.88,18393.69,216.8396
2023-05-23,Bulk Carrier,Diesel,20.746,849.2503,5339.8206,95.2156,896.304,8.8615,Moderate,0.1112,Coastal,Good,4,0.35,4014.03,28585.5,53.2059
2023-05-24,Bulk Carrier,Steam Turbine,10.8648,1250.6645,3981.467,66.8302,3153.9603,5.8726,Calm,0.8265,Transoceanic,Fair,6,0.6776,5876.5,22923.4,126.8842
2023-05-25,Bulk Carrier,Diesel,13.7179,1147.1616,1582.0205,54.5154,1749.6907,7.8154,Calm,0.764,Short-haul,Fair,3,0.9135,4217.35,14330.37,100.8509
2023-05-26,Tanker,Heavy Fuel Oil (HFO),10.1254,526.1031,4320.9627,55.1561,1254.0458,8.959,Calm,0.3812,Long-haul,Fair,6,0.7789,3684.86,22401.02,58.9206
2023-05-27,Container Ship,Diesel,11.6102,1702.4291,6504.6493,83.2553,726.191,9.0305,Calm,0.5532,Short-haul,Needs Maintenance,5,0.984,5238.2,33307.69,173.8718
2023-05-28,Container Ship,Heavy Fuel Oil (HFO),15.2201,2034.9878,1752.0762,58.4509,1900.1633,8.3532,Rough,0.063,Coastal,Good,4,0.6967,6132.55,16172.48,163.0931
2023-05-29,Container Ship,Heavy Fuel Oil (HFO),11.3426,994.1584,4391.4191,52.7492,3197.1013,8.7586,Rough,0.7673,Short-haul,Good,4,0.7829,5891.58,23521.29,110.2546
2023-05-30,Bulk Carrier,Steam Turbine,9.7823,625.2658,3998.1718,66.2714,1830.7189,5.3564,Moderate,0.9128,Coastal,Good,2,0.7168,3727.49,21777.15,82.8231
2023-05-31,Tanker,Heavy Fuel Oil (HFO),9.1123,275.3658,3990.4341,55.4944,2430.3904,7.9902,Calm,0.1612,Coastal,Good,4,0.7936,3738.38,20734.08,42.7577
2023-06-01,Bulk Carrier,Heavy Fuel Oil (HFO),18.6341,902.0655,2546.8828,70.3166,3260.2307,6.6922,Rough,0.543,Short-haul,Fair,2,0.35,5331.73,17803.17,63.2268
2023-06-02,Fish Carrier,Steam Turbine,12.5515,193.2678,2151.7075,88.9683,2565.9534,9.7146,Calm,0.7976,Long-haul,Good,4,0.7629,3412.42,15350.03,22.4488
2023-06-03,Container Ship,Diesel,14.5836,1566.4449,5769.236,89.2575,1874.9596,8.7591,Moderate,0.8057,Long-haul,Good,7,0.9044,5974.71,30093.3,133.9854
2023-06-04,Tanker,Heavy Fuel Oil (HFO),16.3597,752.1977,3773.872,61.2162,3418.9389,5.9923,Moderate,0.8342,Transoceanic,Good,2,0.5366,5183.9,20929.35,55.2627
2023-06-05,Bulk Carrier,Steam Turbine,18.1301,938.4536,2786.2056,74.8309,3492.7184,10.0399,Calm,0.0434,Short-haul,Good,7,0.4875,5504.94,18648.7,64.4304
2023-06-06,Tanker,Diesel,19.9829,380.4388,6590.8564,97.4026,3424.0738,8.4739,Moderate,0.507,Long-haul,Good,1,0.35,5374.51,31336.54,24.9536
2023-06-07,Fish Carrier,Diesel,18.525,1440.6731,1272.3867,84.9314,1341.6463,6.3933,Calm,0.8523,Transoceanic,Needs Maintenance,2,0.4023,4308.7,14826.98,88.6248
2023-06-08,Bulk Carrier,Steam Turbine,19.0057,488.9406,5844.3002,92.1395,1730.7609,4.8388,Moderate,0.2402,Short-haul,Good,7,0.3749,3602.48,29360.1,37.561
2023-06-09,Fish Carrier,Diesel,17.8301,886.0853,1049.5499,57.8131,2843.0989,8.1675,Moderate,0.7901,Transoceanic,Fair,5,0.4351,4554.87,11836.89,67.9683
2023-06-10,Container Ship,Steam Turbine,8.466,866.45,5409.1063,95.2292,3057.7458,4.9524,Calm,0.8415,Transoceanic,Good,3,0.6839,5440.2,27999.4,121.3528
2023-06-11,Container Ship,Steam Turbine,11.4786,868.7313,2877.6994,86.0505,1109.1328,4.3581,Calm,0.6264,Transoceanic,Good,4,0.9498,3897.37,18798.63,98.3867
2023-06-12,Tanker,Diesel,9.6716,1892.6913,5582.663,91.0787,1455.857,7.9025,Calm,0.3764,Short-haul,Fair,4,0.9546,6070.95,30688.13,221.4921
2023-06-13,Tanker,Heavy Fuel Oil (HFO),8.7546,910.5571,3028.0181,72.6454,3242.0252,4.139,Calm,0.2264,Transoceanic,Fair,7,0.687,5331.51,19426.46,122.9432
2023-06-14,Tanker,Heavy Fuel Oil (HFO),11.8172,976.3536,6442.4779,92.6095,3338.4462,7.899,Moderate,0.8042,Transoceanic,Good,4,0.7683,6105.73,32114.93,90.6299
2023-06-15,Fish Carrier,Steam Turbine,8.2113,2124.3992,1622.6909,99.8347,840.9999,10.7569,Moderate,0.4727,Transoceanic,Good,1,0.6189,5022.06,17379.64,287.2149
2023-06-16,Fish Carrier,Steam Turbine,19.0752,2089.9987,786.129,75.3855,1020.6603,10.4723,Calm,0.8938,Short-haul,Fair,6,0.35,5170.38,13761.91,140.2092
2023-06-17,Tanker,Steam Turbine,9.7838,1958.3984,6356.8017,90.7349,2241.4302,6.9584,Moderate,0.6873,Coastal,Good,4,0.7263,6660.06,33731.56,249.497
2023-06-18,Tanker,Diesel,8.1395,211.2981,2505.3865,64.5141,946.7059,5.6038,Moderate,0.5517,Coastal,Good,3,0.74,2599.98,16050.79,33.5582
2023-06-19,Fish Carrier,Diesel,20.7713,2184.5515,760.3687,55.4582,1110.0268,6.0354,Moderate,0.1091,Coastal,Good,6,0.35,5437.18,13037.22,126.6065
2023-06-20,Fish Carrier,Steam Turbine,18.2482,1289.2815,1838.7804,97.04,1188.5963,5.6791,Moderate,0.2047,Coastal,Good,6,0.4256,4264.0,16286.35,89.0687
2023-06-21,Tanker,Diesel,21.9052,663.591,4749.3881,97.8449,3085.7967,10.1471,Moderate,0.6195,Transoceanic,Needs Maintenance,4,0.35,4905.73,25961.16,36.4327
2023-06-22,Fish Carrier,Heavy Fuel Oil (HFO),8.0693,1469.5676,1562.3268,58.7746,2522.853,4.4337,Moderate,0.8057,Short-haul,Fair,7,0.5664,5551.38,14359.58,220.904
2023-06-23,Fish Carrier,Steam Turbine,8.4426,2197.625,310.6234,49.1941,1399.7985,6.8601,Calm,0.6161,Short-haul,Needs Maintenance,1,0.6171,5575.4,11155.13,325.4541
2023-06-24,Container Ship,Heavy Fuel Oil (HFO),11.9884,106.8631,2233.6163,62.3759,3155.9093,9.4228,Moderate,0.8431,Coastal,Good,2,0.8397,3775.97,14992.65,14.8015
2023-06-25,Bulk Carrier,Steam Turbine,20.3356,115.9022,2249.0456,64.448,2817.8396,8.4782,Moderate,0.1328,Short-haul,Good,4,0.35,3420.1,14868.02,9.9384
2023-06-26,Bulk Carrier,Diesel,12.1773,1753.1871,2705.2504,72.889,1612.6124,10.6599,Moderate,0.789,Transoceanic,Fair,6,0.8538,5458.98,19289.07,173.36
2023-06-27,Fish Carrier,Heavy Fuel Oil (HFO),18.0954,1133.7266,1380.2131,48.9676,2590.7449,8.2525,Moderate,0.0408,Coastal,Fair,4,0.3867,4857.71,13358.92,68.9492
2023-06-28,Container Ship,Heavy Fuel Oil (HFO),16.1274,537.6868,1911.2817,48.7414,1527.8138,5.9186,Rough,0.6643,Short-haul,Fair,4,0.6383,3377.28,13617.16,43.6932
2023-06-29,Container Ship,Steam Turbine,21.5576,403.3458,6245.653,87.4916,2608.66,6.2691,Moderate,0.9795,Coastal,Good,5,0.35,4330.0,29760.26,27.4506
2023-06-30,Bulk Carrier,Heavy Fuel Oil (HFO),20.7251,953.2066,4089.0088,65.5283,1459.4186,6.7464,Calm,0.0301,Long-haul,Fair,7,0.35,4377.23,23201.13,63.5134
2023-07-01,Container Ship,Heavy Fuel Oil (HFO),13.0508,345.2256,4330.4272,94.4973,1920.4263,8.221,Moderate,0.6721,Long-haul,Good,4,0.8398,3582.4,23773.36,32.1074
2023-07-02,Bulk Carrier,Steam Turbine,12.5443,1541.0521,3512.8958,97.5345,1829.0114,7.5433,Moderate,0.5744,Long-haul,Good,5,0.8145,5720.53,22366.57,158.5149
2023-07-03,Bulk Carrier,Steam Turbine,8.4419,683.6265,2523.8145,97.6651,2189.5771,6.4242,Calm,0.2518,Long-haul,Good,3,0.7197,3917.76,18142.21,95.2951
2023-07-04,Fish Carrier,Diesel,18.1468,1604.0177,619.8905,48.0233,874.7272,5.5326,Calm,0.5862,Long-haul,Good,3,0.5159,4241.1,11391.95,117.3689
2023-07-05,Container Ship,Steam Turbine,17.4225,145.1044,6280.4227,87.1958,1872.5877,10.4743,Rough,0.7526,Transoceanic,Fair,6,0.3855,3532.39,30053.12,12.1027
2023-07-06,Tanker,Diesel,11.2897,2119.3143,1941.6524,65.8577,2376.0199,9.424,Calm,0.9174,Coastal,Good,4,0.9153,6719.05,17183.03,211.2956
2023-07-07,Tanker,Diesel,8.6273,880.3471,5496.6045,82.9379,1680.4172,7.0567,Calm,0.4963,Short-haul,Fair,7,0.7786,4375.84,27757.01,112.4531
2023-07-08,Container Ship,Heavy Fuel Oil (HFO),14.5847,1498.3926,2402.0031,71.1012,3169.6737,10.9872,Calm,0.7718,Coastal,Good,3,0.8418,6341.6,17971.25,126.2552
2023-07-09,Container Ship,Diesel,17.8135,1579.7239,2677.4312,46.9525,2604.7102,10.725,Calm,0.8839,Short-haul,Good,2,0.7193,5914.33,17988.26,102.7402
2023-07-10,Container Ship,Diesel,14.9949,897.7658,755.7915,46.5245,877.9768,7.0433,Calm,0.6864,Coastal,Needs Maintenance,6,0.9049,3137.78,10384.39,67.7297
2023-07-11,Tanker,Diesel,16.035,1238.1234,4318.2598,61.4417,748.5284,4.538,Moderate,0.0717,Long-haul,Fair,4,0.6352,4150.43,23844.16,102.7975
2023-07-12,Tanker,Steam Turbine,10.3248,1487.3263,6008.9335,73.9077,2388.3901,4.5568,Calm,0.3115,Short-haul,Good,3,0.8436,6359.48,31237.52,177.682
2023-07-13,Container Ship,Diesel,17.5602,181.7279,1931.0434,69.4139,2890.7202,8.8585,Moderate,0.9472,Long-haul,Good,2,0.5367,3549.7,13988.21,19.3268
2023-07-14,Fish Carrier,Steam Turbine,8.4406,365.4224,905.8647,72.2404,1434.1304,6.0924,Calm,0.0796,Short-haul,Good,2,0.6696,2430.62,10807.55,61.2119
2023-07-15,Fish Carrier,Steam Turbine,9.8919,886.4,1246.4187,54.2988,1655.1454,10.067,Calm,0.0711,Long-haul,Fair,1,0.7723,3639.27,12627.94,110.1743
2023-07-16,Tanker,Diesel,10.9898,830.3522,1399.5809,51.8115,2537.4474,5.7089,Calm,0.1397,Long-haul,Needs Maintenance,2,0.7773,4116.9,12935.07,97.07
2023-07-17,Bulk Carrier,Steam Turbine,18.3778,877.9069,2814.4357,49.2128,2146.3652,4.2097,Calm,0.5724,Coastal,Needs Maintenance,2,0.35,4358.32,17806.37,60.184
2023-07-18,Bulk Carrier,Diesel,16.5032,2077.1343,5923.9738,86.6976,3229.8465,5.0728,Moderate,0.5638,Coastal,Fair,6,0.6109,7833.19,31723.22,161.7057
2023-07-19,Fish Carrier,Diesel,17.0202,2190.2126,1241.9315,65.3091,2709.9261,4.0586,Calm,0.9787,Short-haul,Needs Maintenance,5,0.5838,6861.31,15000.07,158.9988
2023-07-20,Tanker,Steam Turbine,11.9719,648.6613,4860.5753,84.7276,2474.4444,6.6711,Moderate,0.5143,Coastal,Good,1,0.7548,4387.22,25415.55,72.0536
2023-07-21,Tanker,Diesel,20.7012,636.859,4657.5329,59.4988,2331.9656,4.2588,Rough,0.3012,Coastal,Fair,4,0.35,4387.14,23677.06,40.7751
2023-07-22,Bulk Carrier,Heavy Fuel Oil (HFO),15.1329,974.818,4594.9184,90.9194,2208.5711,5.765,Rough,0.3404,Transoceanic,Good,3,0.6414,4645.2,25265.84,76.345
2023-07-23,Container Ship,Steam Turbine,11.6481,1532.9835,6484.186,98.9252,3172.5702,6.6446,Moderate,0.8052,Transoceanic,Good,6,0.7527,7200.68,33371.17,153.544
2023-07-24,Fish Carrier,Heavy Fuel Oil (HFO),9.629,639.3552,1388.5025,63.6668,3048.8349,8.1251,Calm,0.0115,Transoceanic,Good,3,0.7754,4459.27,13296.08,83.7618
2023-07-25,Fish Carrier,Diesel,14.0887,1783.9738,2478.1039,83.6598,2600.919,9.0393,Moderate,0.0663,Short-haul,Good,1,0.8262,6273.67,19155.98,156.5449
2023-07-26,Container Ship,Heavy Fuel Oil (HFO),20.7585,1319.9853,4892.7083,57.1413,1694.5037,8.3108,Moderate,0.8605,Coastal,Fair,1,0.35,4856.71,26281.16,76.3326
2023-07-27,Container Ship,Diesel,17.5489,212.7399,6712.3424,90.1968,1278.4787,9.7082,Calm,0.9444,Coastal,Good,3,0.8367,3023.37,31374.9,22.4287
2023-07-28,Tanker,Steam Turbine,9.3524,2156.9231,2773.158,94.1893,3013.4095,4.3401,Calm,0.3317,Transoceanic,Fair,5,0.6674,7410.2,21552.32,288.9185
2023-07-29,Container Ship,Diesel,21.3957,1192.378,6299.9307,75.1409,1872.6375,10.7642,Rough,0.3718,Coastal,Good,3,0.35,5554.9,31045.94,64.6048
2023-07-30,Tanker,Diesel,18.9265,1246.013,3412.8259,50.944,3250.6354,9.7514,Calm,0.6887,Short-haul,Good,2,0.4588,6208.86,20320.81,81.1049
2023-07-31,Bulk Carrier,Diesel,18.3611,1276.7459,2076.4168,77.7902,1910.0533,6.5979,Moderate,0.7338,Short-haul,Good,5,0.5234,4517.94,17088.87,83.8253
2023-08-01,Tanker,Diesel,9.5546,1851.4077,6968.9531,85.924,2367.2992,5.4147,Moderate,0.8759,Short-haul,Good,6,0.8941,6932.42,35287.0,240.4395
2023-08-02,Container Ship,Heavy Fuel Oil (HFO),18.1363,796.2622,4387.9989,58.4849,2613.5537,7.1625,Calm,0.6639,Coastal,Fair,1,0.5002,4923.55,23697.46,57.4234
2023-08-03,Tanker,Diesel,11.4097,1283.3082,2060.2306,72.8157,1964.9228,9.3025,Calm,0.9425,Short-haul,Good,6,0.9636,4893.81,16365.22,144.1664
2023-08-04,Bulk Carrier,Diesel,15.2774,800.9767,2940.5592,67.9756,2546.6432,6.7328,Rough,0.4422,Transoceanic,Good,2,0.6637,4383.28,18521.21,64.5556
2023-08-05,Bulk Carrier,Steam Turbine,16.3622,1600.6122,4230.5752,79.59,2976.8508,7.4991,Rough,0.9049,Transoceanic,Good,5,0.4196,6665.03,24939.35,116.1306
2023-08-06,Bulk Carrier,Diesel,9.8243,111.4689,5405.2604,84.3503,2679.1777,5.8253,Calm,0.3953,Long-haul,Good,3,0.9292,3604.94,26489.98,20.1576
2023-08-07,Container Ship,Steam Turbine,12.2718,902.1061,7437.3011,92.9978,3058.9319,9.7713,Rough,0.752,Short-haul,Good,3,0.7153,5893.81,35444.81,89.2578
2023-08-08,Container Ship,Steam Turbine,19.1721,563.8463,8093.1798,91.7936,1495.9776,8.7334,Rough,0.6594,Long-haul,Good,1,0.35,4286.13,37158.28,42.3143
2023-08-09,Container Ship,Steam Turbine,18.9543,1767.5781,6041.8751,82.7909,1642.5494,8.3914,Moderate,0.3148,Short-haul,Fair,1,0.378,6037.78,31738.02,104.1023
2023-08-10,Fish Carrier,Steam Turbine,8.077,2020.4896,655.5423,95.6843,2631.3261,5.6577,Moderate,0.8452,Coastal,Good,7,0.5866,6564.18,13738.3,309.4423
2023-08-11,Tanker,Heavy Fuel Oil (HFO),11.2312,2105.3129,3176.6049,54.6394,3495.8887,9.3222,Rough,0.0379,Long-haul,Good,6,0.6657,7961.88,21768.15,227.0023
2023-08-12,Fish Carrier,Steam Turbine,16.7928,1871.355,1313.2957,60.367,2320.5352,6.8529,Moderate,0.0018,Coastal,Good,7,0.5173,5902.5,14729.06,126.2473
2023-08-13,Container Ship,Diesel,17.9694,446.6383,2389.8923,54.8391,3158.5749,5.1065,Calm,0.9716,Coastal,Good,7,0.5996,4151.7,15464.69,32.1147
2023-08-14,Fish Carrier,Steam Turbine,14.9287,765.584,983.2219,78.9684,1799.1777,4.6517,Rough,0.6904,Short-haul,Needs Maintenance,1,0.4672,3474.5,12086.56,63.4237
2023-08-15,Tanker,Steam Turbine,19.9837,1490.2435,2263.5545,62.8018,1037.6829,8.5681,Moderate,0.6477,Long-haul,Fair,6,0.35,4171.68,16992.2,94.5859
2023-08-16,Bulk Carrier,Heavy Fuel Oil (HFO),16.3242,1476.4791,6774.1777,95.682,2748.5276,9.697,Calm,0.6909,Coastal,Fair,1,0.7022,6665.8,34442.6,114.0454
2023-08-17,Container Ship,Diesel,10.039,1413.7446,4448.0037,72.2132,1913.5278,6.5766,Calm,0.6481,Short-haul,Good,6,0.9933,5298.71,25220.05,166.954
2023-08-18,Container Ship,Diesel,13.7683,1634.0074,2098.2899,91.2332,3201.9396,4.9964,Moderate,0.8176,Short-haul,Good,5,0.8999,6521.87,17750.93,128.4323
2023-08-19,Container Ship,Heavy Fuel Oil (HFO),10.3111,1721.8479,5050.8158,66.7822,1890.9257,7.8367,Moderate,0.4726,Long-haul,Fair,5,0.8294,5728.61,27292.17,210.3542
2023-08-20,Bulk Carrier,Steam Turbine,9.9737,1573.3883,2462.5715,68.5711,1792.4817,10.8666,Moderate,0.6566,Long-haul,Fair,3,0.7035,5191.45,18539.14,197.268
2023-08-21,Fish Carrier,Steam Turbine,12.0658,1840.1513,1390.5522,60.5761,2026.5395,4.2492,Calm,0.6637,Coastal,Good,4,0.81,5572.92,14281.04,175.974
2023-08-22,Container Ship,Steam Turbine,9.3332,1829.532,5317.0499,61.3765,1283.4716,8.2802,Calm,0.1383,Transoceanic,Good,5,0.7958,5827.92,28736.56,216.2656
2023-08-23,Bulk Carrier,Steam Turbine,13.0852,643.4253,3575.1038,63.7382,2961.4577,7.0598,Calm,0.7342,Long-haul,Good,7,0.7678,4545.24,20444.04,60.7199
2023-08-24,Container Ship,Steam Turbine,20.2585,1679.9327,6246.7404,99.0012,2277.2325,10.2144,Moderate,0.1401,Coastal,Good,6,0.35,6518.51,32700.24,96.0036
2023-08-25,Container Ship,Diesel,15.9846,698.2761,3442.1072,91.1814,1362.4566,8.3683,Moderate,0.5733,Transoceanic,Fair,6,0.7607,3750.14,20870.99,54.9995
2023-08-26,Tanker,Steam Turbine,12.4908,1458.0395,6176.5955,74.2303,2587.1344,8.9711,Calm,0.0671,Short-haul,Fair,4,0.8213,6521.78,32298.09,132.5207
2023-08-27,Fish Carrier,Steam Turbine,10.2981,352.4742,1578.9707,58.4547,994.8175,4.5846,Moderate,0.9784,Long-haul,Good,4,0.7272,2505.1,12863.08,45.8531
2023-08-28,Tanker,Diesel,19.3754,525.27,2802.964,61.2426,1983.6619,10.2691,Calm,0.3652,Short-haul,Fair,7,0.3896,3821.02,18143.25,32.5653
2023-08-29,Tanker,Diesel,10.7324,1526.8424,3566.7426,70.147,2660.3006,8.5971,Calm,0.1226,Long-haul,Fair,7,0.8433,5901.88,22532.25,182.1398
2023-08-30,Fish Carrier,Heavy Fuel Oil (HFO),11.4106,850.888,670.4622,76.3697,1844.6056,7.9956,Calm,0.5992,Coastal,Good,5,0.8851,3698.86,11245.28,97.4503
2023-08-31,Fish Carrier,Diesel,12.4178,823.7877,1818.2037,60.6438,1952.5465,6.0279,Calm,0.4997,Long-haul,Good,2,0.8883,3992.38,14367.63,76.1037
2023-09-01,Bulk Carrier,Heavy Fuel Oil (HFO),18.8151,194.7529,3012.232,96.1987,3050.8853,9.4593,Rough,0.0998,Transoceanic,Good,6,0.35,3561.14,18692.52,15.475
2023-09-02,Bulk Carrier,Steam Turbine,12.3644,733.1837,6530.2413,97.6374,3096.1768,10.3118,Moderate,0.3059,Coastal,Good,7,0.762,5226.15,32526.64,75.4081
2023-09-03,Container Ship,Heavy Fuel Oil (HFO),10.011,306.8289,4138.8452,66.3005,3353.9217,10.8592,Calm,0.4188,Transoceanic,Good,2,0.864,4373.57,22192.83,44.4339
2023-09-04,Container Ship,Heavy Fuel Oil (HFO),17.3278,968.38,3198.4267,68.7865,1687.3752,9.6123,Moderate,0.9898,Long-haul,Needs Maintenance,4,0.5155,4390.75,19875.75,70.2076
2023-09-05,Tanker,Diesel,11.5756,2021.4005,2933.0891,59.6666,1435.1625,10.8949,Rough,0.4554,Long-haul,Fair,3,0.7263,5704.81,20377.25,201.9275
2023-09-06,Fish Carrier,Steam Turbine,11.4196,1190.6902,543.0375,86.1799,1682.0046,9.3495,Moderate,0.9694,Coastal,Needs Maintenance,1,0.6787,4019.09,11105.07,123.5229
2023-09-07,Bulk Carrier,Steam Turbine,10.7895,1521.3662,1703.26,78.9809,3360.6522,6.5485,Moderate,0.7412,Coastal,Good,1,0.7565,6363.83,16237.57,153.6888
2023-09-08,Fish Carrier,Steam Turbine,8.7699,722.7411,625.3501,80.3273,2590.7847,5.4085,Calm,0.0036,Coastal,Needs Maintenance,2,0.5992,4151.66,11460.44,97.0935
2023-09-09,Bulk Carrier,Steam Turbine,15.2091,141.7061,3139.2659,59.4128,3134.267,8.0787,Moderate,0.7091,Coastal,Good,4,0.6022,3935.17,18061.21,16.5796
2023-09-10,Container Ship,Steam Turbine,16.3772,398.8022,2990.4654,90.5774,2621.5656,6.3566,Moderate,0.9167,Long-haul,Good,6,0.6066,3761.89,19264.06,35.5543
2023-09-11,Container Ship,Steam Turbine,16.4063,377.68,2928.7918,80.2045,1177.2127,6.0654,Calm,0.7334,Coastal,Good,4,0.7083,3043.17,18112.94,27.051
2023-09-12,Container Ship,Heavy Fuel Oil (HFO),9.2497,1067.3595,5440.2358,64.3637,2242.5598,5.7492,Moderate,0.5711,Transoceanic,Good,6,0.7468,5223.31,27077.02,131.0968
2023-09-13,Bulk Carrier,Heavy Fuel Oil (HFO),9.6726,1882.3208,1425.7818,51.8072,1368.1291,9.7041,Moderate,0.2393,Long-haul,Good,4,0.8247,5371.85,14277.36,212.8876
2023-09-14,Bulk Carrier,Diesel,15.0591,1214.5923,2151.8129,46.8276,3452.4219,6.5903,Moderate,0.3097,Transoceanic,Good,6,0.6975,5989.61,15571.04,96.5489
2023-09-15,Bulk Carrier,Heavy Fuel Oil (HFO),8.2102,2116.2927,3200.8568,59.5139,2504.2299,6.2603,Calm,0.8086,Coastal,Good,7,0.7183,7052.31,22015.86,309.3882
2023-09-16,Bulk Carrier,Heavy Fuel Oil (HFO),13.4505,956.3805,4514.8769,58.3418,1158.1687,4.4868,Rough,0.1899,Transoceanic,Good,2,0.7241,4044.92,24173.51,92.304
2023-09-17,Container Ship,Diesel,8.5914,819.5516,3777.8435,53.0192,2713.4592,6.404,Moderate,0.5273,Transoceanic,Good,1,0.7542,4976.5,21188.8,122.1548
2023-09-18,Bulk Carrier,Steam Turbine,9.0214,236.9092,2767.1928,74.0453,1354.3891,10.8095,Calm,0.7433,Long-haul,Good,3,0.7861,2978.9,17146.17,37.2247
2023-09-19,Tanker,Steam Turbine,8.3686,1125.3278,3568.6531,72.1764,3072.1647,9.943,Calm,0.2688,Long-haul,Good,5,0.668,5602.39,21506.99,158.1324
2023-09-20,Fish Carrier,Steam Turbine,15.8121,871.1678,1003.474,47.5844,1446.2071,10.0018,Moderate,0.0448,Short-haul,Good,7,0.6397,3694.12,10909.92,67.6671
2023-09-21,Fish Carrier,Steam Turbine,9.6794,1697.4823,1334.6872,70.7805,2913.8116,10.5773,Moderate,0.9998,Long-haul,Good,2,0.6302,5957.53,14342.58,207.6804
2023-09-22,Tanker,Diesel,8.5575,1181.0223,3523.7261,90.4456,2171.5632,8.4003,Rough,0.8902,Short-haul,Good,3,0.7387,5120.46,22622.77,168.4437
2023-09-23,Bulk Carrier,Steam Turbine,14.212,2021.669,1356.8933,59.1724,2981.1698,10.5348,Calm,0.4441,Transoceanic,Good,6,0.7532,6638.26,14892.34,165.2813
2023-09-24,Container Ship,Steam Turbine,16.1247,702.7079,3972.0592,80.7952,2304.6386,4.6844,Calm,0.7122,Long-haul,Needs Maintenance,3,0.5904,4424.58,22193.34,55.1847
2023-09-25,Fish Carrier,Heavy Fuel Oil (HFO),13.3784,1639.7528,1256.3204,69.8915,1574.1605,10.5846,Calm,0.6707,Short-haul,Fair,1,0.88,5003.14,14771.75,136.2299
2023-09-26,Tanker,Diesel,18.75,2005.6087,4313.0706,63.5351,1351.5957,7.3639,Rough,0.3835,Coastal,Good,4,0.35,5953.16,25368.78,125.4407
2023-09-27,Container Ship,Diesel,15.8641,272.2795,4849.5513,93.7936,3217.0625,8.8254,Calm,0.1013,Long-haul,Good,6,0.8431,4520.15,25514.35,22.6532
2023-09-28,Container Ship,Steam Turbine,20.8231,1118.4395,3435.2326,57.4227,2399.8882,4.1422,Moderate,0.4457,Coastal,Good,2,0.35,5183.07,20507.37,62.9779
2023-09-29,Container Ship,Steam Turbine,21.4408,1661.2267,2254.2559,95.5442,2420.1365,9.2126,Rough,0.9899,Transoceanic,Needs Maintenance,1,0.35,5864.35,18410.5,92.9556
2023-09-30,Bulk Carrier,Heavy Fuel Oil (HFO),10.7771,205.9516,5802.5778,86.3047,3165.3581,4.779,Calm,0.5185,Short-haul,Fair,5,0.8366,4400.56,28672.13,23.3044
2023-10-01,Fish Carrier,Diesel,19.4947,1503.1152,1637.1079,74.82,2286.3991,5.9746,Moderate,0.64,Transoceanic,Fair,3,0.35,5329.98,15696.19,101.8961
2023-10-02,Fish Carrier,Diesel,13.0736,627.1867,975.5244,63.6465,1963.4676,5.5925,Moderate,0.5207,Short-haul,Fair,4,0.7715,4074.23,11054.66,58.2077
